{"type": "FeatureCollection", "features": [{"type": "Feature", "properties": {"numero": 1, "nombre": "URBANIZACION LAS ACACIAS", "area_ha": 20.569737471773145, "catastro_2014": "No encontrado"}, "geometry": {"type": "Polygon", "coordinates": [[[-78.678447, -1.639226], [-78.68062, -1.636565], [-78.677684, -1.635223], [-78.676971, -1.633778], [-78.676638, -1.634146], [-78.676391, -1.63433], [-78.676081, -1.634395], [-78.675733, -1.634384], [-78.675612, -1.634506], [-78.675177, -1.634749], [-78.675136, -1.634872], [-78.675157, -1.634971], [-78.675284, -1.635136], [-78.67531, -1.635321], [-78.675159, -1.635582], [-78.675171, -1.636641], [-78.675018, -1.636917], [-78.675009, -1.63743], [-78.674819, -1.637571], [-78.678447, -1.639226]]]}}, {"type": "Feature", "properties": {"numero": 2, "nombre": "SANTA ANA DE TAPI", "area_ha": 20.33626607944024, "catastro_2014": "No encontrado"}, "geometry": {"type": "MultiPolygon", "coordinates": [[[[-78.673426, -1.638699], [-78.673411, -1.638687], [-78.673365, -1.638656], [-78.673426, -1.638699]]], [[[-78.677341, -1.632063], [-78.677299, -1.63227], [-78.677303, -1.632619], [-78.677176, -1.632855], [-78.677195, -1.633014], [-78.677398, -1.633192], [-78.677455, -1.633349], [-78.677309, -1.633525], [-78.676971, -1.633778], [-78.677684, -1.635223], [-78.68062, -1.636565], [-78.680914, -1.636179], [-78.681007, -1.635978], [-78.681114, -1.635461], [-78.68108, -1.634729], [-78.680721, -1.631361], [-78.678838, -1.631229], [-78.67793, -1.631082], [-78.677772, -1.631385], [-78.677757, -1.631628], [-78.677341, -1.632063]]]]}}, {"type": "Feature", "properties": {"numero": 3, "nombre": "EL RETAMAL", "area_ha": 26.4186971258324, "catastro_2014": "Existe"}, "geometry": {"type": "Polygon", "coordinates": [[[-78.675001, -1.659556], [-78.674767, -1.659994], [-78.674512, -1.660186], [-78.673997, -1.65966], [-78.674786, -1.658869], [-78.67221, -1.65613], [-78.673129, -1.654775], [-78.673558, -1.653902], [-78.673452, -1.653769], [-78.674406, -1.653012], [-78.675478, -1.654529], [-78.676826, -1.652466], [-78.676209, -1.651641], [-78.67607, -1.651378], [-78.672624, -1.650147], [-78.672146, -1.650846], [-78.673121, -1.651166], [-78.672703, -1.652781], [-78.672188, -1.652392], [-78.671856, -1.654018], [-78.671473, -1.65378], [-78.671181, -1.654235], [-78.67183, -1.654667], [-78.671845, -1.654997], [-78.671644, -1.655687], [-78.671403, -1.656852], [-78.67153, -1.657009], [-78.671217, -1.657257], [-78.671357, -1.657455], [-78.671419, -1.657687], [-78.671489, -1.6583], [-78.671826, -1.658895], [-78.672518, -1.658351], [-78.674216, -1.660626], [-78.675341, -1.659781], [-78.675328, -1.659736], [-78.675001, -1.659556]]]}}, {"type": "Feature", "properties": {"numero": 4, "nombre": "COPERATIVA SULTANA DE LOS ANDES", "area_ha": 14.431437485293118, "catastro_2014": "Existe"}, "geometry": {"type": "Polygon", "coordinates": [[[-78.674216, -1.660626], [-78.672518, -1.658351], [-78.671716, -1.658985], [-78.67153, -1.66004], [-78.671193, -1.660458], [-78.670932, -1.661662], [-78.670988, -1.661943], [-78.671313, -1.662734], [-78.671418, -1.662826], [-78.671805, -1.66292], [-78.672744, -1.662591], [-78.675152, -1.661907], [-78.674983, -1.661659], [-78.675159, -1.661566], [-78.675151, -1.660213], [-78.675341, -1.659781], [-78.674216, -1.660626]]]}}, {"type": "Feature", "properties": {"numero": 5, "nombre": "LOURDES ALTO", "area_ha": 32.79939932641678, "catastro_2014": "No encontrado"}, "geometry": {"type": "Polygon", "coordinates": [[[-78.670591, -1.655978], [-78.668894, -1.657312], [-78.666971, -1.663231], [-78.666764, -1.663626], [-78.666399, -1.66407], [-78.666846, -1.665148], [-78.667062, -1.665416], [-78.667915, -1.664769], [-78.668839, -1.664189], [-78.671805, -1.66292], [-78.671418, -1.662826], [-78.671313, -1.662734], [-78.670988, -1.661943], [-78.670932, -1.661662], [-78.671193, -1.660458], [-78.67153, -1.66004], [-78.671716, -1.658985], [-78.671826, -1.658895], [-78.671511, -1.65837], [-78.671419, -1.657687], [-78.671357, -1.657455], [-78.671217, -1.657257], [-78.67153, -1.657009], [-78.670591, -1.655978]]]}}, {"type": "Feature", "properties": {"numero": 6, "nombre": "LOS TULIPANES", "area_ha": 3.587790806174882, "catastro_2014": "Existe"}, "geometry": {"type": "Polygon", "coordinates": [[[-78.666846, -1.665148], [-78.666399, -1.66407], [-78.666764, -1.663626], [-78.666971, -1.663231], [-78.667134, -1.662768], [-78.664801, -1.664597], [-78.664997, -1.664872], [-78.665296, -1.665151], [-78.665691, -1.665357], [-78.666754, -1.665705], [-78.667062, -1.665416], [-78.666846, -1.665148]]]}}, {"type": "Feature", "properties": {"numero": 7, "nombre": "LAS RETAMAS", "area_ha": 10.30285730126568, "catastro_2014": "No encontrado"}, "geometry": {"type": "Polygon", "coordinates": [[[-78.666818, -1.661862], [-78.666691, -1.66207], [-78.664289, -1.660872], [-78.663819, -1.661246], [-78.663144, -1.661583], [-78.663026, -1.661613], [-78.662838, -1.661577], [-78.664801, -1.664597], [-78.667134, -1.662768], [-78.667333, -1.662133], [-78.666818, -1.661862]]]}}, {"type": "Feature", "properties": {"numero": 8, "nombre": "AUTOMODELO NORTE", "area_ha": 2.317186771883217, "catastro_2014": "No encontrado"}, "geometry": {"type": "Polygon", "coordinates": [[[-78.666691, -1.66207], [-78.666818, -1.661862], [-78.667333, -1.662133], [-78.667669, -1.661067], [-78.667617, -1.660996], [-78.666756, -1.661407], [-78.66661, -1.661439], [-78.666298, -1.661412], [-78.665814, -1.661002], [-78.665051, -1.660737], [-78.664812, -1.660454], [-78.664289, -1.660872], [-78.666691, -1.66207]]]}}, {"type": "Feature", "properties": {"numero": 9, "nombre": "EL TERMINAL", "area_ha": 11.345605893590646, "catastro_2014": "Existe"}, "geometry": {"type": "Polygon", "coordinates": [[[-78.661769, -1.667147], [-78.66291, -1.666802], [-78.664575, -1.665996], [-78.665691, -1.665357], [-78.665296, -1.665151], [-78.664997, -1.664872], [-78.662838, -1.661577], [-78.662111, -1.662201], [-78.663416, -1.664168], [-78.662188, -1.664965], [-78.662496, -1.665683], [-78.661372, -1.666088], [-78.661769, -1.667147]]]}}, {"type": "Feature", "properties": {"numero": 10, "nombre": "ROSA MARIA", "area_ha": 15.299374430719888, "catastro_2014": "No encontrado"}, "geometry": {"type": "Polygon", "coordinates": [[[-78.659089, -1.665501], [-78.659942, -1.667712], [-78.661769, -1.667147], [-78.661372, -1.666088], [-78.662496, -1.665683], [-78.662188, -1.664965], [-78.663416, -1.664168], [-78.662111, -1.662201], [-78.658864, -1.665045], [-78.659089, -1.665501]]]}}, {"type": "Feature", "properties": {"numero": 11, "nombre": "LA DELICIA", "area_ha": 2.877553101875132, "catastro_2014": "No encontrado"}, "geometry": {"type": "Polygon", "coordinates": [[[-78.665691, -1.665357], [-78.664575, -1.665996], [-78.66291, -1.666802], [-78.663054, -1.667123], [-78.66487, -1.666618], [-78.666684, -1.665861], [-78.666754, -1.665705], [-78.665691, -1.665357]]]}}, {"type": "Feature", "properties": {"numero": 12, "nombre": "AV MALDONADO", "area_ha": 32.59764952992584, "catastro_2014": "Existe"}, "geometry": {"type": "Polygon", "coordinates": [[[-78.674171, -1.665266], [-78.674358, -1.66535], [-78.67503, -1.665482], [-78.67574, -1.665259], [-78.675865, -1.665337], [-78.677803, -1.664648], [-78.678655, -1.664525], [-78.680294, -1.664449], [-78.681164, -1.663577], [-78.681131, -1.662845], [-78.680418, -1.660417], [-78.672721, -1.662599], [-78.67393, -1.665002], [-78.674171, -1.665266]]]}}, {"type": "Feature", "properties": {"numero": 13, "nombre": "VILLA GRANADA", "area_ha": 9.015195502166044, "catastro_2014": "Existe"}, "geometry": {"type": "Polygon", "coordinates": [[[-78.671224, -1.664651], [-78.671547, -1.665089], [-78.671555, -1.66528], [-78.671442, -1.665576], [-78.671603, -1.665723], [-78.671744, -1.665764], [-78.672732, -1.66546], [-78.673474, -1.665037], [-78.67393, -1.665002], [-78.672721, -1.662599], [-78.671805, -1.66292], [-78.668848, -1.664185], [-78.671224, -1.664651]]]}}, {"type": "Feature", "properties": {"numero": 14, "nombre": "GRUTA DE LOURDES", "area_ha": 15.97571920238602, "catastro_2014": "No encontrado"}, "geometry": {"type": "Polygon", "coordinates": [[[-78.672712, -1.665466], [-78.671744, -1.665764], [-78.671603, -1.665723], [-78.671442, -1.665576], [-78.671555, -1.66528], [-78.671547, -1.665089], [-78.671224, -1.664651], [-78.668848, -1.664185], [-78.667915, -1.664769], [-78.667062, -1.665416], [-78.666754, -1.665705], [-78.666909, -1.665838], [-78.667972, -1.667315], [-78.668419, -1.667251], [-78.669388, -1.667499], [-78.66993, -1.667473], [-78.67032, -1.667354], [-78.672855, -1.666426], [-78.672712, -1.665466]]]}}, {"type": "Feature", "properties": {"numero": 15, "nombre": "SAN ANTONIO", "area_ha": 2.374748758333895, "catastro_2014": "Existe"}, "geometry": {"type": "Polygon", "coordinates": [[[-78.67574, -1.665259], [-78.67503, -1.665482], [-78.674358, -1.66535], [-78.674171, -1.665266], [-78.67393, -1.665002], [-78.673474, -1.665037], [-78.672712, -1.665466], [-78.672855, -1.666426], [-78.675865, -1.665337], [-78.67574, -1.665259]]]}}, {"type": "Feature", "properties": {"numero": 16, "nombre": "CORAZON DE RIOBAMBA", "area_ha": 42.0842139051406, "catastro_2014": "No encontrado"}, "geometry": {"type": "Polygon", "coordinates": [[[-78.680778, -1.636372], [-78.673684, -1.645013], [-78.678654, -1.645974], [-78.680011, -1.642267], [-78.681897, -1.638766], [-78.682908, -1.63715], [-78.680994, -1.636005], [-78.680778, -1.636372]]]}}, {"type": "Feature", "properties": {"numero": 17, "nombre": "COPERATIVA ECUATORIANA DE CERAMICA", "area_ha": 11.226530893797872, "catastro_2014": "Existe"}, "geometry": {"type": "Polygon", "coordinates": [[[-78.67482, -1.637571], [-78.674485, -1.637843], [-78.674348, -1.638116], [-78.674309, -1.638324], [-78.674225, -1.638391], [-78.674059, -1.638372], [-78.673915, -1.63826], [-78.673711, -1.638204], [-78.67358, -1.638236], [-78.673508, -1.638374], [-78.673572, -1.63859], [-78.67355, -1.638678], [-78.673497, -1.638708], [-78.676648, -1.641425], [-78.678447, -1.639226], [-78.67482, -1.637571]]]}}, {"type": "Feature", "properties": {"numero": 18, "nombre": "24 DE MAYO", "area_ha": 15.55644752660335, "catastro_2014": "Existe"}, "geometry": {"type": "Polygon", "coordinates": [[[-78.678654, -1.645974], [-78.685354, -1.647286], [-78.685728, -1.645545], [-78.683506, -1.645002], [-78.679342, -1.644109], [-78.678654, -1.645974]]]}}, {"type": "Feature", "properties": {"numero": 19, "nombre": "TUBASEC", "area_ha": 6.512710429486322, "catastro_2014": "Existe"}, "geometry": {"type": "Polygon", "coordinates": [[[-78.660992, -1.64814], [-78.660234, -1.64978], [-78.660355, -1.649867], [-78.660347, -1.650285], [-78.660293, -1.650476], [-78.660305, -1.650588], [-78.66042, -1.650778], [-78.661017, -1.651292], [-78.66125, -1.65178], [-78.66136, -1.651905], [-78.661728, -1.652248], [-78.661931, -1.652384], [-78.662249, -1.652503], [-78.662387, -1.652641], [-78.662193, -1.652165], [-78.662085, -1.652025], [-78.662352, -1.651696], [-78.661559, -1.650842], [-78.66265, -1.649501], [-78.660992, -1.64814]]]}}, {"type": "Feature", "properties": {"numero": 20, "nombre": "LA SABOYA", "area_ha": 12.65731469255969, "catastro_2014": "Existe"}, "geometry": {"type": "Polygon", "coordinates": [[[-78.660496, -1.652736], [-78.66009, -1.653015], [-78.660773, -1.653477], [-78.661588, -1.654935], [-78.66259, -1.656272], [-78.663178, -1.656686], [-78.663751, -1.657204], [-78.664973, -1.65572], [-78.664398, -1.655071], [-78.664326, -1.654939], [-78.662824, -1.653483], [-78.662672, -1.653282], [-78.662387, -1.652641], [-78.662249, -1.652503], [-78.661931, -1.652384], [-78.661728, -1.652248], [-78.661384, -1.651925], [-78.660496, -1.652736]]]}}, {"type": "Feature", "properties": {"numero": 21, "nombre": "ESPOCH", "area_ha": 122.27888487533367, "catastro_2014": "Existe"}, "geometry": {"type": "Polygon", "coordinates": [[[-78.676655, -1.652239], [-78.676826, -1.652466], [-78.675478, -1.654529], [-78.674406, -1.653012], [-78.673452, -1.653769], [-78.673558, -1.653902], [-78.673129, -1.654775], [-78.67221, -1.65613], [-78.674786, -1.658869], [-78.673997, -1.65966], [-78.674512, -1.660186], [-78.674767, -1.659994], [-78.675001, -1.659556], [-78.675328, -1.659736], [-78.675341, -1.659781], [-78.675151, -1.660213], [-78.675159, -1.661566], [-78.674983, -1.661659], [-78.675152, -1.661907], [-78.68138, -1.660164], [-78.681411, -1.659981], [-78.680684, -1.659614], [-78.680399, -1.659359], [-78.68046, -1.658964], [-78.680453, -1.658642], [-78.679767, -1.656689], [-78.680724, -1.655973], [-78.682155, -1.654984], [-78.683174, -1.654781], [-78.683749, -1.654616], [-78.68404, -1.654508], [-78.684676, -1.654174], [-78.68511, -1.653888], [-78.684599, -1.65351], [-78.683988, -1.653139], [-78.684577, -1.652601], [-78.686123, -1.651348], [-78.686705, -1.651791], [-78.687364, -1.652425], [-78.687839, -1.652145], [-78.686481, -1.6499], [-78.686482, -1.64983], [-78.688273, -1.647991], [-78.68775, -1.647793], [-78.684661, -1.647136], [-78.683205, -1.648039], [-78.68214, -1.648827], [-78.680862, -1.649579], [-78.680213, -1.650068], [-78.676655, -1.652239]]]}}, {"type": "Feature", "properties": {"numero": 22, "nombre": "COPERATIVA MAESTROS DE CHIMBORAZO", "area_ha": 10.447389140421286, "catastro_2014": "Existe"}, "geometry": {"type": "Polygon", "coordinates": [[[-78.680453, -1.658642], [-78.68046, -1.658964], [-78.680399, -1.659359], [-78.680684, -1.659614], [-78.681411, -1.659981], [-78.68138, -1.660164], [-78.682681, -1.6598], [-78.68253, -1.659343], [-78.682033, -1.659012], [-78.682148, -1.658071], [-78.681503, -1.658], [-78.681496, -1.657462], [-78.682191, -1.657528], [-78.682507, -1.656686], [-78.682293, -1.656345], [-78.682626, -1.656136], [-78.681973, -1.655099], [-78.679767, -1.656689], [-78.680453, -1.658642]]]}}, {"type": "Feature", "properties": {"numero": 23, "nombre": "CORAZON DE LA PATRIA", "area_ha": 3.874165070569033, "catastro_2014": "Existe"}, "geometry": {"type": "Polygon", "coordinates": [[[-78.683699, -1.659489], [-78.683494, -1.658692], [-78.683475, -1.658414], [-78.683528, -1.658232], [-78.683576, -1.657656], [-78.681496, -1.657462], [-78.681503, -1.658], [-78.682148, -1.658071], [-78.682033, -1.659012], [-78.68253, -1.659343], [-78.682681, -1.6598], [-78.683699, -1.659489]]]}}, {"type": "Feature", "properties": {"numero": 24, "nombre": "COPERATIVA DEL MOP", "area_ha": 5.033247239785194, "catastro_2014": "No encontrado"}, "geometry": {"type": "Polygon", "coordinates": [[[-78.683509, -1.657531], [-78.684823, -1.656488], [-78.684458, -1.656022], [-78.683948, -1.656404], [-78.682939, -1.654826], [-78.682155, -1.654984], [-78.681973, -1.655099], [-78.682626, -1.656136], [-78.682293, -1.656345], [-78.682507, -1.656686], [-78.682191, -1.657528], [-78.683576, -1.657656], [-78.683509, -1.657531]]]}}, {"type": "Feature", "properties": {"numero": 25, "nombre": "COPERATIVA TIERRA NUEVA", "area_ha": 7.96280179261825, "catastro_2014": "Existe"}, "geometry": {"type": "Polygon", "coordinates": [[[-78.684676, -1.654174], [-78.68404, -1.654508], [-78.683367, -1.654731], [-78.682939, -1.654826], [-78.683948, -1.656404], [-78.684458, -1.656022], [-78.684823, -1.656488], [-78.685666, -1.655821], [-78.686435, -1.656774], [-78.68727, -1.656105], [-78.685341, -1.653747], [-78.684676, -1.654174]]]}}, {"type": "Feature", "properties": {"numero": 26, "nombre": "MIRAFLORES", "area_ha": 4.846607605143366, "catastro_2014": "No encontrado"}, "geometry": {"type": "Polygon", "coordinates": [[[-78.68655, -1.653683], [-78.687034, -1.65327], [-78.685711, -1.651653], [-78.683988, -1.653139], [-78.684599, -1.65351], [-78.68511, -1.653888], [-78.685341, -1.653747], [-78.685752, -1.654253], [-78.68655, -1.653683]]]}}, {"type": "Feature", "properties": {"numero": 27, "nombre": "LOS MANAZANARES", "area_ha": 31.3886413382474, "catastro_2014": "Existe"}, "geometry": {"type": "Polygon", "coordinates": [[[-78.676876, -1.648602], [-78.67607, -1.651378], [-78.676209, -1.651641], [-78.676655, -1.652239], [-78.680213, -1.650068], [-78.680862, -1.649579], [-78.68214, -1.648827], [-78.683205, -1.648039], [-78.684661, -1.647136], [-78.677905, -1.645829], [-78.676876, -1.648602]]]}}, {"type": "Feature", "properties": {"numero": 28, "nombre": "SAN JOSE DE TAPI", "area_ha": 60.37639800059394, "catastro_2014": "No encontrado"}, "geometry": {"type": "Polygon", "coordinates": [[[-78.671403, -1.656852], [-78.671644, -1.655687], [-78.671845, -1.654997], [-78.67183, -1.654667], [-78.671181, -1.654235], [-78.671473, -1.65378], [-78.671856, -1.654018], [-78.672188, -1.652392], [-78.672703, -1.652781], [-78.673121, -1.651166], [-78.672146, -1.650846], [-78.672624, -1.650147], [-78.67607, -1.651378], [-78.676876, -1.648602], [-78.677905, -1.645829], [-78.673684, -1.645013], [-78.667617, -1.652523], [-78.669337, -1.654473], [-78.670591, -1.655978], [-78.671403, -1.656852]]]}}, {"type": "Feature", "properties": {"numero": 29, "nombre": "CEMENTO CHIMBORAZO", "area_ha": 10.88174068620787, "catastro_2014": "Existe"}, "geometry": {"type": "Polygon", "coordinates": [[[-78.6706, -1.655988], [-78.669337, -1.654473], [-78.667617, -1.652523], [-78.666538, -1.65383], [-78.666995, -1.654396], [-78.666355, -1.654959], [-78.667429, -1.656097], [-78.668027, -1.655583], [-78.669044, -1.656753], [-78.668894, -1.657312], [-78.6706, -1.655988]]]}}, {"type": "Feature", "properties": {"numero": 30, "nombre": "SESQUICENTENARIO", "area_ha": 2.445558369981657, "catastro_2014": "Existe"}, "geometry": {"type": "Polygon", "coordinates": [[[-78.66472, -1.658255], [-78.665256, -1.657877], [-78.664813, -1.657231], [-78.66566, -1.656593], [-78.664932, -1.655791], [-78.663889, -1.657029], [-78.66472, -1.658255]]]}}, {"type": "Feature", "properties": {"numero": 31, "nombre": "LA CERAMICA", "area_ha": 26.33998767744276, "catastro_2014": "No encontrado"}, "geometry": {"type": "Polygon", "coordinates": [[[-78.66586, -1.651376], [-78.66408, -1.649808], [-78.664617, -1.649118], [-78.664073, -1.648529], [-78.663702, -1.648206], [-78.661559, -1.650842], [-78.662352, -1.651696], [-78.662085, -1.652025], [-78.662193, -1.652165], [-78.662672, -1.653282], [-78.66309, -1.653759], [-78.664326, -1.654939], [-78.664398, -1.655071], [-78.664982, -1.655731], [-78.667617, -1.652523], [-78.666239, -1.65091], [-78.66586, -1.651376]]]}}, {"type": "Feature", "properties": {"numero": 32, "nombre": "LOS ALAMOS I", "area_ha": 21.405347817825124, "catastro_2014": "No encontrado"}, "geometry": {"type": "Polygon", "coordinates": [[[-78.66566, -1.656593], [-78.664813, -1.657231], [-78.665256, -1.657877], [-78.66472, -1.658255], [-78.667027, -1.661277], [-78.667617, -1.660996], [-78.667669, -1.661067], [-78.668598, -1.658256], [-78.669044, -1.656753], [-78.668027, -1.655583], [-78.667429, -1.656097], [-78.666355, -1.654959], [-78.666995, -1.654396], [-78.666538, -1.65383], [-78.664932, -1.655791], [-78.66566, -1.656593]]]}}, {"type": "Feature", "properties": {"numero": 33, "nombre": "SAN JOSE DE TAPI", "area_ha": 5.521017406161702, "catastro_2014": "No encontrado"}, "geometry": {"type": "Polygon", "coordinates": [[[-78.665051, -1.660737], [-78.665814, -1.661002], [-78.666298, -1.661412], [-78.66661, -1.661439], [-78.667027, -1.661277], [-78.66472, -1.658255], [-78.663889, -1.657029], [-78.663843, -1.657928], [-78.66434, -1.6595], [-78.664382, -1.659924], [-78.664553, -1.660204], [-78.665051, -1.660737]]]}}, {"type": "Feature", "properties": {"numero": 34, "nombre": "SANTA FAZ", "area_ha": 14.693733687167958, "catastro_2014": "No encontrado"}, "geometry": {"type": "Polygon", "coordinates": [[[-78.663026, -1.661613], [-78.663144, -1.661583], [-78.663819, -1.661246], [-78.66481, -1.660453], [-78.664553, -1.660204], [-78.664382, -1.659924], [-78.66434, -1.6595], [-78.663843, -1.657928], [-78.663889, -1.657029], [-78.663786, -1.657152], [-78.663712, -1.65717], [-78.663751, -1.657204], [-78.662031, -1.659754], [-78.661913, -1.66002], [-78.660933, -1.661502], [-78.658772, -1.664642], [-78.658864, -1.665045], [-78.662838, -1.661577], [-78.663026, -1.661613]]]}}, {"type": "Feature", "properties": {"numero": 35, "nombre": "CRUZADA SOCIAL", "area_ha": 2.197657565566937, "catastro_2014": "No encontrado"}, "geometry": {"type": "Polygon", "coordinates": [[[-78.664617, -1.649118], [-78.66408, -1.649808], [-78.66586, -1.651376], [-78.666239, -1.65091], [-78.664617, -1.649118]]]}}, {"type": "Feature", "properties": {"numero": 36, "nombre": "RIOBAMBA NORTE 1 ETAPA", "area_ha": 17.752862504635548, "catastro_2014": "Existe"}, "geometry": {"type": "Polygon", "coordinates": [[[-78.665504, -1.650059], [-78.667617, -1.652523], [-78.669172, -1.650603], [-78.668381, -1.649964], [-78.669196, -1.648755], [-78.66769, -1.647581], [-78.666334, -1.646618], [-78.664617, -1.649118], [-78.665504, -1.650059]]]}}, {"type": "Feature", "properties": {"numero": 37, "nombre": "LA ALBORADA", "area_ha": 6.779291404532376, "catastro_2014": "Existe"}, "geometry": {"type": "Polygon", "coordinates": [[[-78.664617, -1.649118], [-78.666334, -1.646618], [-78.665836, -1.646259], [-78.664122, -1.644829], [-78.663505, -1.645634], [-78.664617, -1.646595], [-78.663702, -1.648206], [-78.664073, -1.648529], [-78.664617, -1.649118]]]}}, {"type": "Feature", "properties": {"numero": 38, "nombre": "LA GEORGINA", "area_ha": 12.869280832940156, "catastro_2014": "Existe"}, "geometry": {"type": "Polygon", "coordinates": [[[-78.659623, -1.660388], [-78.660156, -1.65992], [-78.660271, -1.659904], [-78.660436, -1.659965], [-78.66122, -1.661062], [-78.661913, -1.66002], [-78.662031, -1.659754], [-78.663013, -1.658309], [-78.662839, -1.658194], [-78.662048, -1.657856], [-78.657706, -1.655113], [-78.657302, -1.656277], [-78.657891, -1.656357], [-78.658334, -1.656506], [-78.659679, -1.657354], [-78.660308, -1.657856], [-78.659749, -1.658173], [-78.660283, -1.658805], [-78.659134, -1.659821], [-78.659623, -1.660388]]]}}, {"type": "Feature", "properties": {"numero": 39, "nombre": "SAN LUIS", "area_ha": 19.895775483387236, "catastro_2014": "Existe"}, "geometry": {"type": "Polygon", "coordinates": [[[-78.663328, -1.668253], [-78.662355, -1.668607], [-78.663433, -1.671347], [-78.663532, -1.671516], [-78.666875, -1.668591], [-78.667945, -1.667569], [-78.668106, -1.667285], [-78.667972, -1.667315], [-78.666909, -1.665838], [-78.666754, -1.665705], [-78.666684, -1.665861], [-78.66487, -1.666618], [-78.663054, -1.667123], [-78.663328, -1.668253]]]}}, {"type": "Feature", "properties": {"numero": 40, "nombre": "PURUHA", "area_ha": 10.249812761336303, "catastro_2014": "No encontrado"}, "geometry": {"type": "Polygon", "coordinates": [[[-78.663328, -1.668253], [-78.663054, -1.667123], [-78.66291, -1.666802], [-78.659942, -1.667712], [-78.660027, -1.668019], [-78.658848, -1.668992], [-78.659888, -1.670229], [-78.660291, -1.669909], [-78.661296, -1.669706], [-78.661876, -1.669538], [-78.662609, -1.669253], [-78.662355, -1.668607], [-78.663328, -1.668253]]]}}, {"type": "Feature", "properties": {"numero": 41, "nombre": "SAN MARTIN", "area_ha": 8.664451667904652, "catastro_2014": "Existe"}, "geometry": {"type": "Polygon", "coordinates": [[[-78.660281, -1.670715], [-78.660337, -1.670837], [-78.660354, -1.672094], [-78.662925, -1.672016], [-78.663532, -1.671516], [-78.663433, -1.671347], [-78.662609, -1.669253], [-78.661876, -1.669538], [-78.661296, -1.669706], [-78.660291, -1.669909], [-78.659888, -1.670229], [-78.660281, -1.670715]]]}}, {"type": "Feature", "properties": {"numero": 42, "nombre": "EL VERGEL", "area_ha": 6.023740921136398, "catastro_2014": "Existe"}, "geometry": {"type": "Polygon", "coordinates": [[[-78.659976, -1.667833], [-78.656758, -1.668719], [-78.656841, -1.668819], [-78.656976, -1.668781], [-78.65704, -1.668869], [-78.657, -1.668892], [-78.658208, -1.670478], [-78.658765, -1.67001], [-78.659896, -1.67136], [-78.660364, -1.671347], [-78.660337, -1.670837], [-78.660281, -1.670715], [-78.658848, -1.668992], [-78.660027, -1.668019], [-78.659976, -1.667833]]]}}, {"type": "Feature", "properties": {"numero": 43, "nombre": "MUNICIPAL", "area_ha": 11.903626072830262, "catastro_2014": "Existe"}, "geometry": {"type": "Polygon", "coordinates": [[[-78.658309, -1.664472], [-78.656543, -1.666015], [-78.657071, -1.66663], [-78.655869, -1.66767], [-78.656758, -1.668719], [-78.659976, -1.667833], [-78.659089, -1.665501], [-78.658864, -1.665045], [-78.658309, -1.664472]]]}}, {"type": "Feature", "properties": {"numero": 44, "nombre": "SAN JUAN", "area_ha": 11.415170745905268, "catastro_2014": "No encontrado"}, "geometry": {"type": "Polygon", "coordinates": [[[-78.658644, -1.65925], [-78.658045, -1.659763], [-78.65903, -1.660904], [-78.658371, -1.661477], [-78.658882, -1.662073], [-78.657343, -1.663371], [-78.658864, -1.665045], [-78.658772, -1.664642], [-78.661228, -1.661047], [-78.660436, -1.659965], [-78.660271, -1.659904], [-78.660156, -1.65992], [-78.659623, -1.660388], [-78.658644, -1.65925]]]}}, {"type": "Feature", "properties": {"numero": 45, "nombre": "LAS DALIAS", "area_ha": 8.58717384897984, "catastro_2014": "No encontrado"}, "geometry": {"type": "Polygon", "coordinates": [[[-78.658045, -1.659763], [-78.658644, -1.65925], [-78.659134, -1.659821], [-78.659706, -1.659315], [-78.658212, -1.65761], [-78.658543, -1.657314], [-78.657987, -1.656935], [-78.658227, -1.656464], [-78.658087, -1.656408], [-78.65718, -1.65626], [-78.656189, -1.656379], [-78.655488, -1.656552], [-78.655081, -1.656743], [-78.656653, -1.657648], [-78.656602, -1.658097], [-78.658045, -1.659763]]]}}, {"type": "Feature", "properties": {"numero": 46, "nombre": "CONDOMINIOS CHIMBORAZO", "area_ha": 1.918895748625458, "catastro_2014": "Existe"}, "geometry": {"type": "Polygon", "coordinates": [[[-78.659582, -1.657987], [-78.658543, -1.657314], [-78.658212, -1.65761], [-78.659706, -1.659315], [-78.660283, -1.658805], [-78.659582, -1.657987]]]}}, {"type": "Feature", "properties": {"numero": 47, "nombre": "DEL EJERCITO", "area_ha": 1.661297149643094, "catastro_2014": "Existe"}, "geometry": {"type": "Polygon", "coordinates": [[[-78.659009, -1.656915], [-78.658227, -1.656464], [-78.657987, -1.656935], [-78.659582, -1.657987], [-78.659749, -1.658173], [-78.660308, -1.657856], [-78.660023, -1.65761], [-78.659009, -1.656915]]]}}, {"type": "Feature", "properties": {"numero": 48, "nombre": "LOS PINOS", "area_ha": 8.41500356454162, "catastro_2014": "Existe"}, "geometry": {"type": "Polygon", "coordinates": [[[-78.656602, -1.658097], [-78.656442, -1.660149], [-78.656399, -1.660443], [-78.656191, -1.660949], [-78.656729, -1.66213], [-78.656917, -1.661969], [-78.656946, -1.662001], [-78.657275, -1.661614], [-78.657898, -1.662931], [-78.658882, -1.662073], [-78.658371, -1.661477], [-78.65903, -1.660904], [-78.656602, -1.658097]]]}}, {"type": "Feature", "properties": {"numero": 49, "nombre": "LA GIRALDA", "area_ha": 15.09446312104929, "catastro_2014": "No encontrado"}, "geometry": {"type": "Polygon", "coordinates": [[[-78.65548, -1.661893], [-78.654713, -1.663015], [-78.653834, -1.664018], [-78.655515, -1.665973], [-78.656069, -1.665471], [-78.656543, -1.666015], [-78.658309, -1.664472], [-78.657343, -1.663371], [-78.657898, -1.662931], [-78.657275, -1.661614], [-78.656946, -1.662001], [-78.656917, -1.661969], [-78.656729, -1.66213], [-78.656191, -1.660949], [-78.65548, -1.661893]]]}}, {"type": "Feature", "properties": {"numero": 50, "nombre": "GENERAL BARRIGA", "area_ha": 2.840512660800724, "catastro_2014": "Existe"}, "geometry": {"type": "Polygon", "coordinates": [[[-78.654934, -1.666474], [-78.655928, -1.667625], [-78.657071, -1.66663], [-78.656069, -1.665471], [-78.654934, -1.666474]]]}}, {"type": "Feature", "properties": {"numero": 51, "nombre": "GENERAL LAVALLE", "area_ha": 2.651534871776943, "catastro_2014": "Existe"}, "geometry": {"type": "Polygon", "coordinates": [[[-78.653892, -1.667372], [-78.654816, -1.668573], [-78.655928, -1.667625], [-78.654934, -1.666474], [-78.653892, -1.667372]]]}}, {"type": "Feature", "properties": {"numero": 52, "nombre": "LA ESTACION", "area_ha": 18.07008121903304, "catastro_2014": "Existe"}, "geometry": {"type": "Polygon", "coordinates": [[[-78.651051, -1.670821], [-78.652455, -1.672594], [-78.654249, -1.671063], [-78.654667, -1.671588], [-78.65573, -1.670656], [-78.655341, -1.670163], [-78.65704, -1.668869], [-78.656976, -1.668781], [-78.656841, -1.668819], [-78.655869, -1.66767], [-78.654816, -1.668573], [-78.653892, -1.667372], [-78.652327, -1.668733], [-78.652808, -1.669299], [-78.651051, -1.670821]]]}}, {"type": "Feature", "properties": {"numero": 53, "nombre": "VICTORIA", "area_ha": 20.60519960439, "catastro_2014": "Existe"}, "geometry": {"type": "Polygon", "coordinates": [[[-78.654063, -1.662523], [-78.653259, -1.661914], [-78.652569, -1.662488], [-78.653834, -1.664018], [-78.654713, -1.663015], [-78.65548, -1.661893], [-78.656191, -1.660949], [-78.656399, -1.660443], [-78.656653, -1.657648], [-78.655182, -1.656778], [-78.65494, -1.656696], [-78.654727, -1.656831], [-78.654242, -1.657276], [-78.653803, -1.657897], [-78.653511, -1.658558], [-78.653024, -1.660097], [-78.652767, -1.660602], [-78.654521, -1.661904], [-78.654063, -1.662523]]]}}, {"type": "Feature", "properties": {"numero": 54, "nombre": "LOMA DE QUITO", "area_ha": 14.011271558440416, "catastro_2014": "No encontrado"}, "geometry": {"type": "Polygon", "coordinates": [[[-78.655515, -1.665973], [-78.654013, -1.664227], [-78.650307, -1.667507], [-78.651719, -1.669286], [-78.655515, -1.665973]]]}}, {"type": "Feature", "properties": {"numero": 55, "nombre": "DIDONATO", "area_ha": 19.48642360223631, "catastro_2014": "Existe"}, "geometry": {"type": "Polygon", "coordinates": [[[-78.654013, -1.664227], [-78.652569, -1.662488], [-78.653259, -1.661914], [-78.654063, -1.662523], [-78.654521, -1.661904], [-78.653138, -1.660903], [-78.652586, -1.660443], [-78.652519, -1.660511], [-78.65212, -1.660145], [-78.651923, -1.660376], [-78.651467, -1.660763], [-78.652003, -1.661386], [-78.650257, -1.662854], [-78.649357, -1.663548], [-78.649312, -1.665301], [-78.649971, -1.664714], [-78.651426, -1.666501], [-78.654013, -1.664227]]]}}, {"type": "Feature", "properties": {"numero": 56, "nombre": "LA PANADERIA", "area_ha": 18.18386175909154, "catastro_2014": "No encontrado"}, "geometry": {"type": "Polygon", "coordinates": [[[-78.649124, -1.668542], [-78.647474, -1.669986], [-78.648417, -1.671132], [-78.650102, -1.669672], [-78.650579, -1.670254], [-78.650031, -1.67074], [-78.650487, -1.671309], [-78.652808, -1.669299], [-78.652327, -1.668733], [-78.651719, -1.669286], [-78.650307, -1.667507], [-78.651426, -1.666501], [-78.650507, -1.665372], [-78.648768, -1.666887], [-78.648262, -1.666248], [-78.647107, -1.667292], [-78.647638, -1.667892], [-78.648176, -1.667403], [-78.649124, -1.668542]]]}}, {"type": "Feature", "properties": {"numero": 57, "nombre": "GENERAL DAVALOS", "area_ha": 13.024705356912532, "catastro_2014": "No encontrado"}, "geometry": {"type": "Polygon", "coordinates": [[[-78.648262, -1.666248], [-78.648768, -1.666887], [-78.650507, -1.665372], [-78.649971, -1.664714], [-78.649312, -1.665301], [-78.649346, -1.663335], [-78.648467, -1.664114], [-78.648009, -1.663535], [-78.647457, -1.664019], [-78.646923, -1.663345], [-78.645066, -1.664894], [-78.645663, -1.6656], [-78.646252, -1.665093], [-78.647183, -1.666194], [-78.646598, -1.66669], [-78.647107, -1.667292], [-78.648262, -1.666248]]]}}, {"type": "Feature", "properties": {"numero": 58, "nombre": "EL CUARTEL", "area_ha": 2.604602595963718, "catastro_2014": "Existe"}, "geometry": {"type": "Polygon", "coordinates": [[[-78.649192, -1.662685], [-78.648756, -1.661976], [-78.647514, -1.662903], [-78.648467, -1.664114], [-78.649346, -1.663335], [-78.649192, -1.662685]]]}}, {"type": "Feature", "properties": {"numero": 59, "nombre": "CALZADO LIBRE", "area_ha": 2.534483888119248, "catastro_2014": "Existe"}, "geometry": {"type": "Polygon", "coordinates": [[[-78.647587, -1.661799], [-78.646998, -1.662253], [-78.647514, -1.662903], [-78.648756, -1.661976], [-78.648792, -1.661865], [-78.648165, -1.660749], [-78.647178, -1.661275], [-78.647587, -1.661799]]]}}, {"type": "Feature", "properties": {"numero": 60, "nombre": "19 DE OCTUBRE", "area_ha": 5.678542254433324, "catastro_2014": "Existe"}, "geometry": {"type": "Polygon", "coordinates": [[[-78.647457, -1.664019], [-78.648009, -1.663535], [-78.646998, -1.662253], [-78.647587, -1.661799], [-78.647178, -1.661275], [-78.646188, -1.661783], [-78.643927, -1.662798], [-78.6446, -1.663288], [-78.645111, -1.663743], [-78.646283, -1.66278], [-78.646921, -1.663347], [-78.647457, -1.664019]]]}}, {"type": "Feature", "properties": {"numero": 61, "nombre": "BOLIVAR CHIRIBOGA", "area_ha": 6.475925027065458, "catastro_2014": "Existe"}, "geometry": {"type": "Polygon", "coordinates": [[[-78.644489, -1.664292], [-78.644038, -1.663734], [-78.642442, -1.665026], [-78.643457, -1.666266], [-78.643585, -1.666118], [-78.646921, -1.663347], [-78.646283, -1.66278], [-78.644489, -1.664292]]]}}, {"type": "Feature", "properties": {"numero": 62, "nombre": "FERROVIARIO", "area_ha": 9.949995855690245, "catastro_2014": "Existe"}, "geometry": {"type": "Polygon", "coordinates": [[[-78.658765, -1.67001], [-78.658208, -1.670478], [-78.657, -1.668892], [-78.655341, -1.670163], [-78.65573, -1.670656], [-78.655221, -1.671103], [-78.655746, -1.67173], [-78.656232, -1.671307], [-78.657145, -1.672524], [-78.657584, -1.672145], [-78.658512, -1.67213], [-78.658159, -1.671648], [-78.65872, -1.671164], [-78.659113, -1.671672], [-78.659896, -1.67136], [-78.658765, -1.67001]]]}}, {"type": "Feature", "properties": {"numero": 63, "nombre": "BONILLA ABARCA", "area_ha": 15.301970476890737, "catastro_2014": "Existe"}, "geometry": {"type": "Polygon", "coordinates": [[[-78.658512, -1.67213], [-78.657584, -1.672145], [-78.656702, -1.672907], [-78.657129, -1.673472], [-78.657618, -1.674016], [-78.65837, -1.675012], [-78.659698, -1.673618], [-78.66067, -1.674847], [-78.661155, -1.674316], [-78.661732, -1.673782], [-78.662649, -1.672312], [-78.663532, -1.671516], [-78.662925, -1.672016], [-78.660354, -1.672094], [-78.660364, -1.671347], [-78.659896, -1.67136], [-78.659113, -1.671672], [-78.65872, -1.671164], [-78.658159, -1.671648], [-78.658512, -1.67213]]]}}, {"type": "Feature", "properties": {"numero": 64, "nombre": "IRENE MARIA", "area_ha": 6.100945495715924, "catastro_2014": "No encontrado"}, "geometry": {"type": "Polygon", "coordinates": [[[-78.659698, -1.673618], [-78.65837, -1.675012], [-78.658063, -1.674606], [-78.657523, -1.675047], [-78.65848, -1.676196], [-78.658031, -1.676629], [-78.658594, -1.677188], [-78.660671, -1.674849], [-78.659698, -1.673618]]]}}, {"type": "Feature", "properties": {"numero": 65, "nombre": "LA CONDAMINE", "area_ha": 11.196258342729536, "catastro_2014": "No encontrado"}, "geometry": {"type": "Polygon", "coordinates": [[[-78.658594, -1.677188], [-78.658031, -1.676629], [-78.65848, -1.676196], [-78.657523, -1.675047], [-78.658063, -1.674606], [-78.656702, -1.672907], [-78.657145, -1.672524], [-78.6566, -1.671797], [-78.654982, -1.673229], [-78.656035, -1.674441], [-78.65646, -1.674989], [-78.655843, -1.675518], [-78.657852, -1.678015], [-78.658594, -1.677188]]]}}, {"type": "Feature", "properties": {"numero": 66, "nombre": "LAS CARMELITAS", "area_ha": 9.741996179564692, "catastro_2014": "Existe"}, "geometry": {"type": "Polygon", "coordinates": [[[-78.655843, -1.675518], [-78.65646, -1.674989], [-78.656035, -1.674441], [-78.654982, -1.673229], [-78.653269, -1.674713], [-78.654271, -1.67592], [-78.653713, -1.676395], [-78.654614, -1.677513], [-78.655759, -1.676556], [-78.656224, -1.677147], [-78.656769, -1.676693], [-78.655843, -1.675518]]]}}, {"type": "Feature", "properties": {"numero": 67, "nombre": "9 DE OCTUBRE", "area_ha": 6.43902230185588, "catastro_2014": "Existe"}, "geometry": {"type": "Polygon", "coordinates": [[[-78.655663, -1.677625], [-78.655095, -1.678098], [-78.655586, -1.678694], [-78.655011, -1.679148], [-78.655459, -1.67969], [-78.656012, -1.679212], [-78.656421, -1.679714], [-78.657852, -1.678015], [-78.656768, -1.676693], [-78.656224, -1.677147], [-78.655759, -1.676556], [-78.655187, -1.677042], [-78.655663, -1.677625]]]}}, {"type": "Feature", "properties": {"numero": 68, "nombre": "QUINTA MOSQUERA", "area_ha": 5.482499300066786, "catastro_2014": "No encontrado"}, "geometry": {"type": "Polygon", "coordinates": [[[-78.653476, -1.678443], [-78.65552, -1.680886], [-78.656421, -1.679714], [-78.656012, -1.679212], [-78.655459, -1.67969], [-78.655011, -1.679148], [-78.655586, -1.678694], [-78.655095, -1.678098], [-78.655663, -1.677625], [-78.655187, -1.677042], [-78.653476, -1.678443]]]}}, {"type": "Feature", "properties": {"numero": 69, "nombre": "CENTENARIO", "area_ha": 3.229554791716979, "catastro_2014": "Existe"}, "geometry": {"type": "MultiPolygon", "coordinates": [[[[-78.653479, -1.678441], [-78.653476, -1.678443], [-78.653484, -1.678447], [-78.653479, -1.678441]]], [[[-78.652015, -1.67784], [-78.652463, -1.678378], [-78.653016, -1.677903], [-78.653479, -1.678441], [-78.654614, -1.677513], [-78.653713, -1.676395], [-78.652015, -1.67784]]]]}}, {"type": "Feature", "properties": {"numero": 70, "nombre": "COLON", "area_ha": 5.001981045090122, "catastro_2014": "No encontrado"}, "geometry": {"type": "Polygon", "coordinates": [[[-78.654271, -1.67592], [-78.653269, -1.674713], [-78.651577, -1.676173], [-78.652067, -1.676755], [-78.651506, -1.677216], [-78.652012, -1.677829], [-78.654271, -1.67592]]]}}, {"type": "Feature", "properties": {"numero": 71, "nombre": "SANTA ROSA", "area_ha": 10.464908664628238, "catastro_2014": "Existe"}, "geometry": {"type": "Polygon", "coordinates": [[[-78.651915, -1.673064], [-78.652858, -1.674194], [-78.652297, -1.674684], [-78.652709, -1.675194], [-78.6566, -1.671797], [-78.656232, -1.671307], [-78.655746, -1.67173], [-78.655221, -1.671103], [-78.654667, -1.671588], [-78.654249, -1.671063], [-78.651915, -1.673064]]]}}, {"type": "Feature", "properties": {"numero": 72, "nombre": "EL TEJAR", "area_ha": 5.31400483000585, "catastro_2014": "Existe"}, "geometry": {"type": "Polygon", "coordinates": [[[-78.651012, -1.676666], [-78.650608, -1.676167], [-78.650036, -1.676642], [-78.650476, -1.677131], [-78.64994, -1.677593], [-78.651346, -1.679337], [-78.652463, -1.678378], [-78.651506, -1.677216], [-78.652067, -1.676755], [-78.651577, -1.676173], [-78.651012, -1.676666]]]}}, {"type": "Feature", "properties": {"numero": 73, "nombre": "LA MERCED", "area_ha": 20.946824046588013, "catastro_2014": "No encontrado"}, "geometry": {"type": "Polygon", "coordinates": [[[-78.651012, -1.676666], [-78.652709, -1.675194], [-78.652297, -1.674684], [-78.652858, -1.674194], [-78.651915, -1.673064], [-78.652455, -1.672594], [-78.651051, -1.670821], [-78.647685, -1.673741], [-78.648629, -1.674907], [-78.648066, -1.675383], [-78.64854, -1.67598], [-78.649145, -1.675488], [-78.649611, -1.676078], [-78.650142, -1.675568], [-78.651012, -1.676666]]]}}, {"type": "Feature", "properties": {"numero": 74, "nombre": "LA CONCEPCION", "area_ha": 4.796317418396028, "catastro_2014": "Existe"}, "geometry": {"type": "Polygon", "coordinates": [[[-78.650487, -1.671309], [-78.650031, -1.67074], [-78.650579, -1.670254], [-78.650102, -1.669672], [-78.647846, -1.671635], [-78.648807, -1.672767], [-78.650487, -1.671309]]]}}, {"type": "Feature", "properties": {"numero": 75, "nombre": "SAN ALFONSO", "area_ha": 33.36379771111968, "catastro_2014": "Existe"}, "geometry": {"type": "Polygon", "coordinates": [[[-78.643585, -1.666118], [-78.643366, -1.666371], [-78.641718, -1.66769], [-78.64216, -1.668211], [-78.642674, -1.66779], [-78.644867, -1.670371], [-78.642597, -1.672372], [-78.643097, -1.672946], [-78.644203, -1.671936], [-78.64514, -1.673032], [-78.644014, -1.674037], [-78.644446, -1.674539], [-78.646145, -1.673066], [-78.64661, -1.67368], [-78.647206, -1.673172], [-78.647685, -1.673741], [-78.648807, -1.672767], [-78.647846, -1.671635], [-78.648417, -1.671132], [-78.646995, -1.66941], [-78.645884, -1.670407], [-78.644924, -1.669254], [-78.645495, -1.668737], [-78.645005, -1.668169], [-78.647183, -1.666194], [-78.646252, -1.665093], [-78.645663, -1.6656], [-78.645066, -1.664894], [-78.643585, -1.666118]]]}}, {"type": "Feature", "properties": {"numero": 76, "nombre": "LA SALLE", "area_ha": 10.204547359547059, "catastro_2014": "No encontrado"}, "geometry": {"type": "Polygon", "coordinates": [[[-78.649124, -1.668542], [-78.648176, -1.667403], [-78.647638, -1.667892], [-78.646598, -1.66669], [-78.645005, -1.668169], [-78.645495, -1.668737], [-78.644924, -1.669254], [-78.645884, -1.670407], [-78.646995, -1.66941], [-78.647474, -1.669986], [-78.649124, -1.668542]]]}}, {"type": "Feature", "properties": {"numero": 77, "nombre": "LA TRINIDAD", "area_ha": 12.873493270234725, "catastro_2014": "No encontrado"}, "geometry": {"type": "Polygon", "coordinates": [[[-78.644867, -1.670371], [-78.642674, -1.66779], [-78.641506, -1.668746], [-78.641898, -1.669213], [-78.639943, -1.671294], [-78.642249, -1.671683], [-78.642127, -1.671794], [-78.642597, -1.672372], [-78.644867, -1.670371]]]}}, {"type": "Feature", "properties": {"numero": 78, "nombre": "SANTA MARIANITA", "area_ha": 4.55307782571558, "catastro_2014": "Existe"}, "geometry": {"type": "Polygon", "coordinates": [[[-78.64514, -1.673032], [-78.644203, -1.671936], [-78.643097, -1.672946], [-78.642597, -1.672372], [-78.641534, -1.673332], [-78.642023, -1.673924], [-78.642532, -1.67344], [-78.642931, -1.6739], [-78.643502, -1.673413], [-78.644014, -1.674037], [-78.64514, -1.673032]]]}}, {"type": "Feature", "properties": {"numero": 79, "nombre": "SAN FRANCISCO", "area_ha": 12.430174751334079, "catastro_2014": "Existe"}, "geometry": {"type": "Polygon", "coordinates": [[[-78.648629, -1.674907], [-78.647685, -1.673741], [-78.647206, -1.673172], [-78.64661, -1.67368], [-78.646145, -1.673066], [-78.644446, -1.674539], [-78.644935, -1.675122], [-78.644358, -1.67563], [-78.644856, -1.676219], [-78.645427, -1.675708], [-78.645923, -1.676298], [-78.645354, -1.676786], [-78.645824, -1.677332], [-78.646402, -1.676869], [-78.64687, -1.677427], [-78.647415, -1.676954], [-78.646924, -1.676394], [-78.648629, -1.674907]]]}}, {"type": "Feature", "properties": {"numero": 80, "nombre": "LA JOYA", "area_ha": 19.629310593595065, "catastro_2014": "Existe"}, "geometry": {"type": "Polygon", "coordinates": [[[-78.649948, -1.677589], [-78.650476, -1.677131], [-78.650036, -1.676642], [-78.650608, -1.676167], [-78.650142, -1.675568], [-78.649611, -1.676078], [-78.649145, -1.675488], [-78.64854, -1.67598], [-78.648066, -1.675383], [-78.646924, -1.676394], [-78.647415, -1.676954], [-78.64687, -1.677427], [-78.646402, -1.676869], [-78.645303, -1.677811], [-78.647148, -1.679989], [-78.647533, -1.680507], [-78.649223, -1.679129], [-78.649784, -1.679788], [-78.650896, -1.678817], [-78.649948, -1.677589]]]}}, {"type": "Feature", "properties": {"numero": 81, "nombre": "SANTA FAZ", "area_ha": 14.407441308903726, "catastro_2014": "No encontrado"}, "geometry": {"type": "Polygon", "coordinates": [[[-78.651836, -1.682238], [-78.65232, -1.681719], [-78.652753, -1.682229], [-78.653805, -1.681141], [-78.654882, -1.680122], [-78.653017, -1.677904], [-78.651346, -1.679337], [-78.650896, -1.678817], [-78.649784, -1.679788], [-78.651836, -1.682238]]]}}, {"type": "Feature", "properties": {"numero": 82, "nombre": "LA PAZ", "area_ha": 11.01679369002955, "catastro_2014": "No encontrado"}, "geometry": {"type": "Polygon", "coordinates": [[[-78.651608, -1.681979], [-78.649223, -1.679129], [-78.647533, -1.680507], [-78.649007, -1.682246], [-78.648586, -1.682856], [-78.649785, -1.683625], [-78.651608, -1.681979]]]}}, {"type": "Feature", "properties": {"numero": 83, "nombre": "EL SOL", "area_ha": 4.17102335994866, "catastro_2014": "No encontrado"}, "geometry": {"type": "Polygon", "coordinates": [[[-78.648361, -1.684406], [-78.648778, -1.683815], [-78.649375, -1.684225], [-78.649785, -1.683625], [-78.648586, -1.682856], [-78.648093, -1.682403], [-78.647499, -1.682025], [-78.646746, -1.683198], [-78.648361, -1.684406]]]}}, {"type": "Feature", "properties": {"numero": 84, "nombre": "QUINTA LA ROSITA", "area_ha": 6.208245446235266, "catastro_2014": "No encontrado"}, "geometry": {"type": "Polygon", "coordinates": [[[-78.64621, -1.68013], [-78.645341, -1.681406], [-78.646009, -1.681865], [-78.646395, -1.681263], [-78.646965, -1.681651], [-78.64657, -1.682244], [-78.647116, -1.682621], [-78.647499, -1.682025], [-78.648093, -1.682403], [-78.648586, -1.682856], [-78.649007, -1.682246], [-78.646746, -1.679531], [-78.64621, -1.68013]]]}}, {"type": "Feature", "properties": {"numero": 85, "nombre": "LOS ARUPOS", "area_ha": 2.424567280515971, "catastro_2014": "Existe"}, "geometry": {"type": "Polygon", "coordinates": [[[-78.647116, -1.682621], [-78.64657, -1.682244], [-78.646965, -1.681651], [-78.646395, -1.681263], [-78.646009, -1.681865], [-78.645341, -1.681406], [-78.644955, -1.681972], [-78.646746, -1.683198], [-78.647116, -1.682621]]]}}, {"type": "Feature", "properties": {"numero": 86, "nombre": "LA DOLOROSA", "area_ha": 23.63789909412447, "catastro_2014": "Existe"}, "geometry": {"type": "Polygon", "coordinates": [[[-78.64309, -1.677751], [-78.642588, -1.67717], [-78.641445, -1.678277], [-78.643025, -1.680165], [-78.643368, -1.684097], [-78.643622, -1.683929], [-78.64621, -1.68013], [-78.646746, -1.679531], [-78.645303, -1.677811], [-78.645824, -1.677332], [-78.645354, -1.676786], [-78.645923, -1.676298], [-78.645427, -1.675708], [-78.64309, -1.677751]]]}}, {"type": "Feature", "properties": {"numero": 87, "nombre": "PRIMERA CONSTITUYENTE", "area_ha": 14.662668088604498, "catastro_2014": "Existe"}, "geometry": {"type": "Polygon", "coordinates": [[[-78.646746, -1.683198], [-78.644955, -1.681972], [-78.643622, -1.683929], [-78.643368, -1.684097], [-78.64356, -1.68573], [-78.643606, -1.68578], [-78.64757, -1.685554], [-78.648361, -1.684406], [-78.646746, -1.683198]]]}}, {"type": "Feature", "properties": {"numero": 88, "nombre": "SANTA ANITA", "area_ha": 7.435242127607312, "catastro_2014": "Existe"}, "geometry": {"type": "Polygon", "coordinates": [[[-78.643393, -1.684327], [-78.643069, -1.680561], [-78.642508, -1.680657], [-78.642401, -1.680827], [-78.641154, -1.681809], [-78.640926, -1.682252], [-78.642186, -1.683467], [-78.641736, -1.68386], [-78.642795, -1.68488], [-78.643393, -1.684327]]]}}, {"type": "Feature", "properties": {"numero": 89, "nombre": "VILLA MARIA", "area_ha": 19.50902716547643, "catastro_2014": "No encontrado"}, "geometry": {"type": "Polygon", "coordinates": [[[-78.640323, -1.674368], [-78.641161, -1.67537], [-78.640583, -1.675857], [-78.640236, -1.675445], [-78.639667, -1.675934], [-78.640387, -1.676877], [-78.640454, -1.67719], [-78.64089, -1.677724], [-78.640147, -1.67839], [-78.641416, -1.678243], [-78.641445, -1.678277], [-78.642588, -1.67717], [-78.64309, -1.677751], [-78.644856, -1.676219], [-78.644358, -1.67563], [-78.644935, -1.675122], [-78.643502, -1.673413], [-78.642931, -1.6739], [-78.642532, -1.67344], [-78.642023, -1.673924], [-78.641534, -1.673332], [-78.640323, -1.674368]]]}}, {"type": "Feature", "properties": {"numero": 90, "nombre": "LA PREVISORA", "area_ha": 4.638757006470868, "catastro_2014": "Existe"}, "geometry": {"type": "Polygon", "coordinates": [[[-78.63916, -1.677133], [-78.638269, -1.677897], [-78.638836, -1.678572], [-78.640147, -1.67839], [-78.64089, -1.677724], [-78.640454, -1.67719], [-78.640387, -1.676877], [-78.639667, -1.675934], [-78.638755, -1.6767], [-78.63916, -1.677133]]]}}, {"type": "Feature", "properties": {"numero": 91, "nombre": "BELLAVISTA", "area_ha": 43.67258482765829, "catastro_2014": "Existe"}, "geometry": {"type": "Polygon", "coordinates": [[[-78.63762, -1.678886], [-78.638836, -1.678572], [-78.638269, -1.677897], [-78.63916, -1.677133], [-78.638755, -1.6767], [-78.640236, -1.675445], [-78.640583, -1.675857], [-78.641161, -1.67537], [-78.640323, -1.674368], [-78.642597, -1.672372], [-78.642127, -1.671794], [-78.642249, -1.671683], [-78.639943, -1.671294], [-78.637839, -1.672508], [-78.637161, -1.672998], [-78.636934, -1.672719], [-78.635398, -1.673587], [-78.632714, -1.675702], [-78.633486, -1.676603], [-78.63318, -1.676686], [-78.633423, -1.677642], [-78.633366, -1.677653], [-78.633448, -1.678001], [-78.636018, -1.677334], [-78.635938, -1.677044], [-78.636333, -1.676943], [-78.636263, -1.67668], [-78.636284, -1.676599], [-78.636646, -1.676477], [-78.636831, -1.677127], [-78.637143, -1.677041], [-78.63762, -1.678886]]]}}, {"type": "Feature", "properties": {"numero": 92, "nombre": "PUCARA", "area_ha": 25.217552511737445, "catastro_2014": "Existe"}, "geometry": {"type": "Polygon", "coordinates": [[[-78.641416, -1.678243], [-78.639073, -1.678513], [-78.632698, -1.68016], [-78.633004, -1.681391], [-78.633772, -1.682134], [-78.63472, -1.681289], [-78.635184, -1.681811], [-78.635458, -1.681891], [-78.636275, -1.68142], [-78.636656, -1.681725], [-78.637568, -1.682678], [-78.641921, -1.678834], [-78.641416, -1.678243]]]}}, {"type": "Feature", "properties": {"numero": 93, "nombre": "LA POLITECNICA", "area_ha": 18.01017524200132, "catastro_2014": "Existe"}, "geometry": {"type": "Polygon", "coordinates": [[[-78.642795, -1.68488], [-78.641736, -1.68386], [-78.642186, -1.683467], [-78.640926, -1.682252], [-78.639914, -1.683973], [-78.640101, -1.684174], [-78.638295, -1.685731], [-78.638896, -1.686334], [-78.638121, -1.686994], [-78.637565, -1.687544], [-78.63861, -1.68866], [-78.64219, -1.686266], [-78.641753, -1.685822], [-78.642795, -1.68488]]]}}, {"type": "Feature", "properties": {"numero": 94, "nombre": "LOTIZACION DAQUILEMA", "area_ha": 4.79764544173513, "catastro_2014": "No encontrado"}, "geometry": {"type": "Polygon", "coordinates": [[[-78.634211, -1.686311], [-78.63312, -1.687835], [-78.634388, -1.688879], [-78.634707, -1.68846], [-78.635349, -1.688981], [-78.636002, -1.688149], [-78.634211, -1.686311]]]}}, {"type": "Feature", "properties": {"numero": 95, "nombre": "SAN RAFAEL", "area_ha": 32.98360330883066, "catastro_2014": "Existe"}, "geometry": {"type": "Polygon", "coordinates": [[[-78.638121, -1.686994], [-78.638896, -1.686334], [-78.638295, -1.685731], [-78.640101, -1.684174], [-78.639914, -1.683973], [-78.641154, -1.681809], [-78.642401, -1.680827], [-78.642508, -1.680657], [-78.643069, -1.680561], [-78.642997, -1.680114], [-78.641921, -1.678834], [-78.636012, -1.684075], [-78.63515, -1.685001], [-78.634211, -1.686311], [-78.636002, -1.688149], [-78.637034, -1.686947], [-78.637565, -1.687544], [-78.638121, -1.686994]]]}}, {"type": "Feature", "properties": {"numero": 96, "nombre": "UNION", "area_ha": 7.673386612129546, "catastro_2014": "No encontrado"}, "geometry": {"type": "Polygon", "coordinates": [[[-78.637034, -1.686947], [-78.636002, -1.688149], [-78.634375, -1.690174], [-78.635577, -1.690168], [-78.63613, -1.690062], [-78.636607, -1.689908], [-78.637043, -1.689698], [-78.63861, -1.68866], [-78.637034, -1.686947]]]}}, {"type": "Feature", "properties": {"numero": 97, "nombre": "LOS ALTARES", "area_ha": 5.376867922417044, "catastro_2014": "No encontrado"}, "geometry": {"type": "Polygon", "coordinates": [[[-78.634375, -1.690174], [-78.635349, -1.688981], [-78.634707, -1.68846], [-78.634388, -1.688879], [-78.63312, -1.687835], [-78.632179, -1.689184], [-78.631936, -1.68945], [-78.632212, -1.689642], [-78.632913, -1.689975], [-78.633678, -1.690124], [-78.634375, -1.690174]]]}}, {"type": "Feature", "properties": {"numero": 98, "nombre": "AUTOMODELO SUR", "area_ha": 1.139886717635411, "catastro_2014": "No encontrado"}, "geometry": {"type": "Polygon", "coordinates": [[[-78.630644, -1.686073], [-78.631859, -1.685778], [-78.631719, -1.685193], [-78.630246, -1.685543], [-78.630393, -1.686207], [-78.630644, -1.686073]]]}}, {"type": "Feature", "properties": {"numero": 99, "nombre": "BOLIVAR CHIRIBOGA", "area_ha": 2.819228758341386, "catastro_2014": "Existe"}, "geometry": {"type": "Polygon", "coordinates": [[[-78.631453, -1.681767], [-78.633293, -1.683268], [-78.633969, -1.682363], [-78.633004, -1.681391], [-78.631453, -1.681767]]]}}, {"type": "Feature", "properties": {"numero": 100, "nombre": "PARQUE INDUSTRIAL", "area_ha": 75.32418626797515, "catastro_2014": "No encontrado"}, "geometry": {"type": "Polygon", "coordinates": [[[-78.629953, -1.677806], [-78.629985, -1.679023], [-78.629324, -1.679463], [-78.629154, -1.67969], [-78.629941, -1.680626], [-78.629953, -1.681002], [-78.629897, -1.681056], [-78.629326, -1.68122], [-78.629352, -1.682291], [-78.629426, -1.682416], [-78.629252, -1.682455], [-78.629512, -1.682934], [-78.628901, -1.683083], [-78.62962, -1.68408], [-78.630035, -1.684509], [-78.630145, -1.684569], [-78.630246, -1.685543], [-78.631719, -1.685193], [-78.631859, -1.685778], [-78.630644, -1.686073], [-78.630199, -1.686351], [-78.62983, -1.686715], [-78.6302, -1.687347], [-78.630562, -1.687139], [-78.630734, -1.687779], [-78.630947, -1.688332], [-78.62825, -1.690254], [-78.628708, -1.690907], [-78.628266, -1.691125], [-78.627087, -1.691845], [-78.628722, -1.693944], [-78.629671, -1.692688], [-78.631935, -1.68945], [-78.63515, -1.685001], [-78.635467, -1.684673], [-78.633748, -1.683524], [-78.63368, -1.683584], [-78.631453, -1.681767], [-78.633004, -1.681391], [-78.632698, -1.68016], [-78.63762, -1.678886], [-78.637143, -1.677041], [-78.636831, -1.677127], [-78.636646, -1.676477], [-78.636284, -1.676599], [-78.636263, -1.67668], [-78.636333, -1.676943], [-78.635938, -1.677044], [-78.636018, -1.677334], [-78.633448, -1.678001], [-78.633366, -1.677653], [-78.633423, -1.677642], [-78.63318, -1.676686], [-78.631933, -1.677018], [-78.631771, -1.676374], [-78.629953, -1.677806]]]}}, {"type": "Feature", "properties": {"numero": 101, "nombre": "MEDIO MUNDIO", "area_ha": 27.527133096204512, "catastro_2014": "Existe"}, "geometry": {"type": "Polygon", "coordinates": [[[-78.626213, -1.681755], [-78.625954, -1.681731], [-78.625365, -1.681856], [-78.625322, -1.682723], [-78.625616, -1.68493], [-78.625711, -1.685139], [-78.626379, -1.685851], [-78.627593, -1.687992], [-78.629775, -1.686667], [-78.630393, -1.686207], [-78.630258, -1.685644], [-78.630145, -1.684569], [-78.630035, -1.684509], [-78.62962, -1.68408], [-78.628901, -1.683083], [-78.629512, -1.682934], [-78.629252, -1.682455], [-78.629426, -1.682416], [-78.629352, -1.682291], [-78.629326, -1.68122], [-78.62897, -1.681342], [-78.628269, -1.68149], [-78.626213, -1.681755]]]}}, {"type": "Feature", "properties": {"numero": 102, "nombre": "LOS LAURES", "area_ha": 21.77327012450197, "catastro_2014": "Existe"}, "geometry": {"type": "Polygon", "coordinates": [[[-78.629154, -1.67969], [-78.629324, -1.679463], [-78.629985, -1.679023], [-78.629945, -1.677044], [-78.630161, -1.67638], [-78.629778, -1.675991], [-78.62865, -1.674597], [-78.628199, -1.675448], [-78.627834, -1.676563], [-78.627622, -1.677087], [-78.626854, -1.678647], [-78.626795, -1.679007], [-78.626613, -1.679265], [-78.626451, -1.679846], [-78.626044, -1.680778], [-78.625468, -1.681834], [-78.625954, -1.681731], [-78.626213, -1.681755], [-78.628269, -1.68149], [-78.62897, -1.681342], [-78.629897, -1.681056], [-78.629953, -1.681002], [-78.629941, -1.680626], [-78.629154, -1.67969]]]}}, {"type": "Feature", "properties": {"numero": 103, "nombre": "SAN FRANCISCO DE PISIN", "area_ha": 4.991131540797806, "catastro_2014": "Existe"}, "geometry": {"type": "Polygon", "coordinates": [[[-78.629753, -1.673146], [-78.629376, -1.673576], [-78.62865, -1.674597], [-78.629778, -1.675991], [-78.630161, -1.67638], [-78.630241, -1.676136], [-78.630622, -1.675505], [-78.631217, -1.674915], [-78.629753, -1.673146]]]}}, {"type": "Feature", "properties": {"numero": 104, "nombre": "PERIMETRO DE LAS INDUSTRIAS", "area_ha": 43.03200915801202, "catastro_2014": "Existe"}, "geometry": {"type": "Polygon", "coordinates": [[[-78.638361, -1.666622], [-78.635494, -1.666938], [-78.633744, -1.667322], [-78.63276, -1.667616], [-78.632198, -1.668907], [-78.632023, -1.669405], [-78.631713, -1.670025], [-78.631519, -1.670586], [-78.631158, -1.671302], [-78.630566, -1.672286], [-78.629753, -1.673146], [-78.631217, -1.674915], [-78.634848, -1.672111], [-78.63653, -1.670997], [-78.637023, -1.670595], [-78.63743, -1.670086], [-78.637894, -1.669134], [-78.638361, -1.666622]]]}}, {"type": "Feature", "properties": {"numero": 105, "nombre": "LA ESPERANZA I", "area_ha": 3.058679567518708, "catastro_2014": "No encontrado"}, "geometry": {"type": "Polygon", "coordinates": [[[-78.638361, -1.666622], [-78.638481, -1.666381], [-78.637205, -1.665069], [-78.635937, -1.666256], [-78.636455, -1.666824], [-78.638361, -1.666622]]]}}, {"type": "Feature", "properties": {"numero": 106, "nombre": "BARRIO JOSE LASCANO", "area_ha": 10.936960221267734, "catastro_2014": "No encontrado"}, "geometry": {"type": "Polygon", "coordinates": [[[-78.635766, -1.6635], [-78.635449, -1.663236], [-78.634935, -1.663953], [-78.634477, -1.664699], [-78.633449, -1.666133], [-78.63276, -1.667616], [-78.633744, -1.667322], [-78.634604, -1.667124], [-78.635494, -1.666938], [-78.636455, -1.666824], [-78.635937, -1.666256], [-78.637205, -1.665069], [-78.635766, -1.6635]]]}}, {"type": "Feature", "properties": {"numero": 107, "nombre": "JUAN DE VELAZCO", "area_ha": 8.341133041716962, "catastro_2014": "Existe"}, "geometry": {"type": "Polygon", "coordinates": [[[-78.637894, -1.669134], [-78.63743, -1.670086], [-78.637023, -1.670595], [-78.63653, -1.670997], [-78.635969, -1.67134], [-78.637161, -1.672998], [-78.637839, -1.672508], [-78.639783, -1.671383], [-78.637894, -1.669134]]]}}, {"type": "Feature", "properties": {"numero": 108, "nombre": "PUEBLO UNIDO", "area_ha": 16.673694145326827, "catastro_2014": "Existe"}, "geometry": {"type": "Polygon", "coordinates": [[[-78.640904, -1.666722], [-78.640254, -1.66727], [-78.639357, -1.666164], [-78.639104, -1.666024], [-78.638829, -1.665754], [-78.638361, -1.666622], [-78.637894, -1.669134], [-78.639783, -1.671383], [-78.639943, -1.671294], [-78.641898, -1.669213], [-78.641506, -1.668746], [-78.64216, -1.668211], [-78.640904, -1.666722]]]}}, {"type": "Feature", "properties": {"numero": 109, "nombre": "MIRADOR ALTO", "area_ha": 4.812065191003478, "catastro_2014": "Existe"}, "geometry": {"type": "Polygon", "coordinates": [[[-78.641437, -1.666337], [-78.640955, -1.66615], [-78.64063, -1.665901], [-78.640582, -1.665803], [-78.640222, -1.66542], [-78.640581, -1.665002], [-78.640222, -1.664573], [-78.6396, -1.664901], [-78.639357, -1.665095], [-78.639115, -1.665345], [-78.638829, -1.665754], [-78.639104, -1.666024], [-78.639357, -1.666164], [-78.640254, -1.66727], [-78.640904, -1.666722], [-78.641718, -1.66769], [-78.642239, -1.667281], [-78.641437, -1.666337]]]}}, {"type": "Feature", "properties": {"numero": 110, "nombre": "EL ESFUERZO", "area_ha": 11.053425387294581, "catastro_2014": "Existe"}, "geometry": {"type": "Polygon", "coordinates": [[[-78.641437, -1.666337], [-78.642239, -1.667281], [-78.643457, -1.666266], [-78.642442, -1.665026], [-78.644038, -1.663734], [-78.644489, -1.664292], [-78.645111, -1.663743], [-78.6446, -1.663288], [-78.643927, -1.662798], [-78.640222, -1.664573], [-78.640581, -1.665002], [-78.640222, -1.66542], [-78.640582, -1.665803], [-78.64063, -1.665901], [-78.641049, -1.666189], [-78.641437, -1.666337]]]}}, {"type": "Feature", "properties": {"numero": 111, "nombre": "CAMILO PONCE", "area_ha": 2.970404216527945, "catastro_2014": "Existe"}, "geometry": {"type": "Polygon", "coordinates": [[[-78.637963, -1.662349], [-78.637115, -1.663103], [-78.638078, -1.664722], [-78.639182, -1.663789], [-78.637963, -1.662349]]]}}, {"type": "Feature", "properties": {"numero": 112, "nombre": "EUGENIO ESPEJO", "area_ha": 26.477456994140574, "catastro_2014": "Existe"}, "geometry": {"type": "Polygon", "coordinates": [[[-78.631968, -1.660731], [-78.631618, -1.660709], [-78.631262, -1.660745], [-78.631048, -1.660924], [-78.631244, -1.661113], [-78.633013, -1.662371], [-78.633601, -1.662724], [-78.634812, -1.662947], [-78.635449, -1.663236], [-78.63637, -1.661898], [-78.637115, -1.663103], [-78.637963, -1.662349], [-78.639182, -1.663789], [-78.638078, -1.664722], [-78.638153, -1.664891], [-78.638829, -1.665754], [-78.639115, -1.665345], [-78.6396, -1.664901], [-78.641212, -1.664079], [-78.640565, -1.66366], [-78.637491, -1.660935], [-78.637021, -1.660612], [-78.636027, -1.660036], [-78.635167, -1.659661], [-78.633959, -1.658997], [-78.633331, -1.659298], [-78.632982, -1.659699], [-78.63266, -1.659914], [-78.632139, -1.660609], [-78.631968, -1.660731]]]}}, {"type": "Feature", "properties": {"numero": 113, "nombre": "ORIENTAL", "area_ha": 2.32659510389208, "catastro_2014": "Existe"}, "geometry": {"type": "Polygon", "coordinates": [[[-78.636867, -1.664705], [-78.638481, -1.666381], [-78.638829, -1.665754], [-78.638153, -1.664891], [-78.637585, -1.663892], [-78.636867, -1.664705]]]}}, {"type": "Feature", "properties": {"numero": 114, "nombre": "COOPERATIVA SAN MARTIN", "area_ha": 3.457911959988252, "catastro_2014": "No encontrado"}, "geometry": {"type": "Polygon", "coordinates": [[[-78.635449, -1.663236], [-78.635766, -1.6635], [-78.636867, -1.664705], [-78.637585, -1.663892], [-78.63637, -1.661898], [-78.635449, -1.663236]]]}}, {"type": "Feature", "properties": {"numero": 115, "nombre": "MIRADOR ALTO II", "area_ha": 2.006445515968022, "catastro_2014": "Existe"}, "geometry": {"type": "Polygon", "coordinates": [[[-78.642334, -1.659816], [-78.64156, -1.6613], [-78.642092, -1.661637], [-78.642402, -1.661736], [-78.643217, -1.660512], [-78.642334, -1.659816]]]}}, {"type": "Feature", "properties": {"numero": 116, "nombre": "COMPLEJO LA PANADERIA", "area_ha": 8.26658606070083, "catastro_2014": "No encontrado"}, "geometry": {"type": "Polygon", "coordinates": [[[-78.641273, -1.661903], [-78.641698, -1.662274], [-78.641629, -1.662389], [-78.6416, -1.663062], [-78.641411, -1.663984], [-78.645519, -1.66208], [-78.643217, -1.660512], [-78.642402, -1.661736], [-78.642092, -1.661637], [-78.641561, -1.661298], [-78.641273, -1.661903]]]}}, {"type": "Feature", "properties": {"numero": 117, "nombre": "JOSE MANCERO", "area_ha": 23.425488130836563, "catastro_2014": "Existe"}, "geometry": {"type": "Polygon", "coordinates": [[[-78.641503, -1.65883], [-78.639912, -1.656801], [-78.639693, -1.656796], [-78.63816, -1.658817], [-78.637639, -1.659797], [-78.636994, -1.660597], [-78.637491, -1.660935], [-78.640565, -1.66366], [-78.641212, -1.664079], [-78.641411, -1.663984], [-78.641612, -1.66297], [-78.641629, -1.662389], [-78.641698, -1.662274], [-78.641273, -1.661903], [-78.641561, -1.661298], [-78.641503, -1.65883]]]}}, {"type": "Feature", "properties": {"numero": 118, "nombre": "21 DE ABRIL", "area_ha": 19.802835129251235, "catastro_2014": "Existe"}, "geometry": {"type": "Polygon", "coordinates": [[[-78.643827, -1.658277], [-78.643418, -1.657762], [-78.642404, -1.658924], [-78.642207, -1.659474], [-78.642334, -1.659816], [-78.642736, -1.660164], [-78.645519, -1.66208], [-78.646188, -1.661783], [-78.648165, -1.660749], [-78.64571, -1.657635], [-78.645461, -1.657018], [-78.643827, -1.658277]]]}}, {"type": "Feature", "properties": {"numero": 119, "nombre": "BRIGADA GALAPAGOS", "area_ha": 2.51388924205442, "catastro_2014": "Existe"}, "geometry": {"type": "Polygon", "coordinates": [[[-78.643418, -1.657762], [-78.643827, -1.658277], [-78.645461, -1.657018], [-78.645201, -1.655787], [-78.643418, -1.657762]]]}}, {"type": "Feature", "properties": {"numero": 120, "nombre": "11 DE NOVIEMBRE", "area_ha": 36.642540989579835, "catastro_2014": "Existe"}, "geometry": {"type": "Polygon", "coordinates": [[[-78.642199, -1.650048], [-78.641724, -1.650373], [-78.640908, -1.651001], [-78.640796, -1.651132], [-78.640615, -1.651484], [-78.640548, -1.651792], [-78.640583, -1.652518], [-78.641321, -1.654319], [-78.640508, -1.655732], [-78.639693, -1.656796], [-78.639912, -1.656801], [-78.641503, -1.65883], [-78.641561, -1.661299], [-78.642334, -1.659816], [-78.642207, -1.659474], [-78.642404, -1.658924], [-78.645201, -1.655787], [-78.644794, -1.65414], [-78.644534, -1.653529], [-78.643488, -1.651752], [-78.642853, -1.649865], [-78.642199, -1.650048]]]}}, {"type": "Feature", "properties": {"numero": 121, "nombre": "SAN ANTONIO DEL AEROPUERTO", "area_ha": 39.39470146282916, "catastro_2014": "Existe"}, "geometry": {"type": "Polygon", "coordinates": [[[-78.649456, -1.662494], [-78.649934, -1.659468], [-78.649861, -1.658174], [-78.650251, -1.654619], [-78.651104, -1.651396], [-78.651052, -1.651154], [-78.650591, -1.650407], [-78.649961, -1.649775], [-78.649577, -1.650115], [-78.649358, -1.650479], [-78.649297, -1.650654], [-78.649336, -1.65068], [-78.649272, -1.650796], [-78.649187, -1.650853], [-78.648922, -1.651433], [-78.648915, -1.651729], [-78.649313, -1.652432], [-78.649348, -1.65254], [-78.649333, -1.652731], [-78.649101, -1.653105], [-78.648723, -1.653514], [-78.648306, -1.654126], [-78.647878, -1.654574], [-78.646139, -1.655245], [-78.645149, -1.655546], [-78.645461, -1.657018], [-78.64571, -1.657635], [-78.648258, -1.660878], [-78.648792, -1.661865], [-78.648756, -1.661976], [-78.649043, -1.662446], [-78.649456, -1.662494]]]}}, {"type": "Feature", "properties": {"numero": 122, "nombre": "COOPERATIVA 9 DE OCTUBRE", "area_ha": 17.66559256665131, "catastro_2014": "Existe"}, "geometry": {"type": "Polygon", "coordinates": [[[-78.662649, -1.672312], [-78.661732, -1.673782], [-78.661155, -1.674316], [-78.66004, -1.675557], [-78.660297, -1.675655], [-78.661084, -1.675817], [-78.662243, -1.675573], [-78.6633, -1.675541], [-78.66357, -1.675577], [-78.664023, -1.675432], [-78.664243, -1.675299], [-78.664601, -1.675311], [-78.664903, -1.674749], [-78.665599, -1.674201], [-78.665774, -1.6739], [-78.66596, -1.67334], [-78.666198, -1.673405], [-78.666309, -1.673298], [-78.666529, -1.672388], [-78.66685, -1.67198], [-78.666951, -1.671463], [-78.667307, -1.671614], [-78.667614, -1.671557], [-78.667971, -1.670969], [-78.668192, -1.670869], [-78.6682, -1.670496], [-78.668264, -1.670331], [-78.668428, -1.670209], [-78.669155, -1.670268], [-78.669573, -1.670087], [-78.669365, -1.669611], [-78.669182, -1.668907], [-78.669164, -1.66837], [-78.668137, -1.667277], [-78.667699, -1.667873], [-78.662649, -1.672312]]]}}, {"type": "Feature", "properties": {"numero": 123, "nombre": "LA PRIMAVERA", "area_ha": 24.611352845839583, "catastro_2014": "Existe"}, "geometry": {"type": "Polygon", "coordinates": [[[-78.664655, -1.676012], [-78.664691, -1.6758], [-78.664535, -1.675434], [-78.664601, -1.675311], [-78.664243, -1.675299], [-78.664023, -1.675432], [-78.66357, -1.675577], [-78.6633, -1.675541], [-78.662243, -1.675573], [-78.661084, -1.675817], [-78.660297, -1.675655], [-78.66004, -1.675557], [-78.65916, -1.676555], [-78.65994, -1.677423], [-78.660856, -1.678634], [-78.66235, -1.681348], [-78.662739, -1.682155], [-78.663147, -1.68198], [-78.663668, -1.681998], [-78.663721, -1.68183], [-78.663658, -1.681213], [-78.663512, -1.680807], [-78.66353, -1.680635], [-78.663737, -1.680326], [-78.663788, -1.67972], [-78.66402, -1.679434], [-78.664049, -1.67915], [-78.66391, -1.678823], [-78.663972, -1.678016], [-78.66368, -1.677646], [-78.663716, -1.677388], [-78.664301, -1.676994], [-78.664383, -1.676822], [-78.664487, -1.676754], [-78.664661, -1.676934], [-78.664832, -1.676887], [-78.66485, -1.676668], [-78.664655, -1.676012]]]}}, {"type": "Feature", "properties": {"numero": 124, "nombre": "COOPERATIVA LIBERACION POPULAR", "area_ha": 24.601479118568875, "catastro_2014": "Existe"}, "geometry": {"type": "Polygon", "coordinates": [[[-78.657307, -1.681995], [-78.658103, -1.681702], [-78.658779, -1.681118], [-78.659291, -1.680742], [-78.661312, -1.679469], [-78.660666, -1.678342], [-78.65994, -1.677423], [-78.65916, -1.676555], [-78.657885, -1.677974], [-78.656443, -1.679685], [-78.654463, -1.682176], [-78.655747, -1.684302], [-78.65615, -1.683965], [-78.656295, -1.683666], [-78.656331, -1.683451], [-78.656436, -1.683312], [-78.656509, -1.683296], [-78.656606, -1.682773], [-78.656979, -1.682178], [-78.657307, -1.681995]]]}}, {"type": "Feature", "properties": {"numero": 125, "nombre": "LOS SHYRIS", "area_ha": 17.6911728581382, "catastro_2014": "No encontrado"}, "geometry": {"type": "Polygon", "coordinates": [[[-78.656509, -1.683296], [-78.656436, -1.683312], [-78.656331, -1.683451], [-78.656295, -1.683666], [-78.65615, -1.683965], [-78.655747, -1.684302], [-78.655922, -1.684496], [-78.656513, -1.683802], [-78.656787, -1.683707], [-78.65728, -1.683761], [-78.65747, -1.68372], [-78.65769, -1.683337], [-78.658101, -1.683039], [-78.658422, -1.682985], [-78.658796, -1.683022], [-78.659152, -1.682968], [-78.660138, -1.683245], [-78.660685, -1.683197], [-78.660863, -1.683126], [-78.661309, -1.683234], [-78.661502, -1.683222], [-78.662016, -1.683098], [-78.662215, -1.683151], [-78.662439, -1.683343], [-78.662586, -1.683268], [-78.662648, -1.682876], [-78.662952, -1.68239], [-78.662708, -1.682175], [-78.662739, -1.682154], [-78.66235, -1.681348], [-78.661312, -1.679469], [-78.659291, -1.680742], [-78.658779, -1.681118], [-78.658103, -1.681702], [-78.657307, -1.681995], [-78.656979, -1.682178], [-78.656606, -1.682773], [-78.656509, -1.683296]]]}}, {"type": "Feature", "properties": {"numero": 126, "nombre": "LA FLORIDA", "area_ha": 40.45152422802548, "catastro_2014": "Existe"}, "geometry": {"type": "Polygon", "coordinates": [[[-78.652753, -1.682229], [-78.65232, -1.681719], [-78.651836, -1.682238], [-78.651608, -1.681979], [-78.649785, -1.683625], [-78.649375, -1.684225], [-78.648778, -1.683815], [-78.64757, -1.685554], [-78.649244, -1.685461], [-78.649938, -1.686631], [-78.650151, -1.687612], [-78.64999, -1.688185], [-78.650031, -1.688299], [-78.650821, -1.688467], [-78.65124, -1.68846], [-78.651541, -1.688179], [-78.651832, -1.688066], [-78.652824, -1.687888], [-78.653169, -1.687619], [-78.653705, -1.686968], [-78.654122, -1.685934], [-78.654259, -1.685779], [-78.654384, -1.685713], [-78.654645, -1.685719], [-78.654829, -1.685779], [-78.65499, -1.685756], [-78.655922, -1.684496], [-78.655656, -1.6842], [-78.654463, -1.682176], [-78.65552, -1.680886], [-78.654882, -1.680122], [-78.653291, -1.681657], [-78.652753, -1.682229]]]}}, {"type": "Feature", "properties": {"numero": 127, "nombre": "EL ROSAL", "area_ha": 11.384401292428985, "catastro_2014": "Existe"}, "geometry": {"type": "Polygon", "coordinates": [[[-78.642771, -1.691849], [-78.643435, -1.691155], [-78.643968, -1.690475], [-78.643901, -1.689191], [-78.64351, -1.685959], [-78.643606, -1.68578], [-78.64356, -1.68573], [-78.643393, -1.684327], [-78.641753, -1.685822], [-78.64219, -1.686266], [-78.642104, -1.686324], [-78.642469, -1.687856], [-78.643008, -1.687725], [-78.643146, -1.688954], [-78.642811, -1.689025], [-78.642733, -1.689079], [-78.641646, -1.690273], [-78.641795, -1.690668], [-78.642578, -1.691566], [-78.642771, -1.691849]]]}}, {"type": "Feature", "properties": {"numero": 128, "nombre": "TENIS CLUB", "area_ha": 24.906504334657622, "catastro_2014": "No encontrado"}, "geometry": {"type": "Polygon", "coordinates": [[[-78.642733, -1.689079], [-78.642811, -1.689025], [-78.643146, -1.688954], [-78.643008, -1.687725], [-78.642469, -1.687856], [-78.642104, -1.686324], [-78.637397, -1.689469], [-78.640994, -1.693477], [-78.64161, -1.69276], [-78.641992, -1.692455], [-78.642229, -1.692346], [-78.642771, -1.691849], [-78.642578, -1.691566], [-78.641795, -1.690668], [-78.641646, -1.690273], [-78.642733, -1.689079]]]}}, {"type": "Feature", "properties": {"numero": 129, "nombre": "LA MERCED", "area_ha": 2.554277407374288, "catastro_2014": "No encontrado"}, "geometry": {"type": "Polygon", "coordinates": [[[-78.675898, -1.690702], [-78.676957, -1.691704], [-78.677915, -1.690652], [-78.676893, -1.689648], [-78.675898, -1.690702]]]}}, {"type": "Feature", "properties": {"numero": 130, "nombre": "SAN FRANCISCO", "area_ha": 4.003767338753573, "catastro_2014": "Existe"}, "geometry": {"type": "Polygon", "coordinates": [[[-78.679476, -1.689023], [-78.678408, -1.688015], [-78.676893, -1.689648], [-78.677915, -1.690652], [-78.679476, -1.689023]]]}}, {"type": "Feature", "properties": {"numero": 131, "nombre": "CENTRAL", "area_ha": 11.335057803455673, "catastro_2014": "Existe"}, "geometry": {"type": "Polygon", "coordinates": [[[-78.673794, -1.688718], [-78.675898, -1.690702], [-78.678408, -1.688015], [-78.676787, -1.686493], [-78.67531, -1.688111], [-78.674761, -1.687596], [-78.673794, -1.688718]]]}}, {"type": "Feature", "properties": {"numero": 132, "nombre": "LA PISCINA", "area_ha": 8.806247690262726, "catastro_2014": "Existe"}, "geometry": {"type": "Polygon", "coordinates": [[[-78.679857, -1.689368], [-78.679476, -1.689023], [-78.676957, -1.691704], [-78.677474, -1.692175], [-78.676504, -1.693301], [-78.676902, -1.693757], [-78.676952, -1.69371], [-78.67816, -1.693685], [-78.678167, -1.693281], [-78.678039, -1.69272], [-78.678156, -1.69252], [-78.678213, -1.692138], [-78.678946, -1.691385], [-78.679064, -1.690957], [-78.679333, -1.691314], [-78.679437, -1.691319], [-78.679523, -1.691118], [-78.679821, -1.69075], [-78.680345, -1.690235], [-78.680353, -1.690003], [-78.68068, -1.689833], [-78.680363, -1.689403], [-78.680462, -1.689187], [-78.680899, -1.688991], [-78.68089, -1.688895], [-78.680348, -1.68878], [-78.679857, -1.689368]]]}}, {"type": "Feature", "properties": {"numero": 133, "nombre": "SANTA ROSA", "area_ha": 20.723320886770406, "catastro_2014": "Existe"}, "geometry": {"type": "Polygon", "coordinates": [[[-78.674298, -1.689189], [-78.674161, -1.689327], [-78.673916, -1.689472], [-78.673121, -1.689416], [-78.673103, -1.689604], [-78.67327, -1.690545], [-78.672873, -1.691129], [-78.673126, -1.691976], [-78.673527, -1.692579], [-78.67346, -1.692777], [-78.673247, -1.693069], [-78.673164, -1.693342], [-78.673307, -1.693664], [-78.673919, -1.69375], [-78.674244, -1.694433], [-78.674385, -1.695361], [-78.674346, -1.695441], [-78.674417, -1.695699], [-78.674507, -1.69579], [-78.674821, -1.695705], [-78.675287, -1.695413], [-78.675321, -1.695289], [-78.675392, -1.695217], [-78.675839, -1.694869], [-78.675762, -1.694743], [-78.676008, -1.694274], [-78.676273, -1.694185], [-78.676372, -1.694338], [-78.676515, -1.694291], [-78.676639, -1.694133], [-78.676692, -1.693951], [-78.676902, -1.693757], [-78.676504, -1.693301], [-78.677474, -1.692175], [-78.674298, -1.689189]]]}}, {"type": "Feature", "properties": {"numero": 134, "nombre": "SAN ANTONIO DE YARUQUIES", "area_ha": 23.051271815555236, "catastro_2014": "Existe"}, "geometry": {"type": "Polygon", "coordinates": [[[-78.67531, -1.688111], [-78.676787, -1.686493], [-78.679857, -1.689368], [-78.680348, -1.68878], [-78.680092, -1.688617], [-78.679731, -1.688234], [-78.679817, -1.688081], [-78.679612, -1.687875], [-78.679993, -1.687481], [-78.679385, -1.686923], [-78.679861, -1.686431], [-78.679681, -1.686143], [-78.679583, -1.685689], [-78.680163, -1.685173], [-78.679739, -1.684991], [-78.679778, -1.68478], [-78.679859, -1.684632], [-78.679825, -1.684603], [-78.680031, -1.684335], [-78.679998, -1.684131], [-78.680118, -1.683863], [-78.680738, -1.683257], [-78.681119, -1.68263], [-78.68035, -1.682426], [-78.679924, -1.683034], [-78.679612, -1.683354], [-78.679076, -1.683301], [-78.67899, -1.683325], [-78.679001, -1.683473], [-78.678735, -1.683699], [-78.678412, -1.683869], [-78.677452, -1.684055], [-78.677265, -1.683809], [-78.676986, -1.683967], [-78.676796, -1.684235], [-78.676585, -1.684431], [-78.676415, -1.684487], [-78.676222, -1.684815], [-78.675636, -1.685126], [-78.675505, -1.685467], [-78.674213, -1.687098], [-78.67531, -1.688111]]]}}, {"type": "Feature", "properties": {"numero": 135, "nombre": "EL PEDREGAL", "area_ha": 12.272544298303732, "catastro_2014": "Existe"}, "geometry": {"type": "Polygon", "coordinates": [[[-78.665792, -1.68304], [-78.665113, -1.684873], [-78.665303, -1.684873], [-78.665498, -1.684643], [-78.665641, -1.68461], [-78.665803, -1.684621], [-78.665825, -1.684587], [-78.666493, -1.684648], [-78.666611, -1.684525], [-78.666896, -1.684439], [-78.667438, -1.68443], [-78.668084, -1.684584], [-78.668603, -1.685013], [-78.668916, -1.685146], [-78.669015, -1.685107], [-78.669605, -1.685146], [-78.669795, -1.685218], [-78.66989, -1.685328], [-78.669999, -1.685625], [-78.670184, -1.685768], [-78.670412, -1.685903], [-78.670806, -1.686018], [-78.670961, -1.685971], [-78.671082, -1.686004], [-78.671495, -1.686325], [-78.671628, -1.686579], [-78.671623, -1.686732], [-78.671718, -1.686961], [-78.671827, -1.687095], [-78.671936, -1.687086], [-78.672117, -1.687196], [-78.672164, -1.687746], [-78.672876, -1.688493], [-78.673313, -1.688661], [-78.673465, -1.688786], [-78.673465, -1.688963], [-78.673246, -1.689054], [-78.673136, -1.689259], [-78.673121, -1.689416], [-78.673916, -1.689472], [-78.674161, -1.689327], [-78.674298, -1.689189], [-78.673794, -1.688718], [-78.674761, -1.687596], [-78.674213, -1.687098], [-78.667403, -1.683645], [-78.665987, -1.683032], [-78.665792, -1.68304]]]}}, {"type": "Feature", "properties": {"numero": 136, "nombre": "QUEBRADA TARAZANA", "area_ha": 16.10447599319814, "catastro_2014": "Existe"}, "geometry": {"type": "Polygon", "coordinates": [[[-78.663394, -1.682669], [-78.664078, -1.682885], [-78.664569, -1.682926], [-78.664854, -1.682833], [-78.665325, -1.682869], [-78.665838, -1.683056], [-78.665987, -1.683032], [-78.666872, -1.6834], [-78.674213, -1.687098], [-78.675505, -1.685467], [-78.675177, -1.685344], [-78.675011, -1.685205], [-78.674375, -1.684899], [-78.673696, -1.684907], [-78.672948, -1.684797], [-78.672573, -1.684546], [-78.672337, -1.684457], [-78.671902, -1.68447], [-78.671563, -1.684347], [-78.671162, -1.68412], [-78.670684, -1.684067], [-78.670066, -1.68357], [-78.669639, -1.683457], [-78.669517, -1.683489], [-78.668799, -1.683398], [-78.668087, -1.683087], [-78.667136, -1.682846], [-78.666471, -1.682582], [-78.665806, -1.68239], [-78.664359, -1.682383], [-78.663763, -1.682483], [-78.663577, -1.682454], [-78.663411, -1.682358], [-78.66324, -1.68243], [-78.663021, -1.682429], [-78.663394, -1.682669]]]}}, {"type": "Feature", "properties": {"numero": 137, "nombre": "LA TARAZANA", "area_ha": 6.738045540870732, "catastro_2014": "Existe"}, "geometry": {"type": "Polygon", "coordinates": [[[-78.663726, -1.684763], [-78.664159, -1.684873], [-78.66439, -1.684747], [-78.664894, -1.684777], [-78.665113, -1.684873], [-78.665792, -1.68304], [-78.665325, -1.682869], [-78.664854, -1.682833], [-78.664569, -1.682926], [-78.664078, -1.682885], [-78.663394, -1.682669], [-78.662952, -1.682391], [-78.662648, -1.682876], [-78.662586, -1.683268], [-78.662438, -1.683343], [-78.662646, -1.684041], [-78.663026, -1.684446], [-78.663726, -1.684763]]]}}, {"type": "Feature", "properties": {"numero": 138, "nombre": "SAN PEDRO DE LAS ABRAS", "area_ha": 109.03994527327477, "catastro_2014": "No encontrado"}, "geometry": {"type": "Polygon", "coordinates": [[[-78.646512, -1.645541], [-78.646193, -1.645407], [-78.646087, -1.645235], [-78.645979, -1.644897], [-78.645827, -1.644782], [-78.64559, -1.644326], [-78.645416, -1.644094], [-78.645067, -1.643769], [-78.644936, -1.643542], [-78.644881, -1.643037], [-78.645325, -1.642137], [-78.645323, -1.64193], [-78.645236, -1.641789], [-78.644717, -1.64149], [-78.643741, -1.64132], [-78.64352, -1.641206], [-78.643198, -1.640644], [-78.643041, -1.640489], [-78.642525, -1.640232], [-78.642175, -1.639578], [-78.641924, -1.639353], [-78.641436, -1.639174], [-78.64118, -1.638657], [-78.640983, -1.63851], [-78.640844, -1.638492], [-78.640649, -1.63856], [-78.640181, -1.638992], [-78.639958, -1.63926], [-78.639797, -1.639573], [-78.639677, -1.639633], [-78.639226, -1.639583], [-78.638722, -1.639657], [-78.63855, -1.639367], [-78.638431, -1.639043], [-78.637915, -1.638856], [-78.638655, -1.640529], [-78.641285, -1.646039], [-78.641824, -1.647247], [-78.642853, -1.649865], [-78.643488, -1.651752], [-78.644534, -1.653529], [-78.644794, -1.65414], [-78.645149, -1.655546], [-78.646139, -1.655245], [-78.647878, -1.654574], [-78.648306, -1.654126], [-78.648723, -1.653514], [-78.649285, -1.652848], [-78.649348, -1.65254], [-78.648915, -1.651729], [-78.648922, -1.651433], [-78.649187, -1.650853], [-78.649272, -1.650796], [-78.649336, -1.65068], [-78.649297, -1.650654], [-78.649358, -1.650479], [-78.649577, -1.650115], [-78.649961, -1.649775], [-78.64946, -1.64912], [-78.64944, -1.649], [-78.6495, -1.64887], [-78.64976, -1.64861], [-78.650232, -1.648297], [-78.650271, -1.648063], [-78.650395, -1.647922], [-78.650128, -1.647701], [-78.650006, -1.647483], [-78.649451, -1.646938], [-78.649332, -1.646869], [-78.648908, -1.64679], [-78.64869, -1.646694], [-78.64855, -1.646549], [-78.648511, -1.646434], [-78.648277, -1.646326], [-78.648061, -1.646164], [-78.647816, -1.646147], [-78.647404, -1.645998], [-78.647314, -1.646009], [-78.647238, -1.64612], [-78.647155, -1.646128], [-78.647076, -1.646033], [-78.646743, -1.645887], [-78.646512, -1.645541]]]}}, {"type": "Feature", "properties": {"numero": 139, "nombre": "LAGUNA SAN ANTONIO", "area_ha": 37.15071366020852, "catastro_2014": "No encontrado"}, "geometry": {"type": "Polygon", "coordinates": [[[-78.640583, -1.652518], [-78.640548, -1.651792], [-78.640615, -1.651484], [-78.640796, -1.651132], [-78.640908, -1.651001], [-78.641724, -1.650373], [-78.642199, -1.650048], [-78.642853, -1.649865], [-78.641824, -1.647246], [-78.641123, -1.647628], [-78.640003, -1.648092], [-78.638927, -1.648955], [-78.63749, -1.649526], [-78.637223, -1.649577], [-78.637287, -1.649887], [-78.637548, -1.650427], [-78.637621, -1.650666], [-78.637759, -1.651623], [-78.637695, -1.652029], [-78.63754, -1.65249], [-78.637573, -1.654165], [-78.637538, -1.654391], [-78.63696, -1.655604], [-78.63693, -1.655938], [-78.637646, -1.656011], [-78.639693, -1.656796], [-78.640508, -1.655732], [-78.641321, -1.654319], [-78.640583, -1.652518]]]}}, {"type": "Feature", "properties": {"numero": 140, "nombre": "CUMANDA", "area_ha": 17.345598179636358, "catastro_2014": "No encontrado"}, "geometry": {"type": "Polygon", "coordinates": [[[-78.636913, -1.656393], [-78.636548, -1.657207], [-78.635704, -1.658119], [-78.634341, -1.656958], [-78.633351, -1.658564], [-78.633959, -1.658997], [-78.634684, -1.659413], [-78.636027, -1.660036], [-78.636994, -1.660597], [-78.637639, -1.659797], [-78.63816, -1.658817], [-78.639693, -1.656796], [-78.637646, -1.656011], [-78.63693, -1.655938], [-78.636913, -1.656393]]]}}, {"type": "Feature", "properties": {"numero": 141, "nombre": "Sin nombre", "area_ha": 39.78131441164302, "catastro_2014": "No encontrado"}, "geometry": {"type": "Polygon", "coordinates": [[[-78.649244, -1.685461], [-78.643606, -1.68578], [-78.64351, -1.685959], [-78.643901, -1.689191], [-78.643967, -1.690317], [-78.644334, -1.690355], [-78.644516, -1.690479], [-78.645158, -1.691442], [-78.64607, -1.6923], [-78.647148, -1.692301], [-78.647436, -1.691971], [-78.647508, -1.691702], [-78.647431, -1.691068], [-78.647556, -1.690895], [-78.647871, -1.690931], [-78.648156, -1.690752], [-78.648585, -1.689826], [-78.648889, -1.689384], [-78.649056, -1.688947], [-78.649318, -1.688637], [-78.649555, -1.688565], [-78.650126, -1.688578], [-78.65075, -1.688704], [-78.651023, -1.688663], [-78.65124, -1.68846], [-78.650821, -1.688467], [-78.650031, -1.688299], [-78.64999, -1.688185], [-78.650151, -1.687612], [-78.649938, -1.686631], [-78.649244, -1.685461]]]}}, {"type": "Feature", "properties": {"numero": 142, "nombre": "Sin nombre", "area_ha": 16.390665401897884, "catastro_2014": "No encontrado"}, "geometry": {"type": "Polygon", "coordinates": [[[-78.631771, -1.676374], [-78.631933, -1.677018], [-78.633486, -1.676603], [-78.632714, -1.675702], [-78.635398, -1.673587], [-78.636934, -1.672719], [-78.635969, -1.67134], [-78.634848, -1.672111], [-78.631345, -1.674788], [-78.630622, -1.675505], [-78.630241, -1.676136], [-78.629945, -1.677044], [-78.629953, -1.677806], [-78.631771, -1.676374]]]}}, {"type": "Feature", "properties": {"numero": 143, "nombre": "ALTAMIRA DEL NORTE", "area_ha": 4.104522036021147, "catastro_2014": "No encontrado"}, "geometry": {"type": "Polygon", "coordinates": [[[-78.682702, -1.631466], [-78.681536, -1.631405], [-78.681234, -1.631352], [-78.681483, -1.63443], [-78.681528, -1.634465], [-78.683254, -1.63162], [-78.682781, -1.63118], [-78.682702, -1.631466]]]}}, {"type": "Feature", "properties": {"numero": 144, "nombre": "EL TAMBO", "area_ha": 15.518565013113342, "catastro_2014": "No encontrado"}, "geometry": {"type": "Polygon", "coordinates": [[[-78.682781, -1.63118], [-78.681252, -1.629971], [-78.681081, -1.629896], [-78.681011, -1.629027], [-78.680991, -1.627968], [-78.6811, -1.627506], [-78.681222, -1.627272], [-78.680531, -1.627578], [-78.680472, -1.627183], [-78.679928, -1.627849], [-78.679339, -1.62823], [-78.679169, -1.628443], [-78.67897, -1.628576], [-78.678768, -1.628864], [-78.678725, -1.629296], [-78.678423, -1.629672], [-78.67816, -1.630221], [-78.67802, -1.630339], [-78.678124, -1.630521], [-78.678119, -1.630693], [-78.67793, -1.631082], [-78.678838, -1.631229], [-78.680721, -1.631361], [-78.681115, -1.635167], [-78.6811, -1.635655], [-78.680994, -1.636005], [-78.6815, -1.636307], [-78.681561, -1.635885], [-78.68152, -1.634833], [-78.681234, -1.631352], [-78.681536, -1.631405], [-78.682702, -1.631466], [-78.682781, -1.63118]]]}}, {"type": "Feature", "properties": {"numero": 145, "nombre": "SANTA ANA 2", "area_ha": 20.674091386876373, "catastro_2014": "No encontrado"}, "geometry": {"type": "Polygon", "coordinates": [[[-78.681528, -1.634465], [-78.681483, -1.63443], [-78.681561, -1.635885], [-78.6815, -1.636307], [-78.682908, -1.63715], [-78.68342, -1.637215], [-78.684192, -1.637174], [-78.684453, -1.637342], [-78.686316, -1.634731], [-78.684562, -1.632867], [-78.683254, -1.63162], [-78.681528, -1.634465]]]}}, {"type": "Feature", "properties": {"numero": 146, "nombre": "SANTA ANA 3", "area_ha": 8.505722000138343, "catastro_2014": "No encontrado"}, "geometry": {"type": "Polygon", "coordinates": [[[-78.684751, -1.631679], [-78.684254, -1.631356], [-78.683412, -1.631777], [-78.684562, -1.632867], [-78.686316, -1.634731], [-78.687619, -1.632677], [-78.685316, -1.631315], [-78.685131, -1.631146], [-78.68481, -1.630977], [-78.684751, -1.631679]]]}}, {"type": "Feature", "properties": {"numero": 147, "nombre": "SANTA ANA 1", "area_ha": 22.805934016362603, "catastro_2014": "Existe"}, "geometry": {"type": "Polygon", "coordinates": [[[-78.687174, -1.632396], [-78.687619, -1.632677], [-78.687588, -1.632727], [-78.687973, -1.632955], [-78.688496, -1.632621], [-78.689077, -1.631937], [-78.68931, -1.631962], [-78.689476, -1.631909], [-78.691255, -1.63106], [-78.691598, -1.630362], [-78.692112, -1.630008], [-78.692269, -1.629573], [-78.692569, -1.62922], [-78.693005, -1.628339], [-78.691453, -1.627358], [-78.69006, -1.628241], [-78.68811, -1.629358], [-78.686007, -1.631259], [-78.685612, -1.631491], [-78.687174, -1.632396]]]}}, {"type": "Feature", "properties": {"numero": 148, "nombre": "SAN PEDRO DE RIOBAMBA", "area_ha": 12.908831993208938, "catastro_2014": "Existe"}, "geometry": {"type": "Polygon", "coordinates": [[[-78.683967, -1.629384], [-78.683605, -1.629808], [-78.683982, -1.630058], [-78.683748, -1.630341], [-78.68486, -1.630361], [-78.68481, -1.630977], [-78.685131, -1.631146], [-78.685316, -1.631315], [-78.685612, -1.631491], [-78.686007, -1.631259], [-78.68811, -1.629358], [-78.68824, -1.629288], [-78.686482, -1.628256], [-78.684866, -1.62716], [-78.683574, -1.629195], [-78.683967, -1.629384]]]}}, {"type": "Feature", "properties": {"numero": 149, "nombre": "URDESA DEL NORTE", "area_ha": 5.924541820692096, "catastro_2014": "No encontrado"}, "geometry": {"type": "Polygon", "coordinates": [[[-78.683308, -1.629622], [-78.68264, -1.629195], [-78.682375, -1.629522], [-78.682245, -1.629611], [-78.681081, -1.629896], [-78.681252, -1.629971], [-78.682691, -1.631096], [-78.683412, -1.631777], [-78.684254, -1.631356], [-78.684776, -1.631667], [-78.68486, -1.630361], [-78.683748, -1.630341], [-78.683982, -1.630058], [-78.683605, -1.629808], [-78.683967, -1.629384], [-78.683574, -1.629195], [-78.683308, -1.629622]]]}}, {"type": "Feature", "properties": {"numero": 150, "nombre": "TIERRAS DEL NORTE", "area_ha": 10.330035258231588, "catastro_2014": "No encontrado"}, "geometry": {"type": "Polygon", "coordinates": [[[-78.681081, -1.629896], [-78.682245, -1.629611], [-78.682375, -1.629522], [-78.68264, -1.629195], [-78.683308, -1.629622], [-78.68458, -1.627576], [-78.683554, -1.626968], [-78.683221, -1.626867], [-78.683017, -1.626852], [-78.682262, -1.626325], [-78.682118, -1.626358], [-78.681832, -1.626482], [-78.681433, -1.626836], [-78.6811, -1.627506], [-78.680991, -1.627968], [-78.681011, -1.629027], [-78.681081, -1.629896]]]}}, {"type": "Feature", "properties": {"numero": 151, "nombre": "BUENOS AIRES", "area_ha": 15.381425601375431, "catastro_2014": "Existe"}, "geometry": {"type": "Polygon", "coordinates": [[[-78.686656, -1.624324], [-78.685139, -1.62336], [-78.685079, -1.623419], [-78.684961, -1.623443], [-78.684384, -1.623453], [-78.684073, -1.623507], [-78.683926, -1.623708], [-78.683587, -1.623836], [-78.683276, -1.624056], [-78.682925, -1.624232], [-78.682583, -1.624583], [-78.682503, -1.624808], [-78.682503, -1.625085], [-78.68263, -1.625339], [-78.682515, -1.625396], [-78.682339, -1.625386], [-78.682244, -1.625449], [-78.682298, -1.625852], [-78.68213, -1.625973], [-78.681819, -1.626], [-78.681381, -1.626148], [-78.681102, -1.626338], [-78.680866, -1.626549], [-78.68061, -1.627013], [-78.680472, -1.627183], [-78.680531, -1.627578], [-78.681222, -1.627272], [-78.681433, -1.626836], [-78.681832, -1.626482], [-78.682262, -1.626325], [-78.683017, -1.626852], [-78.683221, -1.626867], [-78.683554, -1.626968], [-78.68458, -1.627576], [-78.686656, -1.624324]]]}}, {"type": "Feature", "properties": {"numero": 152, "nombre": "Sin nombre", "area_ha": 10.119370459152154, "catastro_2014": "No encontrado"}, "geometry": {"type": "Polygon", "coordinates": [[[-78.68824, -1.629288], [-78.69006, -1.628241], [-78.691453, -1.627358], [-78.688689, -1.625609], [-78.686897, -1.6285], [-78.68824, -1.629288]]]}}, {"type": "Feature", "properties": {"numero": 153, "nombre": "URB EL ENSUE\u00d1O", "area_ha": 10.088659255452836, "catastro_2014": "Existe"}, "geometry": {"type": "Polygon", "coordinates": [[[-78.688689, -1.625609], [-78.686656, -1.624324], [-78.684866, -1.62716], [-78.686897, -1.6285], [-78.688689, -1.625609]]]}}, {"type": "Feature", "properties": {"numero": 154, "nombre": "3 DE AGOSTO", "area_ha": 3.608779677647414, "catastro_2014": "No encontrado"}, "geometry": {"type": "Polygon", "coordinates": [[[-78.686833, -1.633916], [-78.686265, -1.634805], [-78.687705, -1.635982], [-78.688231, -1.636858], [-78.688381, -1.636995], [-78.688439, -1.636428], [-78.688654, -1.635359], [-78.686833, -1.633916]]]}}, {"type": "Feature", "properties": {"numero": 155, "nombre": "LA PIRAMIDE", "area_ha": 4.997939709758658, "catastro_2014": "Existe"}, "geometry": {"type": "Polygon", "coordinates": [[[-78.687973, -1.632955], [-78.687588, -1.632727], [-78.686833, -1.633916], [-78.688654, -1.635359], [-78.68931, -1.631962], [-78.689077, -1.631937], [-78.688496, -1.632621], [-78.687973, -1.632955]]]}}, {"type": "Feature", "properties": {"numero": 156, "nombre": "LA COLINA", "area_ha": 13.443417227752857, "catastro_2014": "Existe"}, "geometry": {"type": "Polygon", "coordinates": [[[-78.688439, -1.636428], [-78.688381, -1.636995], [-78.689079, -1.637513], [-78.689326, -1.637542], [-78.689631, -1.637409], [-78.689868, -1.637275], [-78.689859, -1.636739], [-78.689917, -1.636538], [-78.690145, -1.636366], [-78.690373, -1.636357], [-78.690782, -1.636195], [-78.690811, -1.636109], [-78.690925, -1.636071], [-78.691077, -1.636157], [-78.69122, -1.636014], [-78.691581, -1.635871], [-78.692686, -1.633997], [-78.692534, -1.633786], [-78.692373, -1.633671], [-78.689082, -1.633263], [-78.688439, -1.636428]]]}}, {"type": "Feature", "properties": {"numero": 157, "nombre": "LOS VOLCANES", "area_ha": 4.50779328305611, "catastro_2014": "No encontrado"}, "geometry": {"type": "Polygon", "coordinates": [[[-78.692987, -1.633653], [-78.692721, -1.633414], [-78.692655, -1.633222], [-78.692256, -1.632772], [-78.691999, -1.632686], [-78.691838, -1.632686], [-78.691591, -1.63257], [-78.691401, -1.632561], [-78.691211, -1.63236], [-78.69104, -1.632417], [-78.690678, -1.632445], [-78.690156, -1.632263], [-78.689275, -1.632171], [-78.689082, -1.633263], [-78.692373, -1.633671], [-78.692534, -1.633786], [-78.692686, -1.633997], [-78.692987, -1.633653]]]}}, {"type": "Feature", "properties": {"numero": 158, "nombre": "DIEGO LEON", "area_ha": 30.10670128888837, "catastro_2014": "No encontrado"}, "geometry": {"type": "Polygon", "coordinates": [[[-78.689079, -1.637513], [-78.689318, -1.637669], [-78.689959, -1.638435], [-78.688363, -1.641172], [-78.688755, -1.641399], [-78.688957, -1.641663], [-78.689028, -1.642058], [-78.689194, -1.642405], [-78.689526, -1.642668], [-78.691739, -1.640327], [-78.694345, -1.637314], [-78.694583, -1.636561], [-78.694417, -1.636269], [-78.69397, -1.634805], [-78.693621, -1.634022], [-78.693215, -1.634036], [-78.693001, -1.633971], [-78.692827, -1.633836], [-78.692686, -1.633997], [-78.691581, -1.635871], [-78.69122, -1.636014], [-78.691077, -1.636157], [-78.690925, -1.636071], [-78.690811, -1.636109], [-78.690782, -1.636195], [-78.690373, -1.636357], [-78.690145, -1.636366], [-78.689917, -1.636538], [-78.689859, -1.636739], [-78.689868, -1.637275], [-78.689326, -1.637542], [-78.689079, -1.637513]]]}}, {"type": "Feature", "properties": {"numero": 159, "nombre": "JUAN QUITO", "area_ha": 3.680732460197824, "catastro_2014": "Existe"}, "geometry": {"type": "Polygon", "coordinates": [[[-78.694345, -1.637315], [-78.691967, -1.640069], [-78.692647, -1.640824], [-78.693063, -1.641375], [-78.694345, -1.637315]]]}}, {"type": "Feature", "properties": {"numero": 160, "nombre": "NUEVA CIUDAD", "area_ha": 8.709459732548178, "catastro_2014": "Existe"}, "geometry": {"type": "Polygon", "coordinates": [[[-78.692647, -1.640824], [-78.691967, -1.640069], [-78.689526, -1.642668], [-78.689799, -1.642757], [-78.690328, -1.64311], [-78.69053, -1.643302], [-78.690933, -1.64387], [-78.69151, -1.64365], [-78.691878, -1.643417], [-78.6922, -1.643142], [-78.692401, -1.643471], [-78.693063, -1.641375], [-78.692647, -1.640824]]]}}, {"type": "Feature", "properties": {"numero": 161, "nombre": "Sin nombre", "area_ha": 24.11920597694379, "catastro_2014": "No encontrado"}, "geometry": {"type": "Polygon", "coordinates": [[[-78.696485, -1.630538], [-78.693005, -1.628338], [-78.692569, -1.62922], [-78.692269, -1.629573], [-78.692112, -1.630008], [-78.691598, -1.630362], [-78.691255, -1.63106], [-78.68931, -1.631962], [-78.689275, -1.632171], [-78.690156, -1.632263], [-78.690678, -1.632445], [-78.69104, -1.632417], [-78.691211, -1.63236], [-78.691401, -1.632561], [-78.691591, -1.63257], [-78.691838, -1.632686], [-78.691999, -1.632686], [-78.692256, -1.632772], [-78.692655, -1.633222], [-78.692721, -1.633414], [-78.692987, -1.633653], [-78.692827, -1.633836], [-78.693001, -1.633971], [-78.693215, -1.634036], [-78.693981, -1.633973], [-78.694362, -1.633698], [-78.694588, -1.633376], [-78.694779, -1.632969], [-78.695052, -1.632754], [-78.695468, -1.632564], [-78.695863, -1.632508], [-78.696485, -1.630538]]]}}, {"type": "Feature", "properties": {"numero": 162, "nombre": "RIO ARTESANAL", "area_ha": 4.551395218429356, "catastro_2014": "Existe"}, "geometry": {"type": "Polygon", "coordinates": [[[-78.695274, -1.634374], [-78.695863, -1.632508], [-78.695468, -1.632564], [-78.695052, -1.632754], [-78.694779, -1.632969], [-78.694588, -1.633376], [-78.694362, -1.633698], [-78.693981, -1.633973], [-78.693621, -1.634022], [-78.69397, -1.634805], [-78.694417, -1.636269], [-78.694571, -1.636599], [-78.695274, -1.634374]]]}}, {"type": "Feature", "properties": {"numero": 163, "nombre": "MODESTO ARRIETA", "area_ha": 8.459321594284352, "catastro_2014": "Existe"}, "geometry": {"type": "Polygon", "coordinates": [[[-78.681897, -1.638766], [-78.681215, -1.640022], [-78.685045, -1.64276], [-78.685842, -1.641568], [-78.683598, -1.639951], [-78.682961, -1.639581], [-78.682996, -1.639502], [-78.681897, -1.638766]]]}}, {"type": "Feature", "properties": {"numero": 164, "nombre": "URB TRIANA", "area_ha": 2.110151898324145, "catastro_2014": "Existe"}, "geometry": {"type": "Polygon", "coordinates": [[[-78.682205, -1.63828], [-78.683224, -1.639044], [-78.684005, -1.638012], [-78.682883, -1.637191], [-78.682205, -1.63828]]]}}, {"type": "Feature", "properties": {"numero": 165, "nombre": "SUB ARCOS", "area_ha": 5.11015969549193, "catastro_2014": "Existe"}, "geometry": {"type": "Polygon", "coordinates": [[[-78.683224, -1.639044], [-78.682205, -1.63828], [-78.682883, -1.637191], [-78.681897, -1.638766], [-78.682996, -1.639502], [-78.682961, -1.639581], [-78.683598, -1.639951], [-78.684445, -1.640547], [-78.685554, -1.639052], [-78.684005, -1.638012], [-78.683224, -1.639044]]]}}, {"type": "Feature", "properties": {"numero": 166, "nombre": "URB ULLOA", "area_ha": 3.447108740905635, "catastro_2014": "Existe"}, "geometry": {"type": "Polygon", "coordinates": [[[-78.686708, -1.640043], [-78.685554, -1.639052], [-78.684445, -1.640547], [-78.68574, -1.64149], [-78.686708, -1.640043]]]}}, {"type": "Feature", "properties": {"numero": 167, "nombre": "CAMPO REAL", "area_ha": 10.331634422344933, "catastro_2014": "No encontrado"}, "geometry": {"type": "Polygon", "coordinates": [[[-78.688231, -1.636858], [-78.687705, -1.635982], [-78.687176, -1.636832], [-78.685554, -1.639052], [-78.686708, -1.640043], [-78.68574, -1.64149], [-78.685842, -1.641568], [-78.685733, -1.641731], [-78.686443, -1.642242], [-78.687771, -1.640081], [-78.688381, -1.636995], [-78.688231, -1.636858]]]}}, {"type": "Feature", "properties": {"numero": 168, "nombre": "Sin nombre", "area_ha": 9.736539667133618, "catastro_2014": "No encontrado"}, "geometry": {"type": "Polygon", "coordinates": [[[-78.687705, -1.635982], [-78.686265, -1.634805], [-78.684453, -1.637342], [-78.684192, -1.637174], [-78.68342, -1.637215], [-78.682908, -1.63715], [-78.682887, -1.637194], [-78.684005, -1.638012], [-78.685554, -1.639052], [-78.687239, -1.636731], [-78.687705, -1.635982]]]}}, {"type": "Feature", "properties": {"numero": 169, "nombre": "URB LA UNECH", "area_ha": 2.955613057553519, "catastro_2014": "Existe"}, "geometry": {"type": "Polygon", "coordinates": [[[-78.688381, -1.636995], [-78.687771, -1.640081], [-78.687471, -1.640587], [-78.687922, -1.640862], [-78.689226, -1.637609], [-78.688381, -1.636995]]]}}, {"type": "Feature", "properties": {"numero": 170, "nombre": "URB RIOBAMBA", "area_ha": 3.19402819170895, "catastro_2014": "No encontrado"}, "geometry": {"type": "Polygon", "coordinates": [[[-78.688363, -1.641172], [-78.689959, -1.638435], [-78.689318, -1.637669], [-78.689226, -1.637609], [-78.687922, -1.640862], [-78.688363, -1.641172]]]}}, {"type": "Feature", "properties": {"numero": 171, "nombre": "URB JUANITA MERA", "area_ha": 1.880458877702886, "catastro_2014": "No encontrado"}, "geometry": {"type": "Polygon", "coordinates": [[[-78.685733, -1.641731], [-78.685045, -1.64276], [-78.685792, -1.643328], [-78.686963, -1.642569], [-78.685733, -1.641731]]]}}, {"type": "Feature", "properties": {"numero": 172, "nombre": "ASOCIACION DE DESARROLLO COMUNITARIO RIOBAMBA I", "area_ha": 1.007412130240076, "catastro_2014": "No encontrado"}, "geometry": {"type": "Polygon", "coordinates": [[[-78.684587, -1.643531], [-78.685631, -1.6438], [-78.685792, -1.643328], [-78.684783, -1.642575], [-78.684587, -1.643531]]]}}, {"type": "Feature", "properties": {"numero": 173, "nombre": "ASOCIACION DE DESARROLLO COMUNITARIO RIOBAMBA II", "area_ha": 0.789312873152308, "catastro_2014": "No encontrado"}, "geometry": {"type": "Polygon", "coordinates": [[[-78.687898, -1.643068], [-78.687683, -1.644186], [-78.688042, -1.644264], [-78.688658, -1.643563], [-78.687898, -1.643068]]]}}, {"type": "Feature", "properties": {"numero": 174, "nombre": "TIWINZA", "area_ha": 2.829074569576271, "catastro_2014": "Existe"}, "geometry": {"type": "Polygon", "coordinates": [[[-78.685792, -1.643328], [-78.685631, -1.6438], [-78.687683, -1.644186], [-78.687898, -1.643068], [-78.686963, -1.642569], [-78.685792, -1.643328]]]}}, {"type": "Feature", "properties": {"numero": 175, "nombre": "Sin nombre", "area_ha": 5.780886357137582, "catastro_2014": "No encontrado"}, "geometry": {"type": "Polygon", "coordinates": [[[-78.689194, -1.642405], [-78.689028, -1.642058], [-78.688957, -1.641663], [-78.688755, -1.641399], [-78.687471, -1.640587], [-78.686443, -1.642242], [-78.687201, -1.642708], [-78.688106, -1.643191], [-78.688658, -1.643563], [-78.689526, -1.642668], [-78.689194, -1.642405]]]}}, {"type": "Feature", "properties": {"numero": 176, "nombre": "LAS FLORES", "area_ha": 11.507407933311695, "catastro_2014": "Existe"}, "geometry": {"type": "Polygon", "coordinates": [[[-78.688272, -1.645007], [-78.688308, -1.644863], [-78.688508, -1.644698], [-78.688042, -1.644264], [-78.686269, -1.643903], [-78.685728, -1.645545], [-78.685354, -1.647286], [-78.68775, -1.647793], [-78.688273, -1.647991], [-78.68844, -1.647798], [-78.688272, -1.645007]]]}}, {"type": "Feature", "properties": {"numero": 177, "nombre": "CIUDAD ARCADIA", "area_ha": 3.214359780961574, "catastro_2014": "No encontrado"}, "geometry": {"type": "Polygon", "coordinates": [[[-78.679342, -1.644109], [-78.682022, -1.644682], [-78.682216, -1.643709], [-78.679669, -1.64321], [-78.679342, -1.644109]]]}}, {"type": "Feature", "properties": {"numero": 178, "nombre": "Sin nombre", "area_ha": 20.64673429273784, "catastro_2014": "No encontrado"}, "geometry": {"type": "Polygon", "coordinates": [[[-78.684587, -1.643531], [-78.684783, -1.642575], [-78.681218, -1.640024], [-78.680011, -1.642267], [-78.679669, -1.64321], [-78.682216, -1.643709], [-78.682022, -1.644682], [-78.684225, -1.645164], [-78.685728, -1.645545], [-78.686269, -1.643903], [-78.685631, -1.6438], [-78.684587, -1.643531]]]}}, {"type": "Feature", "properties": {"numero": 179, "nombre": "LA LOLITA", "area_ha": 22.87973011217442, "catastro_2014": "No encontrado"}, "geometry": {"type": "Polygon", "coordinates": [[[-78.692401, -1.643471], [-78.6922, -1.643142], [-78.691878, -1.643417], [-78.69151, -1.64365], [-78.690933, -1.64387], [-78.69053, -1.643302], [-78.690328, -1.64311], [-78.689799, -1.642757], [-78.689526, -1.642668], [-78.689267, -1.642906], [-78.688042, -1.644264], [-78.688508, -1.644698], [-78.688308, -1.644863], [-78.688272, -1.645007], [-78.68844, -1.647798], [-78.688273, -1.647991], [-78.688679, -1.648309], [-78.690246, -1.650176], [-78.690603, -1.649162], [-78.692401, -1.643471]]]}}, {"type": "Feature", "properties": {"numero": 180, "nombre": "COCA COLA", "area_ha": 4.688337273957708, "catastro_2014": "No encontrado"}, "geometry": {"type": "Polygon", "coordinates": [[[-78.691482, -1.6516], [-78.692894, -1.650157], [-78.692125, -1.650009], [-78.69223, -1.649485], [-78.69224, -1.649068], [-78.690603, -1.649162], [-78.690246, -1.650176], [-78.691482, -1.6516]]]}}, {"type": "Feature", "properties": {"numero": 181, "nombre": "LIRIBAMBA", "area_ha": 5.791280085108742, "catastro_2014": "No encontrado"}, "geometry": {"type": "MultiPolygon", "coordinates": [[[[-78.69139, -1.651494], [-78.691482, -1.6516], [-78.691483, -1.651599], [-78.69139, -1.651494]]], [[[-78.694843, -1.653337], [-78.692379, -1.650693], [-78.691483, -1.651599], [-78.693839, -1.654261], [-78.694843, -1.653337]]]]}}, {"type": "Feature", "properties": {"numero": 182, "nombre": "JUAN MONTALVO", "area_ha": 5.179089488833514, "catastro_2014": "Existe"}, "geometry": {"type": "Polygon", "coordinates": [[[-78.68042, -1.660423], [-78.681131, -1.662845], [-78.681164, -1.663577], [-78.682011, -1.66261], [-78.682178, -1.661851], [-78.682465, -1.65986], [-78.68042, -1.660423]]]}}, {"type": "Feature", "properties": {"numero": 183, "nombre": "UNION DE ASENTAMIENTOS DEL NOROCCIDENTE", "area_ha": 62.275960335120686, "catastro_2014": "No encontrado"}, "geometry": {"type": "Polygon", "coordinates": [[[-78.684536, -1.662586], [-78.684751, -1.662939], [-78.684739, -1.66325], [-78.685235, -1.663075], [-78.686041, -1.662121], [-78.686441, -1.661872], [-78.688096, -1.66153], [-78.688533, -1.661338], [-78.689698, -1.661501], [-78.691406, -1.661087], [-78.692105, -1.661892], [-78.693367, -1.662255], [-78.694283, -1.660261], [-78.695506, -1.659344], [-78.6959, -1.659235], [-78.696562, -1.658972], [-78.696723, -1.659083], [-78.69707, -1.658882], [-78.697422, -1.658777], [-78.697522, -1.658682], [-78.697516, -1.658418], [-78.69766, -1.657862], [-78.697781, -1.657646], [-78.69651, -1.656088], [-78.696261, -1.655539], [-78.689865, -1.657732], [-78.683559, -1.659527], [-78.684052, -1.660883], [-78.684536, -1.662586]]]}}, {"type": "Feature", "properties": {"numero": 184, "nombre": "Sin nombre", "area_ha": 12.955009911001392, "catastro_2014": "No encontrado"}, "geometry": {"type": "Polygon", "coordinates": [[[-78.684751, -1.662939], [-78.684536, -1.662586], [-78.684052, -1.660883], [-78.683559, -1.659527], [-78.682465, -1.65986], [-78.682178, -1.661851], [-78.682011, -1.66261], [-78.681164, -1.663577], [-78.680294, -1.664449], [-78.681779, -1.66432], [-78.682245, -1.66434], [-78.683405, -1.664246], [-78.684271, -1.663472], [-78.684739, -1.66325], [-78.684751, -1.662939]]]}}, {"type": "Feature", "properties": {"numero": 185, "nombre": "SAN MIGUEL DE TAPI", "area_ha": 26.982094604771717, "catastro_2014": "Existe"}, "geometry": {"type": "Polygon", "coordinates": [[[-78.671751, -1.644655], [-78.672825, -1.644931], [-78.673684, -1.645013], [-78.676648, -1.641425], [-78.673497, -1.638708], [-78.673108, -1.638535], [-78.672662, -1.638685], [-78.672212, -1.638934], [-78.672341, -1.639853], [-78.672484, -1.639901], [-78.671893, -1.641115], [-78.670454, -1.644465], [-78.671751, -1.644655]]]}}, {"type": "Feature", "properties": {"numero": 186, "nombre": "PORTALANZA", "area_ha": 19.60563885632211, "catastro_2014": "Existe"}, "geometry": {"type": "Polygon", "coordinates": [[[-78.671462, -1.639603], [-78.671567, -1.639661], [-78.671424, -1.640029], [-78.670814, -1.640904], [-78.669493, -1.640242], [-78.669251, -1.640065], [-78.66804, -1.639513], [-78.667706, -1.64001], [-78.667178, -1.640665], [-78.667059, -1.640895], [-78.667035, -1.641167], [-78.66731, -1.64133], [-78.668241, -1.641714], [-78.667861, -1.64223], [-78.668516, -1.642623], [-78.667565, -1.64413], [-78.668635, -1.644311], [-78.670454, -1.644465], [-78.671893, -1.641115], [-78.672484, -1.639901], [-78.672341, -1.639853], [-78.672212, -1.638934], [-78.671898, -1.638943], [-78.671611, -1.63937], [-78.671534, -1.639423], [-78.671462, -1.639603]]]}}, {"type": "Feature", "properties": {"numero": 187, "nombre": "JOSE MARTI", "area_ha": 6.28630291308944, "catastro_2014": "No encontrado"}, "geometry": {"type": "Polygon", "coordinates": [[[-78.669251, -1.640065], [-78.669493, -1.640242], [-78.670814, -1.640904], [-78.671424, -1.640029], [-78.671567, -1.639661], [-78.671462, -1.639603], [-78.671534, -1.639423], [-78.671403, -1.63943], [-78.671294, -1.639368], [-78.671282, -1.639074], [-78.671135, -1.639047], [-78.670746, -1.638552], [-78.670676, -1.638558], [-78.670495, -1.638818], [-78.670405, -1.638738], [-78.670275, -1.638763], [-78.670001, -1.638726], [-78.669772, -1.638577], [-78.669349, -1.638475], [-78.669229, -1.638499], [-78.669078, -1.638679], [-78.668964, -1.638724], [-78.668841, -1.63871], [-78.668437, -1.638521], [-78.66804, -1.639513], [-78.669251, -1.640065]]]}}, {"type": "Feature", "properties": {"numero": 188, "nombre": "CISNEROS DE TAPI  ALTO", "area_ha": 12.990385450958954, "catastro_2014": "Existe"}, "geometry": {"type": "Polygon", "coordinates": [[[-78.66703, -1.641167], [-78.667054, -1.640895], [-78.667173, -1.640665], [-78.667702, -1.64001], [-78.668035, -1.639513], [-78.668417, -1.638513], [-78.668225, -1.638487], [-78.667966, -1.638554], [-78.667672, -1.63849], [-78.667434, -1.638536], [-78.667066, -1.638453], [-78.666944, -1.638487], [-78.666865, -1.638647], [-78.666898, -1.638929], [-78.666832, -1.63914], [-78.666496, -1.639339], [-78.666121, -1.639956], [-78.665693, -1.640231], [-78.665666, -1.640441], [-78.665057, -1.641065], [-78.664919, -1.641416], [-78.66488, -1.641674], [-78.664534, -1.642144], [-78.664271, -1.642652], [-78.663965, -1.643008], [-78.663628, -1.643252], [-78.664267, -1.643431], [-78.665188, -1.64356], [-78.666456, -1.643964], [-78.666614, -1.64398], [-78.667136, -1.643238], [-78.666397, -1.642849], [-78.6664, -1.642789], [-78.666447, -1.642622], [-78.666563, -1.642442], [-78.66735, -1.641349], [-78.66703, -1.641167]]]}}, {"type": "Feature", "properties": {"numero": 189, "nombre": "CISNEROS DE TAPI", "area_ha": 44.05017247258137, "catastro_2014": "No encontrado"}, "geometry": {"type": "Polygon", "coordinates": [[[-78.666456, -1.643964], [-78.665188, -1.64356], [-78.664267, -1.643431], [-78.663631, -1.643253], [-78.663336, -1.643384], [-78.663214, -1.64331], [-78.662958, -1.643818], [-78.665836, -1.646259], [-78.66769, -1.647581], [-78.669196, -1.648755], [-78.668381, -1.649964], [-78.669172, -1.650603], [-78.673684, -1.645013], [-78.672825, -1.644931], [-78.671751, -1.644655], [-78.670929, -1.644522], [-78.66896, -1.644335], [-78.666456, -1.643964]]]}}, {"type": "Feature", "properties": {"numero": 190, "nombre": "CISNEROS", "area_ha": 7.303316747035642, "catastro_2014": "Existe"}, "geometry": {"type": "Polygon", "coordinates": [[[-78.66265, -1.649501], [-78.663702, -1.648206], [-78.663071, -1.647675], [-78.662479, -1.645442], [-78.662605, -1.644962], [-78.66236, -1.644769], [-78.66191, -1.645576], [-78.661523, -1.646475], [-78.660992, -1.64814], [-78.66265, -1.649501]]]}}, {"type": "Feature", "properties": {"numero": 191, "nombre": "SUBESTACION ELECTRICA", "area_ha": 72.7795260025494, "catastro_2014": "No encontrado"}, "geometry": {"type": "Polygon", "coordinates": [[[-78.687364, -1.652425], [-78.686705, -1.651791], [-78.686123, -1.651348], [-78.685711, -1.651653], [-78.687034, -1.65327], [-78.68655, -1.653683], [-78.685752, -1.654253], [-78.68727, -1.656105], [-78.686435, -1.656774], [-78.685666, -1.655821], [-78.683509, -1.657531], [-78.683576, -1.657656], [-78.683528, -1.658232], [-78.683475, -1.658414], [-78.683494, -1.658692], [-78.683699, -1.659489], [-78.689865, -1.657732], [-78.695231, -1.655872], [-78.695132, -1.655768], [-78.69506, -1.655795], [-78.693839, -1.654261], [-78.690246, -1.650176], [-78.688679, -1.648309], [-78.688273, -1.647991], [-78.686482, -1.64983], [-78.686481, -1.6499], [-78.687839, -1.652145], [-78.687364, -1.652425]]]}}, {"type": "Feature", "properties": {"numero": 192, "nombre": "EL INCA", "area_ha": 3.974040687367714, "catastro_2014": "No encontrado"}, "geometry": {"type": "Polygon", "coordinates": [[[-78.626895, -1.688378], [-78.62825, -1.690254], [-78.629438, -1.689386], [-78.628126, -1.687668], [-78.626895, -1.688378]]]}}, {"type": "Feature", "properties": {"numero": 193, "nombre": "EL FLORECER", "area_ha": 13.633981668360365, "catastro_2014": "Existe"}, "geometry": {"type": "Polygon", "coordinates": [[[-78.628708, -1.690907], [-78.626895, -1.688378], [-78.627593, -1.687992], [-78.626976, -1.686885], [-78.626902, -1.686816], [-78.624979, -1.688022], [-78.624601, -1.687618], [-78.623553, -1.688176], [-78.624394, -1.689513], [-78.625146, -1.68928], [-78.627087, -1.691845], [-78.628266, -1.691125], [-78.628708, -1.690907]]]}}, {"type": "Feature", "properties": {"numero": 194, "nombre": "TUBASEC", "area_ha": 5.106083638017138, "catastro_2014": "Existe"}, "geometry": {"type": "Polygon", "coordinates": [[[-78.62983, -1.686715], [-78.630199, -1.686351], [-78.629775, -1.686667], [-78.628126, -1.687668], [-78.629438, -1.689386], [-78.630947, -1.688332], [-78.630734, -1.687779], [-78.630562, -1.687139], [-78.6302, -1.687347], [-78.62983, -1.686715]]]}}, {"type": "Feature", "properties": {"numero": 195, "nombre": "FAUSTO MOLINA", "area_ha": 9.788027134401561, "catastro_2014": "No encontrado"}, "geometry": {"type": "Polygon", "coordinates": [[[-78.63472, -1.681289], [-78.633772, -1.682134], [-78.633969, -1.682363], [-78.633293, -1.683268], [-78.63368, -1.683584], [-78.633748, -1.683524], [-78.635467, -1.684673], [-78.636012, -1.684075], [-78.637568, -1.682678], [-78.636656, -1.681725], [-78.636275, -1.68142], [-78.635458, -1.681891], [-78.635184, -1.681811], [-78.63472, -1.681289]]]}}, {"type": "Feature", "properties": {"numero": 196, "nombre": "Sin nombre", "area_ha": 4.060958193588017, "catastro_2014": "No encontrado"}, "geometry": {"type": "Polygon", "coordinates": [[[-78.666447, -1.642622], [-78.6664, -1.642789], [-78.666397, -1.642849], [-78.667136, -1.643238], [-78.666614, -1.643979], [-78.667565, -1.64413], [-78.668516, -1.642623], [-78.667861, -1.64223], [-78.668241, -1.641714], [-78.667351, -1.641347], [-78.666447, -1.642622]]]}}, {"type": "Feature", "properties": {"numero": 197, "nombre": "RIOBAMBA NORTE 3 ETAPA", "area_ha": 62.27014670878649, "catastro_2014": "No encontrado"}, "geometry": {"type": "Polygon", "coordinates": [[[-78.66236, -1.644769], [-78.662605, -1.644962], [-78.662479, -1.645442], [-78.663071, -1.647675], [-78.663702, -1.648206], [-78.664617, -1.646595], [-78.663505, -1.645634], [-78.664122, -1.644829], [-78.662958, -1.643818], [-78.66236, -1.644769]]]}}]}