{"type": "FeatureCollection", "features": [{"type": "Feature", "properties": {"id": "cc6c38e4-5bea-42db-8144-706cf6066c99", "nombre": "H", "tipo": "Cultural", "elemento": "Bibliotecas", "tipologia": "Zonal", "gestion": "Privado", "estado": "Bueno", "parroquia": "RIOBAMBA", "observaciones": "G"}, "geometry": {"type": "Point", "coordinates": [-78.64991, -1.674313]}}, {"type": "Feature", "properties": {"id": "b7ac55cc-e04d-49ca-80c5-17af2b8330cd", "nombre": "Merced", "tipo": "Administraci\u00f3n P\u00fablica", "elemento": "Municipio", "tipologia": "Cantonal", "gestion": "P\u00fablico", "estado": "Bueno", "parroquia": "RIOBAMBA", "observaciones": "Edificio Municipal"}, "geometry": {"type": "Point", "coordinates": [-78.649876, -1.674027]}}, {"type": "Feature", "properties": {"id": "a22a5c44-7f85-48fe-8d56-47bfd000cb64", "nombre": "Hhh", "tipo": "Administraci\u00f3n P\u00fablica", "elemento": "Municipio", "tipologia": "Cantonal", "gestion": "P\u00fablico", "estado": "Malo", "parroquia": "RIOBAMBA", "observaciones": "Hhh"}, "geometry": {"type": "Point", "coordinates": [-78.649855, -1.674222]}}, {"type": "Feature", "properties": {"id": "74c81af2-91fc-428b-847f-6689a43f74ba", "nombre": "Escuela Sim\u00f3n", "tipo": "Educaci\u00f3n", "elemento": "Escuelas", "tipologia": "Barrial", "gestion": "P\u00fablico", "estado": "Bueno", "parroquia": "RIOBAMBA", "observaciones": ""}, "geometry": {"type": "Point", "coordinates": [-78.646201, -1.675676]}}, {"type": "Feature", "properties": {"id": "21be08a6-71ec-4de9-8e3f-88a587d74ac7", "nombre": "P", "tipo": "Infraestructura", "elemento": "Bater\u00edas sanitarias", "tipologia": "Barrial", "gestion": "P\u00fablico", "estado": "Regular", "parroquia": "RIOBAMBA", "observaciones": "Ninguns"}, "geometry": {"type": "Point", "coordinates": [-78.649791, -1.674351]}}, {"type": "Feature", "properties": {"id": "d5e824fb-02e1-4557-92ee-36498d5faf8f", "nombre": "Centro de salud n3", "tipo": "Salud", "elemento": "Centro de salud Tipo B", "tipologia": "Zonal", "gestion": "P\u00fablico", "estado": "Regular", "parroquia": "RIOBAMBA", "observaciones": ""}, "geometry": {"type": "Point", "coordinates": [-78.631816, -1.681776]}}, {"type": "Feature", "properties": {"id": "e7cef803-0cb8-4abf-8393-b41a22192ed1", "nombre": "Centro de Salud n3", "tipo": "Salud", "elemento": "Centro de salud Tipo B", "tipologia": "Zonal", "gestion": "P\u00fablico", "estado": "Bueno", "parroquia": "RIOBAMBA", "observaciones": ""}, "geometry": {"type": "Point", "coordinates": [-78.631795, -1.681733]}}, {"type": "Feature", "properties": {"id": "087665d5-59ef-49be-9d69-c127db852b7e", "nombre": "Cancha deportiva", "tipo": "Recreativo y Deporte", "elemento": "Canchas deportivas m\u00faltiples.", "tipologia": "Zonal", "gestion": "P\u00fablico", "estado": "Bueno", "parroquia": "RIOBAMBA", "observaciones": "Ninguna"}, "geometry": {"type": "Point", "coordinates": [-78.63341, -1.683291]}}, {"type": "Feature", "properties": {"id": "3f3023ea-3d1f-456a-b573-43baf3617af3", "nombre": "Canchas deportivas bolivar chirib0ga", "tipo": "Recreativo y Deporte", "elemento": "Canchas de v\u00f3ley", "tipologia": "Zonal", "gestion": "P\u00fablico", "estado": "Bueno", "parroquia": "RIOBAMBA", "observaciones": ""}, "geometry": {"type": "Point", "coordinates": [-78.63339, -1.683021]}}, {"type": "Feature", "properties": {"id": "eb47b6dc-1961-4aa9-9b96-7cb8c9c9d31f", "nombre": "Barrio Bolivar Chiriboga", "tipo": "Recreativo y Deporte", "elemento": "Parques infantiles con jardines sin canchas", "tipologia": "Barrial", "gestion": "P\u00fablico", "estado": "Regular", "parroquia": "RIOBAMBA", "observaciones": ""}, "geometry": {"type": "Point", "coordinates": [-78.649768, -1.674276]}}, {"type": "Feature", "properties": {"id": "95105a0c-9141-4199-a3ca-4dc1ac68fc78", "nombre": "Barrio Bolivar Bonilla", "tipo": "Religioso", "elemento": "Iglesias hasta 200 puestos", "tipologia": "Barrial", "gestion": "Privado", "estado": "Bueno", "parroquia": "RIOBAMBA", "observaciones": ""}, "geometry": {"type": "Point", "coordinates": [-78.633598, -1.683484]}}, {"type": "Feature", "properties": {"id": "59adc748-2d15-4d13-99d6-4c7c062b225a", "nombre": "Britania escuela linguistica", "tipo": "Educaci\u00f3n", "elemento": "Escuelas", "tipologia": "Barrial", "gestion": "Privado", "estado": "Bueno", "parroquia": "RIOBAMBA", "observaciones": ""}, "geometry": {"type": "Point", "coordinates": [-78.633032, -1.681507]}}, {"type": "Feature", "properties": {"id": "1d13f256-c18f-4b9e-819d-d99292f90749", "nombre": "Canchas deportivas", "tipo": "Recreativo y Deporte", "elemento": "Canchas deportivas m\u00faltiples.", "tipologia": "Zonal", "gestion": "P\u00fablico", "estado": "Regular", "parroquia": "RIOBAMBA", "observaciones": ""}, "geometry": {"type": "Point", "coordinates": [-78.634476, -1.682271]}}, {"type": "Feature", "properties": {"id": "b281851e-3422-4b78-a46b-59da726edc16", "nombre": "Barrio Pucara", "tipo": "Educaci\u00f3n", "elemento": "Centros o institutos de capacitaci\u00f3n", "tipologia": "Zonal", "gestion": "Privado", "estado": "Bueno", "parroquia": "RIOBAMBA", "observaciones": ""}, "geometry": {"type": "Point", "coordinates": [-78.633741, -1.682009]}}, {"type": "Feature", "properties": {"id": "cb6d8d37-b2a9-4bdd-bc05-8296857c9f5d", "nombre": "Parque y casa barrial Fausto Molina", "tipo": "Recreativo y Deporte", "elemento": "Canchas deportivas m\u00faltiples.", "tipologia": "Zonal", "gestion": "P\u00fablico", "estado": "", "parroquia": "RIOBAMBA", "observaciones": ""}, "geometry": {"type": "Point", "coordinates": [-78.635624, -1.682911]}}, {"type": "Feature", "properties": {"id": "c08a01c0-9d99-4e2c-ab54-61d542fe5a4b", "nombre": "Casa barrial Fausto molina", "tipo": "Administraci\u00f3n P\u00fablica", "elemento": "Sedes de gremios y federaciones de profesionales", "tipologia": "Zonal", "gestion": "P\u00fablico", "estado": "Bueno", "parroquia": "RIOBAMBA", "observaciones": ""}, "geometry": {"type": "Point", "coordinates": [-78.635566, -1.683042]}}, {"type": "Feature", "properties": {"id": "d9c65a3b-7325-4b09-8e71-bc737edafa23", "nombre": "Parada de taxis coop. 21 de abril", "tipo": "Transporte", "elemento": "Parada de taxis", "tipologia": "Zonal", "gestion": "P\u00fablico", "estado": "Bueno", "parroquia": "RIOBAMBA", "observaciones": ""}, "geometry": {"type": "Point", "coordinates": [-78.635479, -1.684278]}}, {"type": "Feature", "properties": {"id": "0c6bc34d-15cc-4db4-9bd5-c129e6233d3a", "nombre": "Parada bus", "tipo": "Transporte", "elemento": "Parada de taxis", "tipologia": "Zonal", "gestion": "P\u00fablico", "estado": "Bueno", "parroquia": "RIOBAMBA", "observaciones": "Ninguno"}, "geometry": {"type": "Point", "coordinates": [-78.635611, -1.683011]}}, {"type": "Feature", "properties": {"id": "ca5aa90e-e924-4f63-8ffb-af590f53266f", "nombre": "Servifeed", "tipo": "Especial", "elemento": "Hospitales veterinarios", "tipologia": "Zonal", "gestion": "Privado", "estado": "Bueno", "parroquia": "SAN LUIS", "observaciones": ""}, "geometry": {"type": "Point", "coordinates": [-78.626576, -1.691221]}}, {"type": "Feature", "properties": {"id": "ee691239-0bf7-40cf-8a12-e4d75e73d4bf", "nombre": "Unidad educativa liceo policial Chimborazo", "tipo": "Educaci\u00f3n", "elemento": "Unidades educativas (niveles b\u00e1sico y bachillerato)", "tipologia": "Zonal", "gestion": "Privado", "estado": "Bueno", "parroquia": "RIOBAMBA", "observaciones": "Alto trafico es necesario mejorar el paso peatonal"}, "geometry": {"type": "Point", "coordinates": [-78.638811, -1.678751]}}, {"type": "Feature", "properties": {"id": "7a5eb6a3-c722-4903-ae7e-e72eddfeef81", "nombre": "Cenrrl de estimulaci\u00f3n Aqui", "tipo": "Bienestar Social", "elemento": "Centros de estimulaci\u00f3n temprana.", "tipologia": "Barrial", "gestion": "Privado", "estado": "Bueno", "parroquia": "RIOBAMBA", "observaciones": ""}, "geometry": {"type": "Point", "coordinates": [-78.637182, -1.682248]}}, {"type": "Feature", "properties": {"id": "d9ec6f60-cc91-42c6-8c32-12db3c62ef17", "nombre": "Templo", "tipo": "Religioso", "elemento": "Iglesias hasta 200 puestos", "tipologia": "Barrial", "gestion": "Privado", "estado": "Bueno", "parroquia": "SAN LUIS", "observaciones": ""}, "geometry": {"type": "Point", "coordinates": [-78.626478, -1.691182]}}, {"type": "Feature", "properties": {"id": "fe5c169a-5304-42ad-8410-80d9063aefa9", "nombre": "Gran AKI", "tipo": "Especial", "elemento": "Mercado", "tipologia": "Cantonal", "gestion": "Privado", "estado": "Bueno", "parroquia": "RIOBAMBA", "observaciones": "SN"}, "geometry": {"type": "Point", "coordinates": [-78.637516, -1.67892]}}, {"type": "Feature", "properties": {"id": "6395c444-52f5-49ed-8805-2a82a89ce819", "nombre": "Complejo el Florecer", "tipo": "Recreativo y Deporte", "elemento": "Canchas deportivas m\u00faltiples.", "tipologia": "Zonal", "gestion": "Privado", "estado": "Bueno", "parroquia": "RIOBAMBA", "observaciones": ""}, "geometry": {"type": "Point", "coordinates": [-78.626672, -1.688446]}}, {"type": "Feature", "properties": {"id": "0eaf2498-4e8e-4af6-837f-4b9ac11d4298", "nombre": "Parada de bus Esquina del supermercado Gran Aki", "tipo": "Transporte", "elemento": "Parada de transporte p\u00fablico, buses", "tipologia": "Zonal", "gestion": "P\u00fablico", "estado": "Bueno", "parroquia": "RIOBAMBA", "observaciones": ""}, "geometry": {"type": "Point", "coordinates": [-78.638502, -1.678617]}}, {"type": "Feature", "properties": {"id": "0c77ae52-5cbd-44a2-86dd-39cdf59f97a9", "nombre": "TEMPLO DE DIOS", "tipo": "Religioso", "elemento": "Iglesias hasta 200 puestos", "tipologia": "Barrial", "gestion": "Privado", "estado": "Bueno", "parroquia": "RIOBAMBA", "observaciones": ""}, "geometry": {"type": "Point", "coordinates": [-78.626079, -1.68889]}}, {"type": "Feature", "properties": {"id": "3b198ccd-a4eb-40a3-804c-2e180d355912", "nombre": "Upc pucara", "tipo": "Seguridad", "elemento": "Unidad de vigilancia de polic\u00eda (UPC)", "tipologia": "Zonal", "gestion": "P\u00fablico", "estado": "Regular", "parroquia": "RIOBAMBA", "observaciones": ""}, "geometry": {"type": "Point", "coordinates": [-78.63523, -1.679632]}}, {"type": "Feature", "properties": {"id": "30bc5728-7d99-44be-88bd-de17640c132a", "nombre": "Tuti", "tipo": "Especial", "elemento": "Mercado", "tipologia": "Cantonal", "gestion": "Privado", "estado": "Bueno", "parroquia": "RIOBAMBA", "observaciones": ""}, "geometry": {"type": "Point", "coordinates": [-78.637046, -1.679088]}}, {"type": "Feature", "properties": {"id": "ad387a67-3031-4506-86f8-62377eecc5cf", "nombre": "Complejo tur\u00edstico El Florecer", "tipo": "Recreativo y Deporte", "elemento": "Piscinas", "tipologia": "Zonal", "gestion": "Privado", "estado": "Bueno", "parroquia": "RIOBAMBA", "observaciones": ""}, "geometry": {"type": "Point", "coordinates": [-78.626764, -1.688615]}}, {"type": "Feature", "properties": {"id": "cb20ec86-6c00-4cab-8282-888ce88f480b", "nombre": "Centro de desarrollo infantil un mundo encantado", "tipo": "Educaci\u00f3n", "elemento": "Establecimientos de educaci\u00f3n inicial", "tipologia": "Barrial", "gestion": "Privado", "estado": "Bueno", "parroquia": "RIOBAMBA", "observaciones": ""}, "geometry": {"type": "Point", "coordinates": [-78.627981, -1.687711]}}, {"type": "Feature", "properties": {"id": "60b34867-55a6-49df-b65e-41cc3302416e", "nombre": "NO EXISTE", "tipo": "Recreativo y Deporte", "elemento": "Canchas de v\u00f3ley", "tipologia": "Zonal", "gestion": "Privado", "estado": "Bueno", "parroquia": "RIOBAMBA", "observaciones": ""}, "geometry": {"type": "Point", "coordinates": [-78.627999, -1.687816]}}, {"type": "Feature", "properties": {"id": "1d57b42f-6fe3-457a-8a13-e037f664189d", "nombre": "UE CARLOS CISNEROS", "tipo": "Educaci\u00f3n", "elemento": "Escuelas", "tipologia": "Barrial", "gestion": "P\u00fablico", "estado": "", "parroquia": "RIOBAMBA", "observaciones": "Falta segurudad"}, "geometry": {"type": "Point", "coordinates": [-78.636788, -1.679737]}}, {"type": "Feature", "properties": {"id": "3889edf2-46e0-4283-99a4-70393e6d8ff4", "nombre": "Unidad Educativa inicial carlos cisneros", "tipo": "Educaci\u00f3n", "elemento": "Establecimientos de educaci\u00f3n inicial", "tipologia": "Barrial", "gestion": "P\u00fablico", "estado": "Regular", "parroquia": "RIOBAMBA", "observaciones": ""}, "geometry": {"type": "Point", "coordinates": [-78.636908, -1.68046]}}, {"type": "Feature", "properties": {"id": "ec77d116-0080-44c2-97fb-adb3851ae2a8", "nombre": "Barrio Pucara", "tipo": "Recreativo y Deporte", "elemento": "Parques infantiles con jardines sin canchas", "tipologia": "Barrial", "gestion": "P\u00fablico", "estado": "Bueno", "parroquia": "RIOBAMBA", "observaciones": ""}, "geometry": {"type": "Point", "coordinates": [-78.634795, -1.682674]}}, {"type": "Feature", "properties": {"id": "18d9dc94-5ed7-420a-83e8-bcc37e03f60c", "nombre": "Barrio Fausto Molina", "tipo": "Recreativo y Deporte", "elemento": "Canchas deportivas m\u00faltiples.", "tipologia": "Zonal", "gestion": "P\u00fablico", "estado": "Regular", "parroquia": "RIOBAMBA", "observaciones": ""}, "geometry": {"type": "Point", "coordinates": [-78.635548, -1.683569]}}, {"type": "Feature", "properties": {"id": "68579000-ca69-42dc-a3bc-a456051f23d9", "nombre": "Barrio Pucura", "tipo": "Recreativo y Deporte", "elemento": "Parques infantiles con jardines sin canchas", "tipologia": "Barrial", "gestion": "P\u00fablico", "estado": "Regular", "parroquia": "RIOBAMBA", "observaciones": ""}, "geometry": {"type": "Point", "coordinates": [-78.635782, -1.681417]}}, {"type": "Feature", "properties": {"id": "4ae9fb9a-8244-49a8-86e7-257f5db29321", "nombre": "Parque", "tipo": "Recreativo y Deporte", "elemento": "Parques infantiles con jardines sin canchas", "tipologia": "Barrial", "gestion": "P\u00fablico", "estado": "Malo", "parroquia": "RIOBAMBA", "observaciones": ""}, "geometry": {"type": "Point", "coordinates": [-78.627527, -1.689207]}}, {"type": "Feature", "properties": {"id": "1d5042f1-c812-45c9-aa1e-6fa43d356c22", "nombre": "Iglesia de Pucar\u00e1", "tipo": "Religioso", "elemento": "Iglesias hasta 200 puestos", "tipologia": "Barrial", "gestion": "P\u00fablico", "estado": "Bueno", "parroquia": "RIOBAMBA", "observaciones": ""}, "geometry": {"type": "Point", "coordinates": [-78.63613, -1.681202]}}, {"type": "Feature", "properties": {"id": "cc982bea-7c26-4d67-97c8-a13c92035aca", "nombre": "Canchas depirtivas Pucara", "tipo": "Recreativo y Deporte", "elemento": "Canchas deportivas m\u00faltiples.", "tipologia": "Zonal", "gestion": "P\u00fablico", "estado": "Bueno", "parroquia": "RIOBAMBA", "observaciones": "Ninguna"}, "geometry": {"type": "Point", "coordinates": [-78.63731, -1.679611]}}, {"type": "Feature", "properties": {"id": "c6ec88a9-5759-4577-8aa8-7a0bb7ac6558", "nombre": "Aguas lluvia", "tipo": "Infraestructura", "elemento": "Planta de tratamiento de agua", "tipologia": "Cantonal", "gestion": "P\u00fablico", "estado": "Bueno", "parroquia": "RIOBAMBA", "observaciones": "En construcci\u00f3n de infraestructura para agua lluvia"}, "geometry": {"type": "Point", "coordinates": [-78.625658, -1.685061]}}, {"type": "Feature", "properties": {"id": "7c5be837-f735-47a1-993a-68783591ca9f", "nombre": "Cancha el cuadrado", "tipo": "Recreativo y Deporte", "elemento": "Canchas deportivas m\u00faltiples.", "tipologia": "Zonal", "gestion": "P\u00fablico", "estado": "Regular", "parroquia": "RIOBAMBA", "observaciones": ""}, "geometry": {"type": "Point", "coordinates": [-78.636971, -1.681048]}}, {"type": "Feature", "properties": {"id": "b520675c-633a-4c9d-8c0b-7ff3fb19493b", "nombre": "Recicladora mega metal", "tipo": "Especial", "elemento": "Mercado", "tipologia": "Cantonal", "gestion": "Privado", "estado": "Malo", "parroquia": "RIOBAMBA", "observaciones": "Planta recicladora"}, "geometry": {"type": "Point", "coordinates": [-78.629264, -1.686943]}}, {"type": "Feature", "properties": {"id": "9ba72dd0-3343-42ba-b86c-10cdb04b557b", "nombre": "KAISER", "tipo": "Transporte", "elemento": "Parada de camionetas", "tipologia": "Zonal", "gestion": "Privado", "estado": "Bueno", "parroquia": "RIOBAMBA", "observaciones": "Parqueadero"}, "geometry": {"type": "Point", "coordinates": [-78.627846, -1.687932]}}, {"type": "Feature", "properties": {"id": "429aca10-4020-4e2f-820d-f35641473561", "nombre": "Subestaci\u00f3n de energ\u00eda el\u00e9ctrica Grupo energizados Rub\u00e9n Nasdpud romero", "tipo": "Administraci\u00f3n P\u00fablica", "elemento": "Oficinas de agua potable, energ\u00eda el\u00e9ctrica, tel\u00e9fonos", "tipologia": "Zonal", "gestion": "P\u00fablico", "estado": "Bueno", "parroquia": "RIOBAMBA", "observaciones": "Empresa el\u00e9ctrica Riobamba SA."}, "geometry": {"type": "Point", "coordinates": [-78.632853, -1.680113]}}, {"type": "Feature", "properties": {"id": "b47fdeec-123f-4837-83b3-cd1cd06a69de", "nombre": "Nicolas", "tipo": "Recreativo y Deporte", "elemento": "Canchas de v\u00f3ley", "tipologia": "Zonal", "gestion": "Privado", "estado": "Bueno", "parroquia": "SAN LUIS", "observaciones": ""}, "geometry": {"type": "Point", "coordinates": [-78.628383, -1.693639]}}, {"type": "Feature", "properties": {"id": "18c6e96a-a019-4f51-8d57-bb01023a7d73", "nombre": "Cancha de basquetbol", "tipo": "Recreativo y Deporte", "elemento": "Canchas deportivas m\u00faltiples.", "tipologia": "Zonal", "gestion": "P\u00fablico", "estado": "Regular", "parroquia": "RIOBAMBA", "observaciones": ""}, "geometry": {"type": "Point", "coordinates": [-78.62645, -1.681786]}}, {"type": "Feature", "properties": {"id": "56eafea1-95da-4da5-8707-a9607cf72363", "nombre": "Comando de polcia Riobamba-Chambo N 6", "tipo": "Seguridad", "elemento": "Unidad de vigilancia de polic\u00eda (UPC)", "tipologia": "Zonal", "gestion": "P\u00fablico", "estado": "Bueno", "parroquia": "RIOBAMBA", "observaciones": ""}, "geometry": {"type": "Point", "coordinates": [-78.639581, -1.680793]}}, {"type": "Feature", "properties": {"id": "5949ea1f-ed57-4ed4-8c84-51cc4a5e22b6", "nombre": "El Choclerito", "tipo": "Recreativo y Deporte", "elemento": "Canchas de v\u00f3ley", "tipologia": "Zonal", "gestion": "Privado", "estado": "Bueno", "parroquia": "RIOBAMBA", "observaciones": ""}, "geometry": {"type": "Point", "coordinates": [-78.627033, -1.67998]}}, {"type": "Feature", "properties": {"id": "4d85142d-19b6-46f6-a756-aae69b17763f", "nombre": "Eureka", "tipo": "Educaci\u00f3n", "elemento": "Establecimientos de educaci\u00f3n inicial", "tipologia": "Barrial", "gestion": "Privado", "estado": "Bueno", "parroquia": "RIOBAMBA", "observaciones": ""}, "geometry": {"type": "Point", "coordinates": [-78.639361, -1.678586]}}, {"type": "Feature", "properties": {"id": "907fa828-0a9b-4e74-9c09-2c669e6fd331", "nombre": "Laboratorio Alfa", "tipo": "Salud", "elemento": "Hospital b\u00e1sico o cl\u00ednicas", "tipologia": "Zonal", "gestion": "Privado", "estado": "Bueno", "parroquia": "RIOBAMBA", "observaciones": "Ninguna"}, "geometry": {"type": "Point", "coordinates": [-78.639852, -1.67886]}}, {"type": "Feature", "properties": {"id": "b78f7a3a-efda-4d1d-93e1-3058dd35eabb", "nombre": "Unidad Educativa Liceo Policial Chimborazo", "tipo": "Educaci\u00f3n", "elemento": "Unidades educativas (niveles b\u00e1sico y bachillerato)", "tipologia": "Zonal", "gestion": "Privado", "estado": "Bueno", "parroquia": "RIOBAMBA", "observaciones": ""}, "geometry": {"type": "Point", "coordinates": [-78.638911, -1.678705]}}, {"type": "Feature", "properties": {"id": "3db553b3-65cd-428e-9f69-bd630fe5cf2c", "nombre": "REGISTRO DE LA PROPIEDAD", "tipo": "Administraci\u00f3n P\u00fablica", "elemento": "Municipio", "tipologia": "Cantonal", "gestion": "P\u00fablico", "estado": "Bueno", "parroquia": "RIOBAMBA", "observaciones": ""}, "geometry": {"type": "Point", "coordinates": [-78.640906, -1.678909]}}, {"type": "Feature", "properties": {"id": "1513178c-284d-433f-bb0d-4eb092d57fe4", "nombre": "Barrio Pucara", "tipo": "Transporte", "elemento": "Parada de taxis", "tipologia": "Zonal", "gestion": "Privado", "estado": "Bueno", "parroquia": "RIOBAMBA", "observaciones": ""}, "geometry": {"type": "Point", "coordinates": [-78.63968, -1.678606]}}, {"type": "Feature", "properties": {"id": "b44c343a-ef04-4525-8f8a-d2b15ef3b31c", "nombre": "Casa del Bienestar", "tipo": "Bienestar Social", "elemento": "Casa del Bienestar o Centro de protecci\u00f3n de mujeres o menores", "tipologia": "Cantonal", "gestion": "P\u00fablico", "estado": "Bueno", "parroquia": "RIOBAMBA", "observaciones": ""}, "geometry": {"type": "Point", "coordinates": [-78.651317, -1.681375]}}, {"type": "Feature", "properties": {"id": "d00d9f26-e6af-443f-84b5-ecbd7f3fd838", "nombre": "Estadio en la avenida Sim\u00f3n Bolivar", "tipo": "Recreativo y Deporte", "elemento": "Estadios barriales", "tipologia": "Zonal", "gestion": "P\u00fablico", "estado": "Bueno", "parroquia": "RIOBAMBA", "observaciones": "Estadio Los Laureles"}, "geometry": {"type": "Point", "coordinates": [-78.627557, -1.679917]}}, {"type": "Feature", "properties": {"id": "cd80488f-93f4-455a-844f-b2d46b061715", "nombre": "Sin nombre", "tipo": "Recreativo y Deporte", "elemento": "Canchas de v\u00f3ley", "tipologia": "Zonal", "gestion": "Privado", "estado": "Malo", "parroquia": "RIOBAMBA", "observaciones": "Cancha de voley en las estado"}, "geometry": {"type": "Point", "coordinates": [-78.627919, -1.686279]}}, {"type": "Feature", "properties": {"id": "34e6a946-0579-4c0d-8ce0-7ff91612571e", "nombre": "Cancha los Laureles", "tipo": "Recreativo y Deporte", "elemento": "Canchas deportivas m\u00faltiples.", "tipologia": "Zonal", "gestion": "Privado", "estado": "Bueno", "parroquia": "RIOBAMBA", "observaciones": ""}, "geometry": {"type": "Point", "coordinates": [-78.627632, -1.677888]}}, {"type": "Feature", "properties": {"id": "074086b1-1860-4fef-8685-22f39351ffbb", "nombre": "Physio", "tipo": "Salud", "elemento": "Centros de rehabilitaci\u00f3n f\u00edsica integral", "tipologia": "Zonal", "gestion": "Privado", "estado": "Bueno", "parroquia": "RIOBAMBA", "observaciones": ""}, "geometry": {"type": "Point", "coordinates": [-78.625075, -1.687946]}}, {"type": "Feature", "properties": {"id": "08083020-ade5-408c-9446-47aa3d1ff69f", "nombre": "9hysio", "tipo": "Salud", "elemento": "Centros de rehabilitaci\u00f3n f\u00edsica integral", "tipologia": "Zonal", "gestion": "Privado", "estado": "", "parroquia": "RIOBAMBA", "observaciones": ""}, "geometry": {"type": "Point", "coordinates": [-78.632897, -1.68048]}}, {"type": "Feature", "properties": {"id": "c3836a42-1369-4cfd-89c8-2b0a1f1fe501", "nombre": "Sin nombre en la calle Rivera y medell\u00edn", "tipo": "Recreativo y Deporte", "elemento": "Canchas de v\u00f3ley", "tipologia": "Zonal", "gestion": "Privado", "estado": "Regular", "parroquia": "RIOBAMBA", "observaciones": "En terreno privado"}, "geometry": {"type": "Point", "coordinates": [-78.62851, -1.676237]}}, {"type": "Feature", "properties": {"id": "754318e9-73df-4742-8558-37ad5a30e64f", "nombre": "Sin nombre", "tipo": "Educaci\u00f3n", "elemento": "Establecimientos de educaci\u00f3n inicial", "tipologia": "Barrial", "gestion": "Privado", "estado": "Bueno", "parroquia": "RIOBAMBA", "observaciones": "Via de lastre"}, "geometry": {"type": "Point", "coordinates": [-78.628519, -1.676239]}}, {"type": "Feature", "properties": {"id": "25ea8a0d-e34d-452a-81ac-2a6ebba0717a", "nombre": "Unidad Educativa Nuestro Mundo Eco Rio", "tipo": "Educaci\u00f3n", "elemento": "Unidades educativas (niveles b\u00e1sico y bachillerato)", "tipologia": "Zonal", "gestion": "Privado", "estado": "Bueno", "parroquia": "RIOBAMBA", "observaciones": "V\u00eda de lastre"}, "geometry": {"type": "Point", "coordinates": [-78.627998, -1.676115]}}, {"type": "Feature", "properties": {"id": "4d850031-1a42-4cd1-83f2-7ba844ee5ed9", "nombre": "Madio Mundo", "tipo": "Recreativo y Deporte", "elemento": "Canchas deportivas m\u00faltiples.", "tipologia": "Zonal", "gestion": "Privado", "estado": "Bueno", "parroquia": "RIOBAMBA", "observaciones": "Calzada de tierra"}, "geometry": {"type": "Point", "coordinates": [-78.62873, -1.693694]}}, {"type": "Feature", "properties": {"id": "018d8ed1-9016-4c8e-8857-114cb8be9cbe", "nombre": "Club de campo", "tipo": "Recreativo y Deporte", "elemento": "Piscinas", "tipologia": "Zonal", "gestion": "Privado", "estado": "Bueno", "parroquia": "RIOBAMBA", "observaciones": ""}, "geometry": {"type": "Point", "coordinates": [-78.623159, -1.687495]}}, {"type": "Feature", "properties": {"id": "2cbb17bc-4b43-45d6-8ca7-286f47c33895", "nombre": "Sin nombre", "tipo": "Recreativo y Deporte", "elemento": "Canchas deportivas m\u00faltiples.", "tipologia": "Zonal", "gestion": "Privado", "estado": "Bueno", "parroquia": "RIOBAMBA", "observaciones": "Calles sin asalto"}, "geometry": {"type": "Point", "coordinates": [-78.629357, -1.676167]}}, {"type": "Feature", "properties": {"id": "5be8c074-165d-4b3d-90e9-21d159365647", "nombre": "Caminos del sol", "tipo": "Recreativo y Deporte", "elemento": "Canchas deportivas m\u00faltiples.", "tipologia": "Zonal", "gestion": "Privado", "estado": "Regular", "parroquia": "SAN LUIS", "observaciones": "Ingreso vias sin asfalto"}, "geometry": {"type": "Point", "coordinates": [-78.625025, -1.689511]}}, {"type": "Feature", "properties": {"id": "7ef28c89-8e05-4cd5-864e-b560a400498c", "nombre": "V\u00edas", "tipo": "Administraci\u00f3n P\u00fablica", "elemento": "Municipio", "tipologia": "Cantonal", "gestion": "P\u00fablico", "estado": "Malo", "parroquia": "RIOBAMBA", "observaciones": "V\u00eda con necesidad de atenci\u00f3n"}, "geometry": {"type": "Point", "coordinates": [-78.629473, -1.67713]}}, {"type": "Feature", "properties": {"id": "5eec2f08-e852-4194-86e9-cf3b3d5847fd", "nombre": "Via", "tipo": "Transporte", "elemento": "Parada de taxis", "tipologia": "Zonal", "gestion": "P\u00fablico", "estado": "Malo", "parroquia": "RIOBAMBA", "observaciones": "Via en mal estado"}, "geometry": {"type": "Point", "coordinates": [-78.629395, -1.677061]}}, {"type": "Feature", "properties": {"id": "ef7f10a2-b48d-4e76-827b-257bd84531f4", "nombre": "Sin nombre", "tipo": "Recreativo y Deporte", "elemento": "Parques infantiles con jardines sin canchas", "tipologia": "Barrial", "gestion": "P\u00fablico", "estado": "Malo", "parroquia": "RIOBAMBA", "observaciones": "No existe camino y en p\u00e9simo estado"}, "geometry": {"type": "Point", "coordinates": [-78.626405, -1.683062]}}, {"type": "Feature", "properties": {"id": "fbc72d36-107f-4f60-88fd-e69797e471fd", "nombre": "Unidad educativa nuestro mundo Eco Mundo", "tipo": "Educaci\u00f3n", "elemento": "Escuelas", "tipologia": "Barrial", "gestion": "Privado", "estado": "Bueno", "parroquia": "RIOBAMBA", "observaciones": ""}, "geometry": {"type": "Point", "coordinates": [-78.629084, -1.675132]}}, {"type": "Feature", "properties": {"id": "df1b24b3-59b1-487f-8aa5-d9a020a0c21f", "nombre": "RioSplash", "tipo": "Recreativo y Deporte", "elemento": "Piscinas", "tipologia": "Zonal", "gestion": "Privado", "estado": "Bueno", "parroquia": "RIOBAMBA", "observaciones": "Establecimiento privado piscina en buen estado"}, "geometry": {"type": "Point", "coordinates": [-78.628909, -1.674977]}}, {"type": "Feature", "properties": {"id": "0498469d-a437-4a51-8680-be528619a516", "nombre": "Sin nombre", "tipo": "Recreativo y Deporte", "elemento": "Canchas de v\u00f3ley", "tipologia": "Zonal", "gestion": "Privado", "estado": "Bueno", "parroquia": "RIOBAMBA", "observaciones": ""}, "geometry": {"type": "Point", "coordinates": [-78.631471, -1.673727]}}, {"type": "Feature", "properties": {"id": "5789262c-f668-4865-8211-dc78f5cd985e", "nombre": "Casa barrial ciudadela Luis a. Martinez acuerdo 020-mbs-ch 16-04-2021", "tipo": "Cultural", "elemento": "Casas comunales o barriales", "tipologia": "Barrial", "gestion": "Privado", "estado": "Regular", "parroquia": "RIOBAMBA", "observaciones": ""}, "geometry": {"type": "Point", "coordinates": [-78.631297, -1.673654]}}, {"type": "Feature", "properties": {"id": "bcc6b9c0-7225-41ee-83ee-ede9cccb5c99", "nombre": "Parque Luis A Mart\u00ednez", "tipo": "Recreativo y Deporte", "elemento": "Canchas deportivas m\u00faltiples.", "tipologia": "Zonal", "gestion": "P\u00fablico", "estado": "Bueno", "parroquia": "RIOBAMBA", "observaciones": ""}, "geometry": {"type": "Point", "coordinates": [-78.631739, -1.674071]}}, {"type": "Feature", "properties": {"id": "1a300796-64dd-48b2-838b-a511f8387cdb", "nombre": "Sin nombre", "tipo": "Recreativo y Deporte", "elemento": "Parques infantiles con jardines sin canchas", "tipologia": "Barrial", "gestion": "P\u00fablico", "estado": "Malo", "parroquia": "RIOBAMBA", "observaciones": "Lleno de basura sin cuidado"}, "geometry": {"type": "Point", "coordinates": [-78.627964, -1.687736]}}, {"type": "Feature", "properties": {"id": "bca2670b-d50a-4244-a8e6-e9615cb4f263", "nombre": "Cooperativa de taxis Cisneros C.A", "tipo": "Transporte", "elemento": "Parada de taxis", "tipologia": "Zonal", "gestion": "P\u00fablico", "estado": "Regular", "parroquia": "RIOBAMBA", "observaciones": ""}, "geometry": {"type": "Point", "coordinates": [-78.666075, -1.643894]}}, {"type": "Feature", "properties": {"id": "e2d2fc26-a61d-46bc-b455-4ba7dda4d086", "nombre": "CORMEDICAL", "tipo": "Salud", "elemento": "Centros de rehabilitaci\u00f3n f\u00edsica integral", "tipologia": "Zonal", "gestion": "Privado", "estado": "Bueno", "parroquia": "RIOBAMBA", "observaciones": "Centro de traumatolog\u00eda y fisioterapia"}, "geometry": {"type": "Point", "coordinates": [-78.666696, -1.644044]}}, {"type": "Feature", "properties": {"id": "49033525-1024-4d85-9bc4-7e41d85d5f86", "nombre": "Parada taxi", "tipo": "Transporte", "elemento": "Parada de transporte p\u00fablico, buses", "tipologia": "Zonal", "gestion": "Privado", "estado": "Malo", "parroquia": "RIOBAMBA", "observaciones": ""}, "geometry": {"type": "Point", "coordinates": [-78.667667, -1.6468]}}, {"type": "Feature", "properties": {"id": "98a8b6ad-a02b-44ce-a8cf-f8f19d0d5982", "nombre": "Centro de educaci\u00f3n inicial mis principitos", "tipo": "Educaci\u00f3n", "elemento": "Establecimientos de educaci\u00f3n inicial", "tipologia": "Barrial", "gestion": "Privado", "estado": "Regular", "parroquia": "RIOBAMBA", "observaciones": "Guarder\u00eda, inicial 1 e inicial 2"}, "geometry": {"type": "Point", "coordinates": [-78.665997, -1.643881]}}, {"type": "Feature", "properties": {"id": "0f31c4f3-07d5-4b78-894d-4a7691a738c7", "nombre": "Canchas sint\u00e9ticas Carlitos Sebasti\u00e1n", "tipo": "Recreativo y Deporte", "elemento": "Cancha de futbol sint\u00e9tica", "tipologia": "Zonal", "gestion": "Privado", "estado": "Bueno", "parroquia": "RIOBAMBA", "observaciones": ""}, "geometry": {"type": "Point", "coordinates": [-78.663993, -1.643394]}}, {"type": "Feature", "properties": {"id": "c9d35406-d247-41a6-ae47-0f3978eed242", "nombre": "Parroquia eclesi\u00e1stica sagrado coraz\u00f3n de jesus", "tipo": "Religioso", "elemento": "Iglesias hasta 200 puestos", "tipologia": "Barrial", "gestion": "P\u00fablico", "estado": "Bueno", "parroquia": "RIOBAMBA", "observaciones": "Asfaltada"}, "geometry": {"type": "Point", "coordinates": [-78.665719, -1.650081]}}, {"type": "Feature", "properties": {"id": "7956c17f-10a8-4ede-90d7-e1795d44601d", "nombre": "Agua natural purificada Neptuno", "tipo": "Infraestructura", "elemento": "Plantas potabilizadoras", "tipologia": "Cantonal", "gestion": "Privado", "estado": "Bueno", "parroquia": "RIOBAMBA", "observaciones": ""}, "geometry": {"type": "Point", "coordinates": [-78.668824, -1.646721]}}, {"type": "Feature", "properties": {"id": "df5ed2c3-3596-49a4-a72f-240aacc8b814", "nombre": "Iglesia de cristo", "tipo": "Religioso", "elemento": "Iglesias hasta 200 puestos", "tipologia": "Barrial", "gestion": "Privado", "estado": "Bueno", "parroquia": "RIOBAMBA", "observaciones": ""}, "geometry": {"type": "Point", "coordinates": [-78.668606, -1.645837]}}, {"type": "Feature", "properties": {"id": "0ffca5d0-a557-48eb-8f97-199da4fdecb8", "nombre": "Sector Saboya", "tipo": "Recreativo y Deporte", "elemento": "Parque con gimnasio al aire libre", "tipologia": "Zonal", "gestion": "P\u00fablico", "estado": "Regular", "parroquia": "RIOBAMBA", "observaciones": "Parque requiere mantenimiento de \u00e1reas verdes, mantenimiento en pintura de cancha m\u00faltiple, \nMantenimiento y pintura en gimnasio al aire libre"}, "geometry": {"type": "Point", "coordinates": [-78.662663, -1.647684]}}, {"type": "Feature", "properties": {"id": "0af9694b-a5ba-44e4-b490-e1cc963c5137", "nombre": "Centro de educaci\u00f3n inicial GAIA", "tipo": "Educaci\u00f3n", "elemento": "Establecimientos de educaci\u00f3n inicial", "tipologia": "Barrial", "gestion": "Privado", "estado": "Bueno", "parroquia": "RIOBAMBA", "observaciones": ""}, "geometry": {"type": "Point", "coordinates": [-78.66689, -1.644858]}}, {"type": "Feature", "properties": {"id": "7d321b58-6936-4b11-813d-7e267020cf02", "nombre": "Joaqu\u00edn Gallegos y Gonzalo zaldumbide", "tipo": "Recreativo y Deporte", "elemento": "Jard\u00edn bot\u00e1nico", "tipologia": "Cantonal", "gestion": "P\u00fablico", "estado": "Malo", "parroquia": "RIOBAMBA", "observaciones": "Mantenimiento y mejoras en espacios de \u00e1rea verde"}, "geometry": {"type": "Point", "coordinates": [-78.661865, -1.648709]}}, {"type": "Feature", "properties": {"id": "ee779843-3a31-481a-937f-108531276704", "nombre": "Parque con dos canchas", "tipo": "Recreativo y Deporte", "elemento": "Canchas deportivas m\u00faltiples.", "tipologia": "Zonal", "gestion": "P\u00fablico", "estado": "Regular", "parroquia": "RIOBAMBA", "observaciones": ""}, "geometry": {"type": "Point", "coordinates": [-78.669075, -1.646575]}}, {"type": "Feature", "properties": {"id": "2cfeb636-e884-4490-9d4a-cb9388c6d28f", "nombre": "Centro deportivo el Hulk", "tipo": "Recreativo y Deporte", "elemento": "Canchas de v\u00f3ley", "tipologia": "Zonal", "gestion": "Privado", "estado": "Bueno", "parroquia": "RIOBAMBA", "observaciones": ""}, "geometry": {"type": "Point", "coordinates": [-78.663866, -1.645193]}}, {"type": "Feature", "properties": {"id": "444f5cf5-72cb-4e76-80b2-5a96852df4b2", "nombre": "Santo Domingo de Guzman", "tipo": "Educaci\u00f3n", "elemento": "Establecimientos de educaci\u00f3n inicial", "tipologia": "Barrial", "gestion": "Privado", "estado": "Regular", "parroquia": "RIOBAMBA", "observaciones": "Limpieza de veredas"}, "geometry": {"type": "Point", "coordinates": [-78.663214, -1.64956]}}, {"type": "Feature", "properties": {"id": "e118f6dd-aaeb-4b3b-8477-4de20d08be9d", "nombre": "Centro de crecimiento integral bluebell kids", "tipo": "Educaci\u00f3n", "elemento": "Establecimientos de educaci\u00f3n inicial", "tipologia": "Barrial", "gestion": "Privado", "estado": "Bueno", "parroquia": "RIOBAMBA", "observaciones": "Centro de hidroestimulacion, tareas dirigidas y apoyo psicol\u00f3gico"}, "geometry": {"type": "Point", "coordinates": [-78.664586, -1.646528]}}, {"type": "Feature", "properties": {"id": "9c31a17b-377b-4d15-8fe4-526e13d6fc1f", "nombre": "Guarder\u00eda educativa bluebell kids", "tipo": "Educaci\u00f3n", "elemento": "Establecimientos de educaci\u00f3n inicial", "tipologia": "Barrial", "gestion": "Privado", "estado": "Regular", "parroquia": "RIOBAMBA", "observaciones": "Terapia ocupacional y conductual"}, "geometry": {"type": "Point", "coordinates": [-78.665095, -1.646912]}}, {"type": "Feature", "properties": {"id": "fecde50a-b35d-4957-bca0-ef41b7ba6787", "nombre": "NOVARTES", "tipo": "Educaci\u00f3n", "elemento": "Institutos de educaci\u00f3n especial", "tipologia": "Zonal", "gestion": "Privado", "estado": "Bueno", "parroquia": "RIOBAMBA", "observaciones": "Calles adoquinadas"}, "geometry": {"type": "Point", "coordinates": [-78.669857, -1.646124]}}, {"type": "Feature", "properties": {"id": "711b1792-c931-4925-82c2-4151f9e7f5bb", "nombre": "Pensionado americano", "tipo": "Educaci\u00f3n", "elemento": "Escuelas", "tipologia": "Barrial", "gestion": "Privado", "estado": "Regular", "parroquia": "RIOBAMBA", "observaciones": "Mejorar espacios verdes"}, "geometry": {"type": "Point", "coordinates": [-78.665797, -1.652712]}}, {"type": "Feature", "properties": {"id": "0e8a0a9f-ab9e-4d10-b596-006ff6a81ee5", "nombre": "Parque", "tipo": "Recreativo y Deporte", "elemento": "Parque con gimnasio al aire libre", "tipologia": "Zonal", "gestion": "P\u00fablico", "estado": "Bueno", "parroquia": "RIOBAMBA", "observaciones": "Calles asfalto"}, "geometry": {"type": "Point", "coordinates": [-78.667787, -1.649812]}}, {"type": "Feature", "properties": {"id": "216dba88-f360-47fc-861a-e61ebb882e89", "nombre": "Psicorp", "tipo": "Bienestar Social", "elemento": "Centros de estimulaci\u00f3n temprana.", "tipologia": "Barrial", "gestion": "Privado", "estado": "Bueno", "parroquia": "RIOBAMBA", "observaciones": "Calles de asfalto bueno"}, "geometry": {"type": "Point", "coordinates": [-78.667166, -1.651611]}}, {"type": "Feature", "properties": {"id": "f9bc8dc0-0523-4501-a2c6-c316ac50b94d", "nombre": "Ecu911", "tipo": "Seguridad", "elemento": "Unidad de vigilancia de polic\u00eda (UPC)", "tipologia": "Zonal", "gestion": "P\u00fablico", "estado": "Regular", "parroquia": "RIOBAMBA", "observaciones": ""}, "geometry": {"type": "Point", "coordinates": [-78.666046, -1.648194]}}, {"type": "Feature", "properties": {"id": "1c349163-ed00-402d-aecc-0957b7c2a923", "nombre": "Centro de formaci\u00f3n artesanal particular \u201cGuadalupana\u201d", "tipo": "Educaci\u00f3n", "elemento": "Centros o institutos de capacitaci\u00f3n", "tipologia": "Zonal", "gestion": "Privado", "estado": "Bueno", "parroquia": "RIOBAMBA", "observaciones": ""}, "geometry": {"type": "Point", "coordinates": [-78.66776, -1.649443]}}, {"type": "Feature", "properties": {"id": "c8b220db-e519-40b2-8c89-f2bea3738ffb", "nombre": "A\u00f1os de luz", "tipo": "Educaci\u00f3n", "elemento": "Institutos de educaci\u00f3n especial", "tipologia": "Zonal", "gestion": "P\u00fablico", "estado": "Regular", "parroquia": "RIOBAMBA", "observaciones": "Jacinto jijon y Oscar Efr\u00e9n reyes\nMantenimiento"}, "geometry": {"type": "Point", "coordinates": [-78.663401, -1.651542]}}, {"type": "Feature", "properties": {"id": "b3e6697b-66e6-4e43-9235-6608b7c8b190", "nombre": "Urbanuzacion sal luis, sector saboya civil", "tipo": "Recreativo y Deporte", "elemento": "Canchas deportivas m\u00faltiples.", "tipologia": "Zonal", "gestion": "P\u00fablico", "estado": "Regular", "parroquia": "RIOBAMBA", "observaciones": "Realizar mantenimiento, pintado y arreglo de equipamiento de gimnacio al aire libre."}, "geometry": {"type": "Point", "coordinates": [-78.661762, -1.646715]}}, {"type": "Feature", "properties": {"id": "bdb8ca4e-7714-415a-8fb8-4321bade43bf", "nombre": "Brinkadoteca", "tipo": "Educaci\u00f3n", "elemento": "Establecimientos de educaci\u00f3n inicial", "tipologia": "Barrial", "gestion": "Privado", "estado": "Regular", "parroquia": "RIOBAMBA", "observaciones": "Mejorar \u00e1rea verdes y construcci\u00f3n"}, "geometry": {"type": "Point", "coordinates": [-78.663051, -1.651607]}}, {"type": "Feature", "properties": {"id": "e4d03739-908f-4203-a8a6-b3095274fe24", "nombre": "Centro de orientaci\u00f3n y apoyo familiar", "tipo": "Bienestar Social", "elemento": "Casa del Bienestar o Centro de protecci\u00f3n de mujeres o menores", "tipologia": "Cantonal", "gestion": "Privado", "estado": "Bueno", "parroquia": "RIOBAMBA", "observaciones": "Atenci\u00f3n a familias en crisis, apoyo a ni\u00f1os ni\u00f1as y adolescentes en situaci\u00f3n de vulnerabilidad, violencia de g\u00e9nero, informes de trabajo de trabajo social"}, "geometry": {"type": "Point", "coordinates": [-78.667099, -1.650099]}}, {"type": "Feature", "properties": {"id": "7371dd4f-6201-4fe5-931a-81b2e72638a0", "nombre": "Centro de terapias alternativas-Medicina andina", "tipo": "Salud", "elemento": "Centros de rehabilitaci\u00f3n f\u00edsica integral", "tipologia": "Zonal", "gestion": "Privado", "estado": "Bueno", "parroquia": "RIOBAMBA", "observaciones": "Calles adoquinadas"}, "geometry": {"type": "Point", "coordinates": [-78.670021, -1.647001]}}, {"type": "Feature", "properties": {"id": "209ffcac-909d-4c62-87ea-dad193ae23fc", "nombre": "Animedic", "tipo": "Especial", "elemento": "Hospitales veterinarios", "tipologia": "Zonal", "gestion": "Privado", "estado": "Bueno", "parroquia": "RIOBAMBA", "observaciones": ""}, "geometry": {"type": "Point", "coordinates": [-78.666447, -1.649596]}}, {"type": "Feature", "properties": {"id": "bb327f21-c69e-4d96-99fa-bdeb7b1862bb", "nombre": "San luis, sector saboya civil", "tipo": "Recreativo y Deporte", "elemento": "Parques infantiles con jardines sin canchas", "tipologia": "Barrial", "gestion": "P\u00fablico", "estado": "Regular", "parroquia": "RIOBAMBA", "observaciones": "Falta de mantenimiento en areas verdes y repintado de bancas."}, "geometry": {"type": "Point", "coordinates": [-78.664365, -1.65243]}}, {"type": "Feature", "properties": {"id": "4044fddc-bb6a-43a1-9f20-713417a74a28", "nombre": "Parque activo", "tipo": "Recreativo y Deporte", "elemento": "Parque con gimnasio al aire libre", "tipologia": "Zonal", "gestion": "P\u00fablico", "estado": "Regular", "parroquia": "RIOBAMBA", "observaciones": "Calles adoquinadas, parque con cancha de informe y b\u00e1squet d ramal estado"}, "geometry": {"type": "Point", "coordinates": [-78.669688, -1.647742]}}, {"type": "Feature", "properties": {"id": "def42ea7-fdbe-4dcf-89c5-1503f3038378", "nombre": "Tanques de agua", "tipo": "Infraestructura", "elemento": "Estaciones o subestaci\u00f3n de bombeo de agua", "tipologia": "Zonal", "gestion": "P\u00fablico", "estado": "Malo", "parroquia": "RIOBAMBA", "observaciones": "Mejorar infraestructura \nMantenimiento de v\u00eda\nMantenimiento de espacio"}, "geometry": {"type": "Point", "coordinates": [-78.663059, -1.651611]}}, {"type": "Feature", "properties": {"id": "cdb44877-7f06-4e58-bbb6-cb2c0151aa0a", "nombre": "Cancha de indor", "tipo": "Recreativo y Deporte", "elemento": "Canchas deportivas m\u00faltiples.", "tipologia": "Zonal", "gestion": "P\u00fablico", "estado": "Malo", "parroquia": "RIOBAMBA", "observaciones": "Solo es una cancha de indor y b\u00e1squet abandonada calles asfalto regular"}, "geometry": {"type": "Point", "coordinates": [-78.669105, -1.648954]}}, {"type": "Feature", "properties": {"id": "d879756f-a1e0-4574-9bd0-075212667371", "nombre": "Wawateca wayra", "tipo": "Bienestar Social", "elemento": "Centros infantiles, guarder\u00edas o wawatecas", "tipologia": "Barrial", "gestion": "P\u00fablico", "estado": "Bueno", "parroquia": "RIOBAMBA", "observaciones": ""}, "geometry": {"type": "Point", "coordinates": [-78.663526, -1.64798]}}, {"type": "Feature", "properties": {"id": "58f7e289-65a0-4666-a0b2-2c650f503f9c", "nombre": "Calle. Rafael Vallejo Larrea y Jose Matia Egas.", "tipo": "Recreativo y Deporte", "elemento": "Canchas deportivas m\u00faltiples.", "tipologia": "Zonal", "gestion": "P\u00fablico", "estado": "Malo", "parroquia": "RIOBAMBA", "observaciones": "Mantenimiento de areas verdes, pintado de paredes y juegos."}, "geometry": {"type": "Point", "coordinates": [-78.66362, -1.65268]}}, {"type": "Feature", "properties": {"id": "6d6f49b5-4ae7-4795-881d-b8674dc2bd5d", "nombre": "Parroquia eclesi\u00e1stica coraz\u00f3n de Jes\u00fas", "tipo": "Religioso", "elemento": "Iglesias hasta 500 puestos", "tipologia": "Zonal", "gestion": "Privado", "estado": "Bueno", "parroquia": "RIOBAMBA", "observaciones": ""}, "geometry": {"type": "Point", "coordinates": [-78.665543, -1.650028]}}, {"type": "Feature", "properties": {"id": "64fb1892-9457-4fe5-85d1-925aca5b469a", "nombre": "Academia de Riobamba de Tennis Norte", "tipo": "Educaci\u00f3n", "elemento": "Centros o institutos de capacitaci\u00f3n", "tipologia": "Zonal", "gestion": "Privado", "estado": "Bueno", "parroquia": "RIOBAMBA", "observaciones": "Calles de asfalto en estado bueno"}, "geometry": {"type": "Point", "coordinates": [-78.66814, -1.650301]}}, {"type": "Feature", "properties": {"id": "edabf9d3-f900-456e-bb39-430fa4509f74", "nombre": "Centro de educaci\u00f3n inicial Santo Domingo de Guzm\u00e1n", "tipo": "Educaci\u00f3n", "elemento": "Establecimientos de educaci\u00f3n inicial", "tipologia": "Barrial", "gestion": "Privado", "estado": "Bueno", "parroquia": "RIOBAMBA", "observaciones": ""}, "geometry": {"type": "Point", "coordinates": [-78.665683, -1.650048]}}, {"type": "Feature", "properties": {"id": "32e1f8e6-2590-4745-a785-2b4734d076a7", "nombre": "Colegio ingenieros el\u00e9ctricos de Chimborazo", "tipo": "Educaci\u00f3n", "elemento": "Centros e institutos tecnol\u00f3gicos superiores", "tipologia": "Cantonal", "gestion": "Privado", "estado": "Bueno", "parroquia": "RIOBAMBA", "observaciones": ""}, "geometry": {"type": "Point", "coordinates": [-78.668096, -1.650369]}}, {"type": "Feature", "properties": {"id": "2c5c1267-79d1-4f56-91f2-fe65a16241cf", "nombre": "Uniandes", "tipo": "Educaci\u00f3n", "elemento": "Universidades y escuelas polit\u00e9cnicas", "tipologia": "Cantonal", "gestion": "Privado", "estado": "Bueno", "parroquia": "RIOBAMBA", "observaciones": "Principal calles de asfalto en buen estado"}, "geometry": {"type": "Point", "coordinates": [-78.66965, -1.649852]}}, {"type": "Feature", "properties": {"id": "0d4a7f24-005b-40fa-8838-ef67e4bdb4ab", "nombre": "Saboya civil", "tipo": "Recreativo y Deporte", "elemento": "Parque con gimnasio al aire libre", "tipologia": "Zonal", "gestion": "P\u00fablico", "estado": "Malo", "parroquia": "RIOBAMBA", "observaciones": "Mantenimiento de \u00e1reas verdes\nMantenimiento de flora\nPoda de \u00e1rboles"}, "geometry": {"type": "Point", "coordinates": [-78.661332, -1.650369]}}, {"type": "Feature", "properties": {"id": "35ebbb75-92f1-4820-8697-3115310c0c74", "nombre": "Parque Saboya \u00e1rea de juegos", "tipo": "Recreativo y Deporte", "elemento": "Parques infantiles con jardines sin canchas", "tipologia": "Barrial", "gestion": "P\u00fablico", "estado": "Malo", "parroquia": "RIOBAMBA", "observaciones": "Juegos infantiles en mal estado"}, "geometry": {"type": "Point", "coordinates": [-78.661726, -1.652712]}}, {"type": "Feature", "properties": {"id": "0b9f54dc-1eb5-47cb-b327-796a9cc7f863", "nombre": "Nutres salud y bienestar", "tipo": "Salud", "elemento": "Hospital b\u00e1sico o cl\u00ednicas", "tipologia": "Zonal", "gestion": "Privado", "estado": "Bueno", "parroquia": "RIOBAMBA", "observaciones": ""}, "geometry": {"type": "Point", "coordinates": [-78.665646, -1.647582]}}, {"type": "Feature", "properties": {"id": "3ff5f950-aedf-4ca4-b59e-e909aefce87f", "nombre": "Iglesia cristiana misionera", "tipo": "Religioso", "elemento": "Conventos y monasterios", "tipologia": "Cantonal", "gestion": "P\u00fablico", "estado": "Bueno", "parroquia": "RIOBAMBA", "observaciones": "Avenida principal de cemento en buen estado"}, "geometry": {"type": "Point", "coordinates": [-78.670173, -1.649198]}}, {"type": "Feature", "properties": {"id": "f3b67351-48a7-4e2a-8315-9d29edd448a5", "nombre": "CENFIMILP", "tipo": "Educaci\u00f3n", "elemento": "Institutos de educaci\u00f3n especial", "tipologia": "Zonal", "gestion": "Privado", "estado": "Bueno", "parroquia": "RIOBAMBA", "observaciones": "Es como una casa de dos pisos, entre calles adoquinadas"}, "geometry": {"type": "Point", "coordinates": [-78.671168, -1.646718]}}, {"type": "Feature", "properties": {"id": "a46a2cbc-0ac9-4651-897b-670fb9baf138", "nombre": "Asociaci\u00f3n de empleados municipales del Riobamba", "tipo": "Recreativo y Deporte", "elemento": "Canchas deportivas m\u00faltiples.", "tipologia": "Zonal", "gestion": "P\u00fablico", "estado": "Regular", "parroquia": "RIOBAMBA", "observaciones": "Mantenimiento de \u00e1reas verdes"}, "geometry": {"type": "Point", "coordinates": [-78.661392, -1.651997]}}, {"type": "Feature", "properties": {"id": "1b9e1c57-3f85-424d-85f0-d4a8233ea881", "nombre": "Aeropuerto riobamba", "tipo": "Transporte", "elemento": "Aeropuertos civiles y militares", "tipologia": "Cantonal", "gestion": "Privado", "estado": "", "parroquia": "RIOBAMBA", "observaciones": "Ma estado\nMantenimientos"}, "geometry": {"type": "Point", "coordinates": [-78.661433, -1.651943]}}, {"type": "Feature", "properties": {"id": "f803d0eb-303a-499d-8e69-c1b74b9a107f", "nombre": "TELA", "tipo": "Educaci\u00f3n", "elemento": "Establecimientos de educaci\u00f3n inicial", "tipologia": "Barrial", "gestion": "Privado", "estado": "Bueno", "parroquia": "RIOBAMBA", "observaciones": "Esquinero entre calles de cmento y adoquinado rn buen estado"}, "geometry": {"type": "Point", "coordinates": [-78.671802, -1.647137]}}, {"type": "Feature", "properties": {"id": "fddc8e36-c5fa-4da7-8c1e-4e0a87c0fced", "nombre": "Costales", "tipo": "Salud", "elemento": "Hospital b\u00e1sico o cl\u00ednicas", "tipologia": "Zonal", "gestion": "Privado", "estado": "Regular", "parroquia": "RIOBAMBA", "observaciones": "Mejorar linpieza"}, "geometry": {"type": "Point", "coordinates": [-78.658397, -1.656494]}}, {"type": "Feature", "properties": {"id": "66a54afc-04d1-45b8-8f92-dc8f01ce7b01", "nombre": "Planet", "tipo": "Bienestar Social", "elemento": "CDI", "tipologia": "Zonal", "gestion": "Privado", "estado": "Regular", "parroquia": "RIOBAMBA", "observaciones": "Mejorar limpieza \u00e1reas verdes"}, "geometry": {"type": "Point", "coordinates": [-78.657789, -1.656435]}}, {"type": "Feature", "properties": {"id": "73f80f56-1eaf-4ca6-ba8d-d79714a9719e", "nombre": "Parque de la Georgina 2, a oado de los condominio faroles.", "tipo": "Recreativo y Deporte", "elemento": "Canchas deportivas m\u00faltiples.", "tipologia": "Zonal", "gestion": "P\u00fablico", "estado": "Malo", "parroquia": "RIOBAMBA", "observaciones": "Mantenimiento areas verdes, pintado y arreglo de juegos."}, "geometry": {"type": "Point", "coordinates": [-78.661532, -1.658145]}}, {"type": "Feature", "properties": {"id": "46941b54-18ee-4dfd-83cc-3ed40c7b4490", "nombre": "Espacio verde", "tipo": "Recreativo y Deporte", "elemento": "Parques tem\u00e1ticos", "tipologia": "Cantonal", "gestion": "P\u00fablico", "estado": "Malo", "parroquia": "RIOBAMBA", "observaciones": "Dar mantenimiento de \u00e1rea verde"}, "geometry": {"type": "Point", "coordinates": [-78.658436, -1.656157]}}, {"type": "Feature", "properties": {"id": "e9835d44-1f9c-40c7-bd36-cdc3c9247b1a", "nombre": "Parque los faroles.", "tipo": "Recreativo y Deporte", "elemento": "Canchas deportivas m\u00faltiples.", "tipologia": "Zonal", "gestion": "P\u00fablico", "estado": "Malo", "parroquia": "RIOBAMBA", "observaciones": "Mantenimiento de areas verdes y pintado de juegos."}, "geometry": {"type": "Point", "coordinates": [-78.661335, -1.657907]}}, {"type": "Feature", "properties": {"id": "c6da7a44-f340-47b3-be45-bc9e99c3320f", "nombre": "Zaraguro Norte.", "tipo": "Recreativo y Deporte", "elemento": "Canchas deportivas m\u00faltiples.", "tipologia": "Zonal", "gestion": "P\u00fablico", "estado": "Malo", "parroquia": "RIOBAMBA", "observaciones": "Mantenimiento areas verdes, arreglo de juegos y pintado."}, "geometry": {"type": "Point", "coordinates": [-78.66033, -1.657288]}}, {"type": "Feature", "properties": {"id": "3eb258d3-349d-448c-8d0d-a84e1c235108", "nombre": "Estadio", "tipo": "Recreativo y Deporte", "elemento": "Estadios barriales", "tipologia": "Zonal", "gestion": "P\u00fablico", "estado": "Regular", "parroquia": "RIOBAMBA", "observaciones": "Falta de mantimientl y el cepded esta amarrillo"}, "geometry": {"type": "Point", "coordinates": [-78.677255, -1.646962]}}, {"type": "Feature", "properties": {"id": "05666145-ad46-42a1-8e5c-6fea26be00ad", "nombre": "Terminal Intercantonal", "tipo": "Transporte", "elemento": "Terminal terrestre cantonal y regional", "tipologia": "Cantonal", "gestion": "P\u00fablico", "estado": "Regular", "parroquia": "RIOBAMBA", "observaciones": "Necesita mantenimiento de pintura y paredes"}, "geometry": {"type": "Point", "coordinates": [-78.676565, -1.649502]}}, {"type": "Feature", "properties": {"id": "29e07e2b-3464-4a84-8e51-90a7cc88536d", "nombre": "Escuela de F\u00fatbol Santos FC", "tipo": "Recreativo y Deporte", "elemento": "Canchas deportivas m\u00faltiples.", "tipologia": "Zonal", "gestion": "Privado", "estado": "Regular", "parroquia": "RIOBAMBA", "observaciones": "Cancha de f\u00fatbol de tierra, ocupada por una escuela de f\u00fatbol. Punto de encuentro comunitario."}, "geometry": {"type": "Point", "coordinates": [-78.671347, -1.651646]}}, {"type": "Feature", "properties": {"id": "17f50a62-fe99-400f-8e63-c070e732204f", "nombre": "Escuela Juan La valle", "tipo": "Educaci\u00f3n", "elemento": "Escuelas", "tipologia": "Barrial", "gestion": "P\u00fablico", "estado": "Bueno", "parroquia": "RIOBAMBA", "observaciones": "Todo en buen estado"}, "geometry": {"type": "Point", "coordinates": [-78.67627, -1.650674]}}, {"type": "Feature", "properties": {"id": "e4e789e7-9455-4145-88c2-6ef0b422e651", "nombre": "Unidad Educativa General Lavalle (jard\u00edn de infantes)", "tipo": "Educaci\u00f3n", "elemento": "Escuelas", "tipologia": "Barrial", "gestion": "P\u00fablico", "estado": "Bueno", "parroquia": "RIOBAMBA", "observaciones": "Escuela b\u00e1sica para ni\u00f1os de 3 a 4 a\u00f1os."}, "geometry": {"type": "Point", "coordinates": [-78.670432, -1.651497]}}, {"type": "Feature", "properties": {"id": "1abbffb4-ea4b-4e0e-8461-d3c945d64f77", "nombre": "Parque de la ciudadela 11 de agosto", "tipo": "Recreativo y Deporte", "elemento": "Parques infantiles con jardines sin canchas", "tipologia": "Barrial", "gestion": "P\u00fablico", "estado": "Bueno", "parroquia": "RIOBAMBA", "observaciones": "Cancha de la ciudadela 11 de agosto"}, "geometry": {"type": "Point", "coordinates": [-78.668675, -1.652579]}}, {"type": "Feature", "properties": {"id": "bb0f428c-6aa1-4c44-8f7d-083dafb5ec14", "nombre": "Canchas de los ingenieros civiles", "tipo": "Recreativo y Deporte", "elemento": "Canchas deportivas m\u00faltiples.", "tipologia": "Zonal", "gestion": "P\u00fablico", "estado": "Malo", "parroquia": "RIOBAMBA", "observaciones": "Parque sin v\u00edas de acceso visibles. Es un sitio m\u00e1s bien oculto y con escombros"}, "geometry": {"type": "Point", "coordinates": [-78.669542, -1.653642]}}, {"type": "Feature", "properties": {"id": "fb6a3b0b-3380-4181-80c4-7a707cc68d63", "nombre": "PARADA DE BUSES LA DOLOROSA", "tipo": "Transporte", "elemento": "Terminal terrestre cantonal y regional", "tipologia": "Cantonal", "gestion": "P\u00fablico", "estado": "Regular", "parroquia": "RIOBAMBA", "observaciones": ""}, "geometry": {"type": "Point", "coordinates": [-78.64277, -1.683589]}}, {"type": "Feature", "properties": {"id": "9d1f72f5-b769-456d-8733-9602ddf0d503", "nombre": "CANCHAS LA DOLOROSA", "tipo": "Recreativo y Deporte", "elemento": "Canchas deportivas m\u00faltiples.", "tipologia": "Zonal", "gestion": "P\u00fablico", "estado": "Regular", "parroquia": "RIOBAMBA", "observaciones": ""}, "geometry": {"type": "Point", "coordinates": [-78.641909, -1.679261]}}, {"type": "Feature", "properties": {"id": "5b4926b9-0833-4d56-88f9-d3e78f3924fe", "nombre": "\u00c1REA VERDE LA DOLOROSA", "tipo": "Recreativo y Deporte", "elemento": "Parques infantiles con jardines sin canchas", "tipologia": "Barrial", "gestion": "P\u00fablico", "estado": "Regular", "parroquia": "RIOBAMBA", "observaciones": ""}, "geometry": {"type": "Point", "coordinates": [-78.641504, -1.679443]}}, {"type": "Feature", "properties": {"id": "691d11b7-ced1-4a14-8174-24074c7fdec2", "nombre": "BATER\u00cdAS SANITARIAS LA DOLOROSA", "tipo": "Infraestructura", "elemento": "Bater\u00edas sanitarias", "tipologia": "Barrial", "gestion": "P\u00fablico", "estado": "Regular", "parroquia": "RIOBAMBA", "observaciones": ""}, "geometry": {"type": "Point", "coordinates": [-78.641929, -1.679779]}}, {"type": "Feature", "properties": {"id": "cab759b5-f435-4087-83e2-9e7af30a8808", "nombre": "IGLESIA LA DOLOROSA", "tipo": "Religioso", "elemento": "Iglesias hasta 500 puestos", "tipologia": "Zonal", "gestion": "P\u00fablico", "estado": "Regular", "parroquia": "RIOBAMBA", "observaciones": ""}, "geometry": {"type": "Point", "coordinates": [-78.641899, -1.679923]}}, {"type": "Feature", "properties": {"id": "fe3bbd2a-4fd1-4db1-8e34-2ec5995fd74e", "nombre": "PARADA DE BUS LA DOLOROSA", "tipo": "Transporte", "elemento": "Parada de transporte p\u00fablico, buses", "tipologia": "Zonal", "gestion": "P\u00fablico", "estado": "Malo", "parroquia": "RIOBAMBA", "observaciones": "SIN TECHO"}, "geometry": {"type": "Point", "coordinates": [-78.641542, -1.679918]}}, {"type": "Feature", "properties": {"id": "940a4065-4812-4b71-86de-e67a115a5ff8", "nombre": "UNACH", "tipo": "Educaci\u00f3n", "elemento": "Universidades y escuelas polit\u00e9cnicas", "tipologia": "Cantonal", "gestion": "P\u00fablico", "estado": "Regular", "parroquia": "RIOBAMBA", "observaciones": ""}, "geometry": {"type": "Point", "coordinates": [-78.64174, -1.680132]}}, {"type": "Feature", "properties": {"id": "fb60588e-1454-4016-8297-b68b1cdf76dd", "nombre": "CANCHAS CUBIERTAS  LA DOLOROSA", "tipo": "Recreativo y Deporte", "elemento": "Canchas deportivas m\u00faltiples.", "tipologia": "Zonal", "gestion": "P\u00fablico", "estado": "Malo", "parroquia": "RIOBAMBA", "observaciones": ""}, "geometry": {"type": "Point", "coordinates": [-78.641851, -1.679511]}}, {"type": "Feature", "properties": {"id": "ca642f3c-494c-46df-843f-f74b6a31e0be", "nombre": "BATER\u00cdAS SANITARIAS LA DOLOROSA 2", "tipo": "Infraestructura", "elemento": "Bater\u00edas sanitarias", "tipologia": "Barrial", "gestion": "P\u00fablico", "estado": "Regular", "parroquia": "RIOBAMBA", "observaciones": ""}, "geometry": {"type": "Point", "coordinates": [-78.642593, -1.680224]}}, {"type": "Feature", "properties": {"id": "fd8aeb1b-3832-41b7-8070-deb45c2d1fcc", "nombre": "Asamblea de dios", "tipo": "Religioso", "elemento": "Iglesias hasta 500 puestos", "tipologia": "Zonal", "gestion": "Privado", "estado": "Bueno", "parroquia": "RIOBAMBA", "observaciones": ""}, "geometry": {"type": "Point", "coordinates": [-78.688001, -1.648982]}}, {"type": "Feature", "properties": {"id": "7fc46c07-8195-4086-844d-50003e618b2a", "nombre": "Cancha de voley", "tipo": "Recreativo y Deporte", "elemento": "Canchas de v\u00f3ley", "tipologia": "Zonal", "gestion": "Privado", "estado": "Regular", "parroquia": "", "observaciones": ""}, "geometry": {"type": "Point", "coordinates": [-78.687935, -1.649902]}}, {"type": "Feature", "properties": {"id": "9123fbf2-93e4-4f5e-8bc3-67d8d4f678c5", "nombre": "Antena", "tipo": "Infraestructura", "elemento": "Antenas centrales de transmisi\u00f3n y recepci\u00f3n de telecomunicaciones", "tipologia": "Zonal", "gestion": "Privado", "estado": "Bueno", "parroquia": "RIOBAMBA", "observaciones": ""}, "geometry": {"type": "Point", "coordinates": [-78.687546, -1.650509]}}, {"type": "Feature", "properties": {"id": "2d70ae1c-4af7-4ce0-8e37-c50d53a0c548", "nombre": "Cancha de voley", "tipo": "Recreativo y Deporte", "elemento": "Canchas de v\u00f3ley", "tipologia": "Zonal", "gestion": "Privado", "estado": "Regular", "parroquia": "RIOBAMBA", "observaciones": ""}, "geometry": {"type": "Point", "coordinates": [-78.68786, -1.650656]}}, {"type": "Feature", "properties": {"id": "7e1f0ad6-42df-43b3-8d7d-c06715e34591", "nombre": "Cancha m\u00faltiple", "tipo": "Recreativo y Deporte", "elemento": "Canchas deportivas m\u00faltiples.", "tipologia": "Zonal", "gestion": "P\u00fablico", "estado": "Malo", "parroquia": "RIOBAMBA", "observaciones": ""}, "geometry": {"type": "Point", "coordinates": [-78.689837, -1.651279]}}, {"type": "Feature", "properties": {"id": "d71ea1e8-a867-43b9-8d37-af3079b1e54f", "nombre": "Sal\u00f3n del Reino testigo de jehova", "tipo": "Religioso", "elemento": "Iglesias hasta 500 puestos", "tipologia": "Zonal", "gestion": "Privado", "estado": "Bueno", "parroquia": "RIOBAMBA", "observaciones": ""}, "geometry": {"type": "Point", "coordinates": [-78.689911, -1.653262]}}, {"type": "Feature", "properties": {"id": "cc017a7f-c291-4faa-8844-af798f363397", "nombre": "Subestaci\u00f3n Riobamba", "tipo": "Infraestructura", "elemento": "Estaciones o subestaciones el\u00e9ctricas", "tipologia": "Zonal", "gestion": "P\u00fablico", "estado": "Bueno", "parroquia": "", "observaciones": ""}, "geometry": {"type": "Point", "coordinates": [-78.691943, -1.652872]}}, {"type": "Feature", "properties": {"id": "55320594-1cd0-43eb-8342-a81744b11f9c", "nombre": "COOPERATIVA LIZARZABURU", "tipo": "Transporte", "elemento": "Parada de taxis", "tipologia": "Zonal", "gestion": "P\u00fablico", "estado": "Regular", "parroquia": "RIOBAMBA", "observaciones": ""}, "geometry": {"type": "Point", "coordinates": [-78.641819, -1.679034]}}, {"type": "Feature", "properties": {"id": "11035b2a-5f67-4fae-8a3d-915f81004e4a", "nombre": "Maestros de Chimborazo", "tipo": "Recreativo y Deporte", "elemento": "Canchas deportivas m\u00faltiples.", "tipologia": "Zonal", "gestion": "P\u00fablico", "estado": "Bueno", "parroquia": "RIOBAMBA", "observaciones": ""}, "geometry": {"type": "Point", "coordinates": [-78.68165, -1.659167]}}, {"type": "Feature", "properties": {"id": "96f7c6d3-3031-4e62-878d-d262ed39e2b2", "nombre": "CONSULTORIO M\u00c9DICO DR. BACILIO MIL\u00c1N G.", "tipo": "Salud", "elemento": "Hospital b\u00e1sico o cl\u00ednicas", "tipologia": "Zonal", "gestion": "Privado", "estado": "Bueno", "parroquia": "RIOBAMBA", "observaciones": "FRENTE AL"}, "geometry": {"type": "Point", "coordinates": [-78.681509, -1.657781]}}, {"type": "Feature", "properties": {"id": "70dd399a-12bd-4820-8c98-70f193d55efb", "nombre": "M\u00c9DICA SUR", "tipo": "Salud", "elemento": "Hospital b\u00e1sico o cl\u00ednicas", "tipologia": "Zonal", "gestion": "Privado", "estado": "Regular", "parroquia": "RIOBAMBA", "observaciones": ""}, "geometry": {"type": "Point", "coordinates": [-78.635969, -1.684128]}}, {"type": "Feature", "properties": {"id": "2d2fa159-a488-4f98-8fd6-3b7d9851f826", "nombre": "HOSPITAXI", "tipo": "Transporte", "elemento": "Parada de taxis", "tipologia": "Zonal", "gestion": "P\u00fablico", "estado": "Regular", "parroquia": "RIOBAMBA", "observaciones": ""}, "geometry": {"type": "Point", "coordinates": [-78.635343, -1.685085]}}, {"type": "Feature", "properties": {"id": "17affa4c-d9eb-477d-849c-c2d3d6998298", "nombre": "PARADA DE BUS", "tipo": "Transporte", "elemento": "Parada de transporte p\u00fablico, buses", "tipologia": "Zonal", "gestion": "P\u00fablico", "estado": "Regular", "parroquia": "RIOBAMBA", "observaciones": ""}, "geometry": {"type": "Point", "coordinates": [-78.634326, -1.686563]}}, {"type": "Feature", "properties": {"id": "d0b317e3-3115-4180-8fff-08cb61e90d31", "nombre": "Parque  de la Ciudadela Los Olivos", "tipo": "Recreativo y Deporte", "elemento": "Canchas deportivas m\u00faltiples.", "tipologia": "Zonal", "gestion": "P\u00fablico", "estado": "Regular", "parroquia": "RIOBAMBA", "observaciones": ""}, "geometry": {"type": "Point", "coordinates": [-78.680439, -1.657336]}}, {"type": "Feature", "properties": {"id": "916b8be8-4e39-45cf-8360-6eca45ccac7f", "nombre": "CANCHAS CALLES BUCAREST Y LEOPOLDO FREIRE", "tipo": "Recreativo y Deporte", "elemento": "Canchas deportivas m\u00faltiples.", "tipologia": "Zonal", "gestion": "P\u00fablico", "estado": "Regular", "parroquia": "RIOBAMBA", "observaciones": ""}, "geometry": {"type": "Point", "coordinates": [-78.634323, -1.686422]}}, {"type": "Feature", "properties": {"id": "1b60d0dd-caea-4202-802e-00c23dd14e8e", "nombre": "FERNANDO DAQUILEMA", "tipo": "Educaci\u00f3n", "elemento": "Unidades educativas (niveles b\u00e1sico y bachillerato)", "tipologia": "Zonal", "gestion": "P\u00fablico", "estado": "Regular", "parroquia": "RIOBAMBA", "observaciones": ""}, "geometry": {"type": "Point", "coordinates": [-78.633539, -1.687417]}}, {"type": "Feature", "properties": {"id": "74bc2d1d-8682-4a91-856b-8291b7dee24c", "nombre": "Cancha sint\u00e9tica fair play", "tipo": "Recreativo y Deporte", "elemento": "Cancha de futbol sint\u00e9tica", "tipologia": "Zonal", "gestion": "Privado", "estado": "Bueno", "parroquia": "RIOBAMBA", "observaciones": ""}, "geometry": {"type": "Point", "coordinates": [-78.689983, -1.656762]}}, {"type": "Feature", "properties": {"id": "2056b9ff-0733-45cb-86cc-03ffc33c2636", "nombre": "CNT", "tipo": "Infraestructura", "elemento": "Antenas centrales de transmisi\u00f3n y recepci\u00f3n de telecomunicaciones", "tipologia": "Zonal", "gestion": "P\u00fablico", "estado": "Regular", "parroquia": "RIOBAMBA", "observaciones": ""}, "geometry": {"type": "Point", "coordinates": [-78.633434, -1.687964]}}, {"type": "Feature", "properties": {"id": "bac273b6-6fa5-4f9e-8a47-c93a9c7aab23", "nombre": "Parque", "tipo": "Recreativo y Deporte", "elemento": "Parques infantiles con jardines sin canchas", "tipologia": "Barrial", "gestion": "P\u00fablico", "estado": "Malo", "parroquia": "RIOBAMBA", "observaciones": ""}, "geometry": {"type": "Point", "coordinates": [-78.688486, -1.654874]}}, {"type": "Feature", "properties": {"id": "b7ea081b-5ea5-4338-8cd8-a3dcd980b0ac", "nombre": "Iglesia Refugio del Pueblo de Dios", "tipo": "Religioso", "elemento": "Iglesias hasta 200 puestos", "tipologia": "Barrial", "gestion": "Privado", "estado": "Bueno", "parroquia": "RIOBAMBA", "observaciones": ""}, "geometry": {"type": "Point", "coordinates": [-78.682079, -1.658449]}}, {"type": "Feature", "properties": {"id": "43ef632b-f860-4286-8142-c1f163f2700a", "nombre": "Unidad Educativa Coraz\u00f3n de la Patria", "tipo": "Educaci\u00f3n", "elemento": "Unidades educativas (niveles b\u00e1sico y bachillerato)", "tipologia": "Zonal", "gestion": "P\u00fablico", "estado": "Bueno", "parroquia": "RIOBAMBA", "observaciones": ""}, "geometry": {"type": "Point", "coordinates": [-78.68218, -1.658574]}}, {"type": "Feature", "properties": {"id": "dd7d67ab-2576-447d-84a5-cb38272446d0", "nombre": "FIBUSPAM", "tipo": "Salud", "elemento": "Hospital b\u00e1sico o cl\u00ednicas", "tipologia": "Zonal", "gestion": "Privado", "estado": "Bueno", "parroquia": "RIOBAMBA", "observaciones": ""}, "geometry": {"type": "Point", "coordinates": [-78.682385, -1.657097]}}, {"type": "Feature", "properties": {"id": "dfbde37b-e7f9-48fb-89a9-bbd9def1a026", "nombre": "Centro de desarrollo infantil sembradores del ma\u00f1ana", "tipo": "Bienestar Social", "elemento": "Centros infantiles, guarder\u00edas o wawatecas", "tipologia": "Barrial", "gestion": "P\u00fablico", "estado": "Bueno", "parroquia": "RIOBAMBA", "observaciones": ""}, "geometry": {"type": "Point", "coordinates": [-78.687455, -1.653624]}}, {"type": "Feature", "properties": {"id": "e9aa687a-b023-4482-82bc-49a62eff9f98", "nombre": "PARQUE LOS ALTARES", "tipo": "Recreativo y Deporte", "elemento": "Canchas deportivas m\u00faltiples.", "tipologia": "Zonal", "gestion": "P\u00fablico", "estado": "Malo", "parroquia": "RIOBAMBA", "observaciones": ""}, "geometry": {"type": "Point", "coordinates": [-78.631925, -1.684649]}}, {"type": "Feature", "properties": {"id": "e16738ce-7d2a-4fb1-8f11-5bafec7aaaf3", "nombre": "Canchas m\u00faltiples", "tipo": "Recreativo y Deporte", "elemento": "Canchas deportivas m\u00faltiples.", "tipologia": "Zonal", "gestion": "P\u00fablico", "estado": "Malo", "parroquia": "RIOBAMBA", "observaciones": ""}, "geometry": {"type": "Point", "coordinates": [-78.686143, -1.652054]}}, {"type": "Feature", "properties": {"id": "505aa9ec-c919-493c-8882-916053b0cf55", "nombre": "WAWATECA NINA", "tipo": "Bienestar Social", "elemento": "Centros infantiles, guarder\u00edas o wawatecas", "tipologia": "Barrial", "gestion": "P\u00fablico", "estado": "Bueno", "parroquia": "RIOBAMBA", "observaciones": ""}, "geometry": {"type": "Point", "coordinates": [-78.635907, -1.687973]}}, {"type": "Feature", "properties": {"id": "934ffd83-314b-4342-8893-723643b048e7", "nombre": "Casa de oraci\u00f3n el shaddai", "tipo": "Religioso", "elemento": "Iglesias hasta 500 puestos", "tipologia": "Zonal", "gestion": "Privado", "estado": "Bueno", "parroquia": "RIOBAMBA", "observaciones": ""}, "geometry": {"type": "Point", "coordinates": [-78.687836, -1.652883]}}, {"type": "Feature", "properties": {"id": "93c5eeb8-3da9-442f-8078-96da33814998", "nombre": "CENTRO DE FORMACI\u00d3N ARTESANAL", "tipo": "Bienestar Social", "elemento": "Casas de acogida, centros de formaci\u00f3n juvenil y familiar, orfanatos, asilos,", "tipologia": "Zonal", "gestion": "P\u00fablico", "estado": "Bueno", "parroquia": "RIOBAMBA", "observaciones": ""}, "geometry": {"type": "Point", "coordinates": [-78.635808, -1.687953]}}, {"type": "Feature", "properties": {"id": "a2ab22df-41d8-474e-8e1c-9eaba5cf70ac", "nombre": "PARADA DE BUSES LINEA 13", "tipo": "Transporte", "elemento": "Parada de transporte p\u00fablico, buses", "tipologia": "Zonal", "gestion": "P\u00fablico", "estado": "Regular", "parroquia": "RIOBAMBA", "observaciones": ""}, "geometry": {"type": "Point", "coordinates": [-78.636679, -1.689098]}}, {"type": "Feature", "properties": {"id": "9fc60622-e8f1-4511-836a-96ac5a5ff33d", "nombre": "CANCHAS SINTETICAS ESTOCOLMO Y VARSOVIA", "tipo": "Recreativo y Deporte", "elemento": "Cancha de futbol sint\u00e9tica", "tipologia": "Zonal", "gestion": "P\u00fablico", "estado": "Malo", "parroquia": "RIOBAMBA", "observaciones": ""}, "geometry": {"type": "Point", "coordinates": [-78.637184, -1.688763]}}, {"type": "Feature", "properties": {"id": "51d582bd-ab9f-4e3e-8f40-ccf4f3d819c0", "nombre": "AREA VERDE CALLE GUAYAQUIL", "tipo": "Recreativo y Deporte", "elemento": "Parques infantiles con jardines sin canchas", "tipologia": "Barrial", "gestion": "P\u00fablico", "estado": "Regular", "parroquia": "RIOBAMBA", "observaciones": ""}, "geometry": {"type": "Point", "coordinates": [-78.637641, -1.686551]}}, {"type": "Feature", "properties": {"id": "be978efe-d092-416b-8da2-018823ae882b", "nombre": "CANCHAS CALLE GUAYAQUIL", "tipo": "Recreativo y Deporte", "elemento": "Canchas deportivas m\u00faltiples.", "tipologia": "Zonal", "gestion": "P\u00fablico", "estado": "Regular", "parroquia": "RIOBAMBA", "observaciones": ""}, "geometry": {"type": "Point", "coordinates": [-78.637392, -1.685658]}}, {"type": "Feature", "properties": {"id": "c0f027f4-5ab2-4ce8-8b3f-2fa2c8ccd4b2", "nombre": "CANCHAS CALLE VIENA Y 10 DE AGOSTO", "tipo": "Recreativo y Deporte", "elemento": "Canchas deportivas m\u00faltiples.", "tipologia": "Zonal", "gestion": "P\u00fablico", "estado": "Malo", "parroquia": "RIOBAMBA", "observaciones": ""}, "geometry": {"type": "Point", "coordinates": [-78.637683, -1.684072]}}, {"type": "Feature", "properties": {"id": "65ebd4d0-28cf-4250-84c9-b21c6d9e142b", "nombre": "UNIDAD EDUCATIVA LICEO POLICIAL", "tipo": "Educaci\u00f3n", "elemento": "Establecimientos de educaci\u00f3n inicial", "tipologia": "Barrial", "gestion": "Privado", "estado": "Bueno", "parroquia": "RIOBAMBA", "observaciones": ""}, "geometry": {"type": "Point", "coordinates": [-78.639952, -1.682221]}}, {"type": "Feature", "properties": {"id": "9aa02395-d903-4acc-872a-3492b2557ee8", "nombre": "AREA VERDE UNACH", "tipo": "Recreativo y Deporte", "elemento": "Parques infantiles con jardines sin canchas", "tipologia": "Barrial", "gestion": "P\u00fablico", "estado": "Regular", "parroquia": "RIOBAMBA", "observaciones": ""}, "geometry": {"type": "Point", "coordinates": [-78.639767, -1.682265]}}, {"type": "Feature", "properties": {"id": "0b87b062-16a0-40af-8483-446e336e8a06", "nombre": "CDI MIS ANGELITOS", "tipo": "Bienestar Social", "elemento": "CDI", "tipologia": "Zonal", "gestion": "P\u00fablico", "estado": "Bueno", "parroquia": "RIOBAMBA", "observaciones": ""}, "geometry": {"type": "Point", "coordinates": [-78.639596, -1.68203]}}, {"type": "Feature", "properties": {"id": "271e3889-c1ca-4823-8325-fe8faed3d79a", "nombre": "POLIDEPORTIVO", "tipo": "Infraestructura", "elemento": "Bater\u00edas sanitarias", "tipologia": "Barrial", "gestion": "P\u00fablico", "estado": "Regular", "parroquia": "RIOBAMBA", "observaciones": ""}, "geometry": {"type": "Point", "coordinates": [-78.64068, -1.683799]}}, {"type": "Feature", "properties": {"id": "7eb8c4c9-eca5-4d4c-88e1-68c9300c01f4", "nombre": "POLIDEPORTIVO", "tipo": "Recreativo y Deporte", "elemento": "Parque de ciudad con \u00e1rea verde y m\u00e1s de 5 canchas de uso m\u00faltiple", "tipologia": "Cantonal", "gestion": "P\u00fablico", "estado": "Regular", "parroquia": "RIOBAMBA", "observaciones": ""}, "geometry": {"type": "Point", "coordinates": [-78.640612, -1.684057]}}, {"type": "Feature", "properties": {"id": "1b6b8146-1523-4d12-8ef0-4049f7381009", "nombre": "BATER\u00cdAS SANITARIAS POLIDEPORTIVO", "tipo": "Infraestructura", "elemento": "Bater\u00edas sanitarias", "tipologia": "Barrial", "gestion": "P\u00fablico", "estado": "Regular", "parroquia": "RIOBAMBA", "observaciones": ""}, "geometry": {"type": "Point", "coordinates": [-78.640953, -1.684632]}}, {"type": "Feature", "properties": {"id": "3de3eb89-f6c4-4f9f-89d6-2cf1f5f16181", "nombre": "POLIDEPORTIVO", "tipo": "Transporte", "elemento": "Parada de transporte p\u00fablico, buses", "tipologia": "Zonal", "gestion": "P\u00fablico", "estado": "Regular", "parroquia": "RIOBAMBA", "observaciones": ""}, "geometry": {"type": "Point", "coordinates": [-78.641715, -1.684748]}}, {"type": "Feature", "properties": {"id": "0df172e9-45bd-4e7a-8f07-f8f297cece67", "nombre": "UPS POLIDEPORTIVO", "tipo": "Seguridad", "elemento": "Unidad de vigilancia de polic\u00eda (UPC)", "tipologia": "Zonal", "gestion": "P\u00fablico", "estado": "Regular", "parroquia": "RIOBAMBA", "observaciones": ""}, "geometry": {"type": "Point", "coordinates": [-78.640491, -1.684503]}}, {"type": "Feature", "properties": {"id": "689e8c94-19f0-44bf-86dd-4fac9ed080bc", "nombre": "TENIS CLUB", "tipo": "Recreativo y Deporte", "elemento": "Parque de ciudad con \u00e1rea verde y m\u00e1s de 5 canchas de uso m\u00faltiple", "tipologia": "Cantonal", "gestion": "Privado", "estado": "Regular", "parroquia": "RIOBAMBA", "observaciones": ""}, "geometry": {"type": "Point", "coordinates": [-78.641225, -1.688048]}}, {"type": "Feature", "properties": {"id": "3f1a8bd5-d78d-4595-83cd-b968090945d5", "nombre": "MANO AMIGA", "tipo": "Seguridad", "elemento": "Centros de rehabilitaci\u00f3n social", "tipologia": "Cantonal", "gestion": "P\u00fablico", "estado": "Regular", "parroquia": "RIOBAMBA", "observaciones": ""}, "geometry": {"type": "Point", "coordinates": [-78.640056, -1.687744]}}, {"type": "Feature", "properties": {"id": "93475e1d-4b4e-484a-8b9a-f887ca9c1839", "nombre": "UNIDAD EDUCATIVA SANTA MARIANA DE JESUS", "tipo": "Educaci\u00f3n", "elemento": "Escuelas", "tipologia": "Barrial", "gestion": "Privado", "estado": "Bueno", "parroquia": "RIOBAMBA", "observaciones": ""}, "geometry": {"type": "Point", "coordinates": [-78.638588, -1.688658]}}, {"type": "Feature", "properties": {"id": "662203d4-50d0-4520-862d-e4c6e0915b4a", "nombre": "PARADA DE BUS VIA SAN LUIS", "tipo": "Transporte", "elemento": "Parada de transporte p\u00fablico, buses", "tipologia": "Zonal", "gestion": "P\u00fablico", "estado": "Regular", "parroquia": "RIOBAMBA", "observaciones": ""}, "geometry": {"type": "Point", "coordinates": [-78.643956, -1.689304]}}, {"type": "Feature", "properties": {"id": "cf5dc61e-819b-44aa-818a-4fdd481a26a2", "nombre": "Parque del MOP", "tipo": "Recreativo y Deporte", "elemento": "Canchas deportivas m\u00faltiples.", "tipologia": "Zonal", "gestion": "P\u00fablico", "estado": "Bueno", "parroquia": "RIOBAMBA", "observaciones": "Pasa cerrado por casos de personas en estado et\u00edlico"}, "geometry": {"type": "Point", "coordinates": [-78.682905, -1.656129]}}, {"type": "Feature", "properties": {"id": "4eeeaab0-3139-44b4-848d-aaa497d60348", "nombre": "PARQUE DEL MOP", "tipo": "Recreativo y Deporte", "elemento": "Parques infantiles con jardines sin canchas", "tipologia": "Barrial", "gestion": "P\u00fablico", "estado": "Bueno", "parroquia": "RIOBAMBA", "observaciones": ""}, "geometry": {"type": "Point", "coordinates": [-78.682723, -1.655856]}}, {"type": "Feature", "properties": {"id": "44fbd433-8706-4601-8c08-fe73c47c0f81", "nombre": "UNIDAD EDUCATIVA MERCEDES DE JESUS MOLINA", "tipo": "Educaci\u00f3n", "elemento": "Unidades educativas (niveles b\u00e1sico y bachillerato)", "tipologia": "Zonal", "gestion": "Privado", "estado": "Bueno", "parroquia": "RIOBAMBA", "observaciones": ""}, "geometry": {"type": "Point", "coordinates": [-78.64362, -1.688301]}}, {"type": "Feature", "properties": {"id": "50eb9c26-a3a0-48d4-8021-07d6ebfd9e20", "nombre": "\u00c1REA VERDE LA FLORESTA", "tipo": "Recreativo y Deporte", "elemento": "Canchas deportivas m\u00faltiples.", "tipologia": "Zonal", "gestion": "P\u00fablico", "estado": "Regular", "parroquia": "RIOBAMBA", "observaciones": ""}, "geometry": {"type": "Point", "coordinates": [-78.642897, -1.688033]}}, {"type": "Feature", "properties": {"id": "c39869a1-e167-46e9-8d96-649fb4118a6f", "nombre": "CDI MI PEQUE\u00d1O PARA\u00cdSO", "tipo": "Bienestar Social", "elemento": "CDI", "tipologia": "Zonal", "gestion": "P\u00fablico", "estado": "Bueno", "parroquia": "RIOBAMBA", "observaciones": ""}, "geometry": {"type": "Point", "coordinates": [-78.643215, -1.688041]}}, {"type": "Feature", "properties": {"id": "7b91c968-6726-4250-87c1-9f1d78947d56", "nombre": "CENTRO CRISTIANO EVANG\u00c9LICO LEON DE JUDA", "tipo": "Religioso", "elemento": "Iglesias hasta 200 puestos", "tipologia": "Barrial", "gestion": "Privado", "estado": "Bueno", "parroquia": "RIOBAMBA", "observaciones": ""}, "geometry": {"type": "Point", "coordinates": [-78.683959, -1.65653]}}, {"type": "Feature", "properties": {"id": "c0fee40d-1160-4e54-8b32-28adf17a9030", "nombre": "LA DOLOROSA", "tipo": "Transporte", "elemento": "Parada de taxis", "tipologia": "Zonal", "gestion": "P\u00fablico", "estado": "Regular", "parroquia": "RIOBAMBA", "observaciones": ""}, "geometry": {"type": "Point", "coordinates": [-78.643431, -1.686221]}}, {"type": "Feature", "properties": {"id": "a94bb8ae-0d45-4198-896e-9e6a71dbc0d3", "nombre": "SIN NOMBRE", "tipo": "Recreativo y Deporte", "elemento": "Canchas deportivas m\u00faltiples.", "tipologia": "Zonal", "gestion": "P\u00fablico", "estado": "Malo", "parroquia": "RIOBAMBA", "observaciones": "PARQUE EN MAL ESTADO, \nDISPONE DE JUEGOS INFANTILES EN MAL ESTADO, \n\u00c1REA VERDE SIN MANTENIMIENTO."}, "geometry": {"type": "Point", "coordinates": [-78.683415, -1.656375]}}, {"type": "Feature", "properties": {"id": "7c7e53cc-d75e-41ee-8ffd-8968963aad64", "nombre": "RIOBAMBA EP", "tipo": "Administraci\u00f3n P\u00fablica", "elemento": "Oficinas de agua potable, energ\u00eda el\u00e9ctrica, tel\u00e9fonos", "tipologia": "Zonal", "gestion": "P\u00fablico", "estado": "Regular", "parroquia": "RIOBAMBA", "observaciones": ""}, "geometry": {"type": "Point", "coordinates": [-78.642627, -1.683577]}}, {"type": "Feature", "properties": {"id": "db2cb415-0b32-4dc2-8800-202e0dcb70e1", "nombre": "\u00c1rea verde saraguro sur", "tipo": "Recreativo y Deporte", "elemento": "Parques infantiles con jardines sin canchas", "tipologia": "Barrial", "gestion": "P\u00fablico", "estado": "Regular", "parroquia": "RIOBAMBA", "observaciones": ""}, "geometry": {"type": "Point", "coordinates": [-78.649518, -1.686756]}}, {"type": "Feature", "properties": {"id": "20a1f99d-7a7a-4ba4-87a8-9b1e58d87adf", "nombre": "\u00c1rea verde callej\u00f3n y Barcelona", "tipo": "Recreativo y Deporte", "elemento": "Canchas deportivas m\u00faltiples.", "tipologia": "Zonal", "gestion": "P\u00fablico", "estado": "Regular", "parroquia": "RIOBAMBA", "observaciones": ""}, "geometry": {"type": "Point", "coordinates": [-78.648656, -1.687196]}}, {"type": "Feature", "properties": {"id": "37c0832a-6a25-4ce8-8bf5-3d79f4d5b18f", "nombre": "Cooperativa Monse\u00f1or Leonidas Proa\u00f1o", "tipo": "Recreativo y Deporte", "elemento": "Canchas deportivas m\u00faltiples.", "tipologia": "Zonal", "gestion": "P\u00fablico", "estado": "Bueno", "parroquia": "RIOBAMBA", "observaciones": ""}, "geometry": {"type": "Point", "coordinates": [-78.645847, -1.687529]}}, {"type": "Feature", "properties": {"id": "d5dd9a25-051f-4adc-8b7d-83b801e45d17", "nombre": "COOPERATIVA SE\u00d1OR DEL BUEN SUCESO", "tipo": "Transporte", "elemento": "Parada de taxis", "tipologia": "Zonal", "gestion": "P\u00fablico", "estado": "Regular", "parroquia": "RIOBAMBA", "observaciones": ""}, "geometry": {"type": "Point", "coordinates": [-78.644214, -1.684188]}}, {"type": "Feature", "properties": {"id": "75fa114b-9be9-4f31-8896-4d7b1f31aa98", "nombre": "AREA VERDE CALLE ITALIA", "tipo": "Recreativo y Deporte", "elemento": "Parques infantiles con jardines sin canchas", "tipologia": "Barrial", "gestion": "P\u00fablico", "estado": "Malo", "parroquia": "RIOBAMBA", "observaciones": ""}, "geometry": {"type": "Point", "coordinates": [-78.646495, -1.688777]}}, {"type": "Feature", "properties": {"id": "4e0444cb-dbb9-454f-8486-2646126e09af", "nombre": "\u00c1REA VERDE EL ED\u00c9N", "tipo": "Recreativo y Deporte", "elemento": "Canchas deportivas m\u00faltiples.", "tipologia": "Zonal", "gestion": "P\u00fablico", "estado": "Bueno", "parroquia": "RIOBAMBA", "observaciones": ""}, "geometry": {"type": "Point", "coordinates": [-78.645735, -1.686462]}}, {"type": "Feature", "properties": {"id": "7b610766-8983-4678-8418-681c481d719b", "nombre": "CIA. TIERRA NUEVA", "tipo": "Transporte", "elemento": "Parada de taxis", "tipologia": "Zonal", "gestion": "Privado", "estado": "Bueno", "parroquia": "RIOBAMBA", "observaciones": ""}, "geometry": {"type": "Point", "coordinates": [-78.684837, -1.655899]}}, {"type": "Feature", "properties": {"id": "59c6f0a6-ee73-4633-8235-9d635bff1592", "nombre": "PARADA DE BUSES LONDRES Y ESTOCOLMO", "tipo": "Transporte", "elemento": "Parada de transporte p\u00fablico, buses", "tipologia": "Zonal", "gestion": "P\u00fablico", "estado": "Malo", "parroquia": "RIOBAMBA", "observaciones": ""}, "geometry": {"type": "Point", "coordinates": [-78.637318, -1.688628]}}, {"type": "Feature", "properties": {"id": "296515e1-9384-4e52-8b50-65799e8aff04", "nombre": "MONSE\u00d1OR LEONIDAS PROA\u00d1O", "tipo": "Educaci\u00f3n", "elemento": "Unidades educativas (niveles b\u00e1sico y bachillerato)", "tipologia": "Zonal", "gestion": "P\u00fablico", "estado": "Bueno", "parroquia": "RIOBAMBA", "observaciones": ""}, "geometry": {"type": "Point", "coordinates": [-78.685647, -1.656002]}}, {"type": "Feature", "properties": {"id": "a5dcbb83-3e84-4307-8307-5843f3ebca7d", "nombre": "\u00c1REA VERDE VARSOVIA", "tipo": "Recreativo y Deporte", "elemento": "Parques infantiles con jardines sin canchas", "tipologia": "Barrial", "gestion": "P\u00fablico", "estado": "Malo", "parroquia": "RIOBAMBA", "observaciones": ""}, "geometry": {"type": "Point", "coordinates": [-78.638565, -1.686577]}}, {"type": "Feature", "properties": {"id": "6bbf750f-e0a2-4871-82ae-f684150bfc82", "nombre": "UPC TIERRA NUEVA", "tipo": "Seguridad", "elemento": "Unidad de vigilancia de polic\u00eda (UPC)", "tipologia": "Zonal", "gestion": "P\u00fablico", "estado": "Bueno", "parroquia": "RIOBAMBA", "observaciones": ""}, "geometry": {"type": "Point", "coordinates": [-78.685922, -1.656268]}}, {"type": "Feature", "properties": {"id": "34e0cdba-ce33-4b57-84cb-bdc6362efadf", "nombre": "DIRECCI\u00d3N DE AMBIENTE E HIGIENE", "tipo": "Administraci\u00f3n P\u00fablica", "elemento": "Edificios administrativos gobierno central o provincial", "tipologia": "Cantonal", "gestion": "P\u00fablico", "estado": "Bueno", "parroquia": "RIOBAMBA", "observaciones": ""}, "geometry": {"type": "Point", "coordinates": [-78.642589, -1.684207]}}, {"type": "Feature", "properties": {"id": "b05728d1-8d40-4cbc-8278-18e359a1a599", "nombre": "IGLESIA BARRIO TIERRA NUEVA", "tipo": "Religioso", "elemento": "Iglesias hasta 200 puestos", "tipologia": "Barrial", "gestion": "P\u00fablico", "estado": "Bueno", "parroquia": "RIOBAMBA", "observaciones": ""}, "geometry": {"type": "Point", "coordinates": [-78.686043, -1.656469]}}, {"type": "Feature", "properties": {"id": "9edcd85d-6615-4580-8d2e-766b54ec8973", "nombre": "AGENCIA NACIONAL DE TR\u00c1NSITO", "tipo": "Administraci\u00f3n P\u00fablica", "elemento": "Edificios administrativos gobierno central o provincial", "tipologia": "Cantonal", "gestion": "P\u00fablico", "estado": "Bueno", "parroquia": "RIOBAMBA", "observaciones": ""}, "geometry": {"type": "Point", "coordinates": [-78.642503, -1.683687]}}, {"type": "Feature", "properties": {"id": "d817600e-383e-4133-87fe-0d9464daa000", "nombre": "Cancha Tierra Nueva", "tipo": "Recreativo y Deporte", "elemento": "Canchas deportivas m\u00faltiples.", "tipologia": "Zonal", "gestion": "P\u00fablico", "estado": "Regular", "parroquia": "RIOBAMBA", "observaciones": ""}, "geometry": {"type": "Point", "coordinates": [-78.685699, -1.656531]}}, {"type": "Feature", "properties": {"id": "6a0e0e02-95f4-413c-8c5e-65f53269df39", "nombre": "COLISEO CELSO AUGUSTO RODR\u00cdGUEZ", "tipo": "Recreativo y Deporte", "elemento": "Coliseos", "tipologia": "Zonal", "gestion": "Privado", "estado": "Bueno", "parroquia": "RIOBAMBA", "observaciones": ""}, "geometry": {"type": "Point", "coordinates": [-78.685195, -1.656641]}}, {"type": "Feature", "properties": {"id": "c771da6b-5411-4bcb-851e-9a65cf6c7bf3", "nombre": "SUCURSAL EMPRESA EL\u00c9CTRICA LA DOLOROSA", "tipo": "Administraci\u00f3n P\u00fablica", "elemento": "Oficinas de agua potable, energ\u00eda el\u00e9ctrica, tel\u00e9fonos", "tipologia": "Zonal", "gestion": "P\u00fablico", "estado": "Bueno", "parroquia": "RIOBAMBA", "observaciones": ""}, "geometry": {"type": "Point", "coordinates": [-78.641745, -1.679821]}}, {"type": "Feature", "properties": {"id": "7437fd9b-0db2-4d66-85a4-f3b80e43bbca", "nombre": "Iglesia evang\u00e9lica Cristo Rey", "tipo": "Religioso", "elemento": "Iglesias hasta 200 puestos", "tipologia": "Barrial", "gestion": "Privado", "estado": "Regular", "parroquia": "RIOBAMBA", "observaciones": ""}, "geometry": {"type": "Point", "coordinates": [-78.692035, -1.661401]}}, {"type": "Feature", "properties": {"id": "6d11c6c9-099f-43e9-8817-210539c8e1e5", "nombre": "Cancha m\u00faltiple", "tipo": "Recreativo y Deporte", "elemento": "Canchas deportivas m\u00faltiples.", "tipologia": "Zonal", "gestion": "P\u00fablico", "estado": "Regular", "parroquia": "RIOBAMBA", "observaciones": ""}, "geometry": {"type": "Point", "coordinates": [-78.689655, -1.659384]}}, {"type": "Feature", "properties": {"id": "5d1660ad-eac4-4769-8345-470309e21e10", "nombre": "Uni\u00f3n Misionera evang\u00e9lica", "tipo": "Religioso", "elemento": "Iglesias hasta 200 puestos", "tipologia": "Barrial", "gestion": "Privado", "estado": "Bueno", "parroquia": "RIOBAMBA", "observaciones": ""}, "geometry": {"type": "Point", "coordinates": [-78.691396, -1.659385]}}, {"type": "Feature", "properties": {"id": "935715f9-a95c-4eff-a95a-6576027caea0", "nombre": "Ninguno", "tipo": "Recreativo y Deporte", "elemento": "Parques infantiles con jardines sin canchas", "tipologia": "Barrial", "gestion": "P\u00fablico", "estado": "Regular", "parroquia": "RIOBAMBA", "observaciones": ""}, "geometry": {"type": "Point", "coordinates": [-78.668333, -1.639875]}}, {"type": "Feature", "properties": {"id": "8a1be495-7783-4549-a0c6-2d55766f4440", "nombre": "Ninguno", "tipo": "Recreativo y Deporte", "elemento": "Canchas de v\u00f3ley", "tipologia": "Zonal", "gestion": "Privado", "estado": "Bueno", "parroquia": "RIOBAMBA", "observaciones": ""}, "geometry": {"type": "Point", "coordinates": [-78.669902, -1.643757]}}, {"type": "Feature", "properties": {"id": "9ec62c9b-e6c9-42c9-8b79-dc94135c87be", "nombre": "SAN SEBASTIAN", "tipo": "Salud", "elemento": "Hospital b\u00e1sico o cl\u00ednicas", "tipologia": "Zonal", "gestion": "Privado", "estado": "Bueno", "parroquia": "RIOBAMBA", "observaciones": ""}, "geometry": {"type": "Point", "coordinates": [-78.683465, -1.659396]}}, {"type": "Feature", "properties": {"id": "9dcef8d7-fa84-496c-b894-4b7df622a4c8", "nombre": "Completo", "tipo": "Seguridad", "elemento": "Estaci\u00f3n de bomberos", "tipologia": "Zonal", "gestion": "P\u00fablico", "estado": "Bueno", "parroquia": "RIOBAMBA", "observaciones": ""}, "geometry": {"type": "Point", "coordinates": [-78.674078, -1.64016]}}, {"type": "Feature", "properties": {"id": "35fe5b2c-f3e1-438c-a8e6-3be3c83c2a1c", "nombre": "Cancha", "tipo": "Recreativo y Deporte", "elemento": "Canchas deportivas m\u00faltiples.", "tipologia": "Zonal", "gestion": "P\u00fablico", "estado": "Bueno", "parroquia": "", "observaciones": "Utm -1.639212, -78.66855"}, "geometry": {"type": "Point", "coordinates": [-78.66855, -1.639212]}}, {"type": "Feature", "properties": {"id": "8b2dbc50-a1df-4630-b442-1bf75d2768f8", "nombre": "Parque", "tipo": "Recreativo y Deporte", "elemento": "Parques de diversi\u00f3n, parques de atracciones estables", "tipologia": "Cantonal", "gestion": "P\u00fablico", "estado": "Malo", "parroquia": "", "observaciones": "Utm -1.633997, -78.674853"}, "geometry": {"type": "Point", "coordinates": [-78.674862, -1.639391]}}, {"type": "Feature", "properties": {"id": "08ce5b5b-38e0-4f45-932a-e0a9c2d2d3bd", "nombre": "Parroquia Eclesi\u00e1stica San Miguel de Tapi", "tipo": "Religioso", "elemento": "Iglesias hasta 200 puestos", "tipologia": "Barrial", "gestion": "P\u00fablico", "estado": "Bueno", "parroquia": "", "observaciones": "-1.644687, -78.672274"}, "geometry": {"type": "Point", "coordinates": [-78.672316, -1.644692]}}, {"type": "Feature", "properties": {"id": "49b767e4-7192-419e-a5e4-e898b0431e13", "nombre": "Cancha de cemento y tierra", "tipo": "Recreativo y Deporte", "elemento": "Canchas deportivas m\u00faltiples.", "tipologia": "Zonal", "gestion": "P\u00fablico", "estado": "Regular", "parroquia": "", "observaciones": "Utm -1.639298, -78.674885"}, "geometry": {"type": "Point", "coordinates": [-78.674898, -1.639296]}}, {"type": "Feature", "properties": {"id": "4a23115a-16ea-4046-bd27-a9987739e912", "nombre": "Parroquia Eclesi\u00e1stica San Miguel de Tapi", "tipo": "Religioso", "elemento": "Iglesias hasta 200 puestos", "tipologia": "Barrial", "gestion": "P\u00fablico", "estado": "Bueno", "parroquia": "RIOBAMBA", "observaciones": "-1.644687, -78.672274"}, "geometry": {"type": "Point", "coordinates": [-78.672316, -1.644692]}}, {"type": "Feature", "properties": {"id": "ccfd4955-c6b2-47c1-a5af-e7ffe21078ba", "nombre": "Tierra", "tipo": "Recreativo y Deporte", "elemento": "Cancha de futbol sint\u00e9tica", "tipologia": "Zonal", "gestion": "P\u00fablico", "estado": "Regular", "parroquia": "", "observaciones": "1"}, "geometry": {"type": "Point", "coordinates": [-78.665982, -1.641847]}}, {"type": "Feature", "properties": {"id": "42c14189-9d55-4478-b001-f9152f913f0e", "nombre": "Ninguno", "tipo": "Recreativo y Deporte", "elemento": "Canchas deportivas m\u00faltiples.", "tipologia": "Zonal", "gestion": "P\u00fablico", "estado": "Regular", "parroquia": "RIOBAMBA", "observaciones": "2 chancha"}, "geometry": {"type": "Point", "coordinates": [-78.667133, -1.64288]}}, {"type": "Feature", "properties": {"id": "5bc55ac5-3397-4497-97eb-b2e564b271ee", "nombre": "Ninguno", "tipo": "Recreativo y Deporte", "elemento": "Canchas de v\u00f3ley", "tipologia": "Zonal", "gestion": "Privado", "estado": "Regular", "parroquia": "RIOBAMBA", "observaciones": "3"}, "geometry": {"type": "Point", "coordinates": [-78.666732, -1.643735]}}, {"type": "Feature", "properties": {"id": "5f6a2325-7bc3-4253-bfe4-118402143ed7", "nombre": "Ninguno", "tipo": "Recreativo y Deporte", "elemento": "Cancha de futbol sint\u00e9tica", "tipologia": "Zonal", "gestion": "P\u00fablico", "estado": "Regular", "parroquia": "", "observaciones": "4"}, "geometry": {"type": "Point", "coordinates": [-78.674728, -1.639575]}}, {"type": "Feature", "properties": {"id": "bf1e8e5b-42b2-46bb-bf33-53761dee2073", "nombre": "Ninguno", "tipo": "Recreativo y Deporte", "elemento": "Canchas deportivas m\u00faltiples.", "tipologia": "Zonal", "gestion": "P\u00fablico", "estado": "Regular", "parroquia": "RIOBAMBA", "observaciones": "5"}, "geometry": {"type": "Point", "coordinates": [-78.672213, -1.643912]}}, {"type": "Feature", "properties": {"id": "a7814d37-4b80-4b48-8951-2a853d8b8b3f", "nombre": "SIN NOMBRE", "tipo": "Transporte", "elemento": "Parada de transporte p\u00fablico, buses", "tipologia": "Zonal", "gestion": "P\u00fablico", "estado": "Bueno", "parroquia": "RIOBAMBA", "observaciones": ""}, "geometry": {"type": "Point", "coordinates": [-78.681625, -1.660183]}}, {"type": "Feature", "properties": {"id": "f68a1bc1-3c3e-4f00-82a4-b3d89baeb8bf", "nombre": "Nova English", "tipo": "Educaci\u00f3n", "elemento": "Centros o institutos de capacitaci\u00f3n", "tipologia": "Zonal", "gestion": "Privado", "estado": "Bueno", "parroquia": "RIOBAMBA", "observaciones": ""}, "geometry": {"type": "Point", "coordinates": [-78.648898, -1.674646]}}, {"type": "Feature", "properties": {"id": "ee2803d9-8e7e-45cb-81a4-72fdeda8734d", "nombre": "Unidad Educativa Fiscal Martiniano Guerrero Freire", "tipo": "Educaci\u00f3n", "elemento": "Unidades educativas (niveles b\u00e1sico y bachillerato)", "tipologia": "Zonal", "gestion": "P\u00fablico", "estado": "Bueno", "parroquia": "RIOBAMBA", "observaciones": ""}, "geometry": {"type": "Point", "coordinates": [-78.6533, -1.665431]}}, {"type": "Feature", "properties": {"id": "d0db2521-306f-4cc6-82d0-fe9a6ca62f64", "nombre": "Pascal Centro de Estudios", "tipo": "Educaci\u00f3n", "elemento": "Centros o institutos de capacitaci\u00f3n", "tipologia": "Zonal", "gestion": "Privado", "estado": "Bueno", "parroquia": "RIOBAMBA", "observaciones": ""}, "geometry": {"type": "Point", "coordinates": [-78.650813, -1.672909]}}, {"type": "Feature", "properties": {"id": "59bbb4ee-f4f8-4496-8b3c-049fe3df9723", "nombre": "Iglesia Loma a Quito", "tipo": "Religioso", "elemento": "Iglesias hasta 500 puestos", "tipologia": "Zonal", "gestion": "Privado", "estado": "Bueno", "parroquia": "RIOBAMBA", "observaciones": ""}, "geometry": {"type": "Point", "coordinates": [-78.652358, -1.666243]}}, {"type": "Feature", "properties": {"id": "518616fe-d2a4-4561-8408-6c0d714b0c80", "nombre": "Parada de buses", "tipo": "Transporte", "elemento": "Parada de transporte p\u00fablico, buses", "tipologia": "Zonal", "gestion": "P\u00fablico", "estado": "Regular", "parroquia": "RIOBAMBA", "observaciones": ""}, "geometry": {"type": "Point", "coordinates": [-78.64641, -1.668929]}}, {"type": "Feature", "properties": {"id": "4584bc73-4cf4-4da7-845e-2ae5fc084a67", "nombre": "San Antonio de Padua Loma a Quito", "tipo": "Religioso", "elemento": "Conventos y monasterios", "tipologia": "Cantonal", "gestion": "Privado", "estado": "Bueno", "parroquia": "RIOBAMBA", "observaciones": ""}, "geometry": {"type": "Point", "coordinates": [-78.652528, -1.665869]}}, {"type": "Feature", "properties": {"id": "69116cb0-5829-46a2-8884-8ef8ddcacdf8", "nombre": "Parda de bus", "tipo": "Transporte", "elemento": "Parada de transporte p\u00fablico, buses", "tipologia": "Zonal", "gestion": "P\u00fablico", "estado": "Regular", "parroquia": "RIOBAMBA", "observaciones": ""}, "geometry": {"type": "Point", "coordinates": [-78.694612, -1.65599]}}, {"type": "Feature", "properties": {"id": "a7b262cd-cf25-4a08-8f13-0b1e24f050aa", "nombre": "Club de la hipotenusa", "tipo": "Educaci\u00f3n", "elemento": "Centros o institutos de capacitaci\u00f3n", "tipologia": "Zonal", "gestion": "Privado", "estado": "Bueno", "parroquia": "RIOBAMBA", "observaciones": "Arquitectura patrimonial"}, "geometry": {"type": "Point", "coordinates": [-78.652002, -1.671893]}}, {"type": "Feature", "properties": {"id": "8c219781-a1e8-40a6-85a9-fab441c4e4cd", "nombre": "Media luna", "tipo": "Transporte", "elemento": "Parada de camionetas", "tipologia": "Zonal", "gestion": "P\u00fablico", "estado": "Bueno", "parroquia": "RIOBAMBA", "observaciones": ""}, "geometry": {"type": "Point", "coordinates": [-78.694784, -1.655606]}}, {"type": "Feature", "properties": {"id": "86c2043b-6ae5-4135-8184-ecf5c86013f4", "nombre": "Parque 21 de Abril", "tipo": "Recreativo y Deporte", "elemento": "Parques infantiles con jardines sin canchas", "tipologia": "Barrial", "gestion": "P\u00fablico", "estado": "Regular", "parroquia": "RIOBAMBA", "observaciones": ""}, "geometry": {"type": "Point", "coordinates": [-78.653313, -1.666114]}}, {"type": "Feature", "properties": {"id": "af21b8d2-a457-4763-891c-e5a7eaf93253", "nombre": "Medi Center", "tipo": "Salud", "elemento": "Hospital b\u00e1sico o cl\u00ednicas", "tipologia": "Zonal", "gestion": "Privado", "estado": "Bueno", "parroquia": "", "observaciones": ""}, "geometry": {"type": "Point", "coordinates": [-78.652501, -1.671278]}}, {"type": "Feature", "properties": {"id": "cc762eed-b732-4c80-8340-4c10eb6c10b6", "nombre": "Parada de bus", "tipo": "Transporte", "elemento": "Parada de transporte p\u00fablico, buses", "tipologia": "Zonal", "gestion": "P\u00fablico", "estado": "Bueno", "parroquia": "RIOBAMBA", "observaciones": ""}, "geometry": {"type": "Point", "coordinates": [-78.692768, -1.653153]}}, {"type": "Feature", "properties": {"id": "e9425bff-5b0b-4527-8b9a-b20316c19a02", "nombre": "Punto de Seguridad Polic\u00eda Nacional Loma a Quito", "tipo": "Seguridad", "elemento": "Unidad de vigilancia de polic\u00eda (UPC)", "tipologia": "Zonal", "gestion": "P\u00fablico", "estado": "Bueno", "parroquia": "RIOBAMBA", "observaciones": ""}, "geometry": {"type": "Point", "coordinates": [-78.652897, -1.666815]}}, {"type": "Feature", "properties": {"id": "1e9a4e81-d413-4a87-8b36-32eb244b97d2", "nombre": "Cancha", "tipo": "Recreativo y Deporte", "elemento": "Canchas deportivas m\u00faltiples.", "tipologia": "Zonal", "gestion": "P\u00fablico", "estado": "Malo", "parroquia": "RIOBAMBA", "observaciones": ""}, "geometry": {"type": "Point", "coordinates": [-78.646032, -1.666592]}}, {"type": "Feature", "properties": {"id": "8096f460-967d-42cc-86ef-50a500a763a3", "nombre": "Cl\u00ednica Santa Cecilia", "tipo": "Salud", "elemento": "Hospital b\u00e1sico o cl\u00ednicas", "tipologia": "Zonal", "gestion": "Privado", "estado": "Bueno", "parroquia": "RIOBAMBA", "observaciones": ""}, "geometry": {"type": "Point", "coordinates": [-78.65283, -1.671225]}}, {"type": "Feature", "properties": {"id": "bd00a5ad-4405-4cd3-8396-22d6f79609d0", "nombre": "Unidad Educativa Ibero", "tipo": "Educaci\u00f3n", "elemento": "Unidades educativas (niveles b\u00e1sico y bachillerato)", "tipologia": "Zonal", "gestion": "Privado", "estado": "Bueno", "parroquia": "RIOBAMBA", "observaciones": ""}, "geometry": {"type": "Point", "coordinates": [-78.653214, -1.667588]}}, {"type": "Feature", "properties": {"id": "ed5a5986-6b44-4fd0-817e-4b52f0b81fbd", "nombre": "Media luna", "tipo": "Transporte", "elemento": "Parada de camionetas", "tipologia": "Zonal", "gestion": "P\u00fablico", "estado": "Bueno", "parroquia": "RIOBAMBA", "observaciones": ""}, "geometry": {"type": "Point", "coordinates": [-78.693969, -1.65472]}}, {"type": "Feature", "properties": {"id": "b6ae7f2d-bb9c-45f7-845e-9d7f4fa5049d", "nombre": "PetPharmacy", "tipo": "Especial", "elemento": "Hospitales veterinarios", "tipologia": "Zonal", "gestion": "Privado", "estado": "Bueno", "parroquia": "RIOBAMBA", "observaciones": ""}, "geometry": {"type": "Point", "coordinates": [-78.642495, -1.66794]}}, {"type": "Feature", "properties": {"id": "057419c6-b7e8-43e3-8a2d-e68ff73c506e", "nombre": "CPCCS Chimborazo", "tipo": "Administraci\u00f3n P\u00fablica", "elemento": "Edificios administrativos gobierno central o provincial", "tipologia": "Cantonal", "gestion": "P\u00fablico", "estado": "Bueno", "parroquia": "RIOBAMBA", "observaciones": ""}, "geometry": {"type": "Point", "coordinates": [-78.653612, -1.670257]}}, {"type": "Feature", "properties": {"id": "be53a33e-81c4-4c7a-8fe5-bcb83f3cfeba", "nombre": "ISTRA", "tipo": "Educaci\u00f3n", "elemento": "Centros e institutos tecnol\u00f3gicos superiores", "tipologia": "Cantonal", "gestion": "Privado", "estado": "Bueno", "parroquia": "RIOBAMBA", "observaciones": ""}, "geometry": {"type": "Point", "coordinates": [-78.653737, -1.667474]}}, {"type": "Feature", "properties": {"id": "3c1b58fc-8959-4229-8e8c-678cdc2442ee", "nombre": "Casa legislativa asamblea nacional", "tipo": "Administraci\u00f3n P\u00fablica", "elemento": "Edificios administrativos gobierno central o provincial", "tipologia": "Cantonal", "gestion": "P\u00fablico", "estado": "Bueno", "parroquia": "RIOBAMBA", "observaciones": ""}, "geometry": {"type": "Point", "coordinates": [-78.653645, -1.670151]}}, {"type": "Feature", "properties": {"id": "b90b9885-c950-472e-8c6f-d3381befd67d", "nombre": "Parada de buses inter cantonal y parroquial ubicado en el mercado la Esperanza", "tipo": "Transporte", "elemento": "Parada de transporte p\u00fablico, buses", "tipologia": "Zonal", "gestion": "P\u00fablico", "estado": "Regular", "parroquia": "RIOBAMBA", "observaciones": ""}, "geometry": {"type": "Point", "coordinates": [-78.643522, -1.666512]}}, {"type": "Feature", "properties": {"id": "7f3604d5-0840-4883-89de-397f95cfc70b", "nombre": "Taxialican S.A.", "tipo": "Transporte", "elemento": "Parada de taxis", "tipologia": "Zonal", "gestion": "P\u00fablico", "estado": "Bueno", "parroquia": "RIOBAMBA", "observaciones": ""}, "geometry": {"type": "Point", "coordinates": [-78.695397, -1.655906]}}, {"type": "Feature", "properties": {"id": "12e9aa4c-542a-4b5e-8768-890893be0e3f", "nombre": "Parada de bus", "tipo": "Transporte", "elemento": "Parada de transporte p\u00fablico, buses", "tipologia": "Zonal", "gestion": "P\u00fablico", "estado": "Bueno", "parroquia": "RIOBAMBA", "observaciones": ""}, "geometry": {"type": "Point", "coordinates": [-78.69504, -1.656068]}}, {"type": "Feature", "properties": {"id": "95b0942b-32f3-4a48-879e-d8d66b2cfeb3", "nombre": "Plaza Alfaro", "tipo": "Cultural", "elemento": "Plazas o plazoletas,", "tipologia": "Zonal", "gestion": "P\u00fablico", "estado": "Bueno", "parroquia": "RIOBAMBA", "observaciones": ""}, "geometry": {"type": "Point", "coordinates": [-78.65434, -1.669551]}}, {"type": "Feature", "properties": {"id": "e2c912e2-54e0-4357-8ffc-a04f9d4ba8b1", "nombre": "Parada de bus", "tipo": "Transporte", "elemento": "Parada de transporte p\u00fablico, buses", "tipologia": "Zonal", "gestion": "P\u00fablico", "estado": "Bueno", "parroquia": "RIOBAMBA", "observaciones": ""}, "geometry": {"type": "Point", "coordinates": [-78.690266, -1.657497]}}, {"type": "Feature", "properties": {"id": "2acb3704-4fde-46cf-8169-12d4cf09606d", "nombre": "Instituto CGE", "tipo": "Educaci\u00f3n", "elemento": "Centros e institutos tecnol\u00f3gicos superiores", "tipologia": "Cantonal", "gestion": "Privado", "estado": "Bueno", "parroquia": "RIOBAMBA", "observaciones": ""}, "geometry": {"type": "Point", "coordinates": [-78.655016, -1.669342]}}, {"type": "Feature", "properties": {"id": "0290ce52-b102-4ec0-8045-7adc9c11f165", "nombre": "Ministerio del Trabajo", "tipo": "Administraci\u00f3n P\u00fablica", "elemento": "Edificios administrativos gobierno central o provincial", "tipologia": "Cantonal", "gestion": "P\u00fablico", "estado": "Bueno", "parroquia": "RIOBAMBA", "observaciones": ""}, "geometry": {"type": "Point", "coordinates": [-78.651986, -1.667012]}}, {"type": "Feature", "properties": {"id": "fa944992-bb04-4d4f-8e3a-0c243fc82eac", "nombre": "UNIDAD EDUCATIVA \"JUAN DE VELASCO\" SEDE II", "tipo": "Educaci\u00f3n", "elemento": "Unidades educativas (niveles b\u00e1sico y bachillerato)", "tipologia": "Zonal", "gestion": "P\u00fablico", "estado": "Bueno", "parroquia": "RIOBAMBA", "observaciones": ""}, "geometry": {"type": "Point", "coordinates": [-78.645399, -1.668675]}}, {"type": "Feature", "properties": {"id": "22c3be62-5f69-44d2-84c6-7a528ee8ff0a", "nombre": "Mercado La Esperanza", "tipo": "Especial", "elemento": "Mercado", "tipologia": "Cantonal", "gestion": "P\u00fablico", "estado": "Regular", "parroquia": "RIOBAMBA", "observaciones": ""}, "geometry": {"type": "Point", "coordinates": [-78.643741, -1.666394]}}, {"type": "Feature", "properties": {"id": "1bd1187b-ca55-4f76-87f1-af73c6b4424e", "nombre": "Plaza de Toros", "tipo": "Recreativo y Deporte", "elemento": "Plazas de toros", "tipologia": "Cantonal", "gestion": "Privado", "estado": "Bueno", "parroquia": "RIOBAMBA", "observaciones": ""}, "geometry": {"type": "Point", "coordinates": [-78.65618, -1.668415]}}, {"type": "Feature", "properties": {"id": "7d821653-48d5-4007-81a4-2d74889f855e", "nombre": "Iglesia Cristiana Verbo", "tipo": "Religioso", "elemento": "Iglesias hasta 200 puestos", "tipologia": "Barrial", "gestion": "Privado", "estado": "", "parroquia": "RIOBAMBA", "observaciones": ""}, "geometry": {"type": "Point", "coordinates": [-78.651769, -1.666931]}}, {"type": "Feature", "properties": {"id": "6887cbc9-c72f-4e56-8e5c-bf437aadcd67", "nombre": "UPC La Esperanza", "tipo": "Seguridad", "elemento": "Unidad de vigilancia de polic\u00eda (UPC)", "tipologia": "Zonal", "gestion": "P\u00fablico", "estado": "Regular", "parroquia": "RIOBAMBA", "observaciones": ""}, "geometry": {"type": "Point", "coordinates": [-78.643998, -1.666594]}}, {"type": "Feature", "properties": {"id": "7d452240-7747-4455-82f8-292ef3737810", "nombre": "Unidad Educativa San Vicente de Pa\u00fal", "tipo": "Educaci\u00f3n", "elemento": "Unidades educativas (niveles b\u00e1sico y bachillerato)", "tipologia": "Zonal", "gestion": "Privado", "estado": "Bueno", "parroquia": "RIOBAMBA", "observaciones": ""}, "geometry": {"type": "Point", "coordinates": [-78.651006, -1.675864]}}, {"type": "Feature", "properties": {"id": "88ec4d16-a8cd-4f42-8814-ec904b35ba68", "nombre": "Instituto Arte del Cielo", "tipo": "Educaci\u00f3n", "elemento": "Centros o institutos de capacitaci\u00f3n", "tipologia": "Zonal", "gestion": "Privado", "estado": "Bueno", "parroquia": "RIOBAMBA", "observaciones": ""}, "geometry": {"type": "Point", "coordinates": [-78.651685, -1.666861]}}, {"type": "Feature", "properties": {"id": "32a65c04-358c-4607-85f2-e3ba8a080225", "nombre": "Parada de Bus", "tipo": "Transporte", "elemento": "Parada de transporte p\u00fablico, buses", "tipologia": "Zonal", "gestion": "P\u00fablico", "estado": "Regular", "parroquia": "RIOBAMBA", "observaciones": ""}, "geometry": {"type": "Point", "coordinates": [-78.65651, -1.668614]}}, {"type": "Feature", "properties": {"id": "e8295c45-3cba-47c6-8f9e-709512a60a80", "nombre": "Instituto Tecnol\u00f3gico Superior Stanford", "tipo": "Educaci\u00f3n", "elemento": "Centros e institutos tecnol\u00f3gicos superiores", "tipologia": "Cantonal", "gestion": "Privado", "estado": "Bueno", "parroquia": "RIOBAMBA", "observaciones": ""}, "geometry": {"type": "Point", "coordinates": [-78.651542, -1.675932]}}, {"type": "Feature", "properties": {"id": "656b542f-9ad2-432c-88c0-7dd3598d328b", "nombre": "Iglesia San Vicente de Paul", "tipo": "Religioso", "elemento": "Iglesias hasta 200 puestos", "tipologia": "Barrial", "gestion": "Privado", "estado": "Bueno", "parroquia": "RIOBAMBA", "observaciones": ""}, "geometry": {"type": "Point", "coordinates": [-78.651387, -1.675772]}}, {"type": "Feature", "properties": {"id": "04c89533-c51a-4b21-8c16-e33348e83e52", "nombre": "Parada de taxis cooperativa Chimborazo", "tipo": "Transporte", "elemento": "Parada de taxis", "tipologia": "Zonal", "gestion": "P\u00fablico", "estado": "Bueno", "parroquia": "RIOBAMBA", "observaciones": ""}, "geometry": {"type": "Point", "coordinates": [-78.655451, -1.667935]}}, {"type": "Feature", "properties": {"id": "84478d28-8905-4f16-8ba8-546e7dcaec5a", "nombre": "Unidad Educativa Once de Noviembre", "tipo": "Educaci\u00f3n", "elemento": "Unidades educativas (niveles b\u00e1sico y bachillerato)", "tipologia": "Zonal", "gestion": "P\u00fablico", "estado": "Bueno", "parroquia": "RIOBAMBA", "observaciones": ""}, "geometry": {"type": "Point", "coordinates": [-78.651637, -1.674765]}}, {"type": "Feature", "properties": {"id": "8e4c4b08-9e1f-4efe-8db6-d31d4219d535", "nombre": "Bonita FM", "tipo": "Infraestructura", "elemento": "Antenas centrales de transmisi\u00f3n y recepci\u00f3n de telecomunicaciones", "tipologia": "Zonal", "gestion": "Privado", "estado": "Regular", "parroquia": "RIOBAMBA", "observaciones": ""}, "geometry": {"type": "Point", "coordinates": [-78.652476, -1.668298]}}, {"type": "Feature", "properties": {"id": "e648a90c-41ff-44d4-8883-d7b634dccc01", "nombre": "Ba\u00f1os p\u00fablicos", "tipo": "Infraestructura", "elemento": "Bater\u00edas sanitarias", "tipologia": "Barrial", "gestion": "P\u00fablico", "estado": "Bueno", "parroquia": "RIOBAMBA", "observaciones": ""}, "geometry": {"type": "Point", "coordinates": [-78.645006, -1.664964]}}, {"type": "Feature", "properties": {"id": "53632430-f4bf-4880-8bcf-a0389d907fa5", "nombre": "PARADA DE TAXIS MERCADO ORIENTAL", "tipo": "Transporte", "elemento": "Parada de taxis", "tipologia": "Zonal", "gestion": "Privado", "estado": "Bueno", "parroquia": "RIOBAMBA", "observaciones": ""}, "geometry": {"type": "Point", "coordinates": [-78.643311, -1.667219]}}, {"type": "Feature", "properties": {"id": "bfdd3e56-36dd-4684-83eb-c2a9f838f338", "nombre": "Educaci\u00f3n inicial para Grandes H\u00e9roes", "tipo": "Educaci\u00f3n", "elemento": "Establecimientos de educaci\u00f3n inicial", "tipologia": "Barrial", "gestion": "Privado", "estado": "Bueno", "parroquia": "RIOBAMBA", "observaciones": ""}, "geometry": {"type": "Point", "coordinates": [-78.652387, -1.668265]}}, {"type": "Feature", "properties": {"id": "c9f8c15b-d0ea-46d6-870d-365f1c8ffc8b", "nombre": "Satori Preuniversitario", "tipo": "Educaci\u00f3n", "elemento": "Centros o institutos de capacitaci\u00f3n", "tipologia": "Zonal", "gestion": "Privado", "estado": "Bueno", "parroquia": "RIOBAMBA", "observaciones": ""}, "geometry": {"type": "Point", "coordinates": [-78.654378, -1.668726]}}, {"type": "Feature", "properties": {"id": "7f132d47-30e4-48dd-8ad4-b3d28ef203f2", "nombre": "Centro de Salud Tipo B GADM Riobamba", "tipo": "Salud", "elemento": "Centro de salud Tipo B", "tipologia": "Zonal", "gestion": "P\u00fablico", "estado": "Bueno", "parroquia": "RIOBAMBA", "observaciones": "Inmueble perteneciente al patrimonio cultural"}, "geometry": {"type": "Point", "coordinates": [-78.652207, -1.674354]}}, {"type": "Feature", "properties": {"id": "2ca67642-59e5-458a-8a52-7a06bbb30e68", "nombre": "Veterinaria Dra. Nancy Aldaz", "tipo": "Especial", "elemento": "Hospitales veterinarios", "tipologia": "Zonal", "gestion": "Privado", "estado": "Bueno", "parroquia": "RIOBAMBA", "observaciones": ""}, "geometry": {"type": "Point", "coordinates": [-78.647471, -1.663939]}}, {"type": "Feature", "properties": {"id": "28c5b2ac-052b-47fb-85e9-6fe20be5a444", "nombre": "Jefatura de Turismo", "tipo": "Administraci\u00f3n P\u00fablica", "elemento": "Municipio", "tipologia": "Cantonal", "gestion": "P\u00fablico", "estado": "Bueno", "parroquia": "RIOBAMBA", "observaciones": ""}, "geometry": {"type": "Point", "coordinates": [-78.653826, -1.669675]}}, {"type": "Feature", "properties": {"id": "d3991a7e-d9a1-4e5b-87e2-0ebb7c4efde4", "nombre": "UNION NACIONAL DE EDUCADORES JUBILADOS DE CHIMBORAZO", "tipo": "Administraci\u00f3n P\u00fablica", "elemento": "Sedes de gremios y federaciones de profesionales", "tipologia": "Zonal", "gestion": "Privado", "estado": "Bueno", "parroquia": "RIOBAMBA", "observaciones": ""}, "geometry": {"type": "Point", "coordinates": [-78.645029, -1.666872]}}, {"type": "Feature", "properties": {"id": "fdb15cd8-5e69-43e0-8e94-4a560b4b1ef1", "nombre": "Jesucristo es el Se\u00f1or Universal", "tipo": "Religioso", "elemento": "Iglesias hasta 200 puestos", "tipologia": "Barrial", "gestion": "Privado", "estado": "Bueno", "parroquia": "RIOBAMBA", "observaciones": ""}, "geometry": {"type": "Point", "coordinates": [-78.653531, -1.669095]}}, {"type": "Feature", "properties": {"id": "3b9bba02-51e2-44f4-8882-77ab328651b8", "nombre": "Funeraria Eternal", "tipo": "Servicios Funerarios", "elemento": "Funerarias y salas de velaci\u00f3n", "tipologia": "Zonal", "gestion": "Privado", "estado": "Bueno", "parroquia": "RIOBAMBA", "observaciones": ""}, "geometry": {"type": "Point", "coordinates": [-78.652825, -1.674013]}}, {"type": "Feature", "properties": {"id": "bd7fe156-939b-447f-842e-b4d3b78ab3d1", "nombre": "Unidad Educativa Once de Noviembre", "tipo": "Educaci\u00f3n", "elemento": "Unidades educativas (niveles b\u00e1sico y bachillerato)", "tipologia": "Zonal", "gestion": "P\u00fablico", "estado": "Bueno", "parroquia": "RIOBAMBA", "observaciones": ""}, "geometry": {"type": "Point", "coordinates": [-78.652531, -1.673637]}}, {"type": "Feature", "properties": {"id": "953f9edd-df72-41e0-8163-3bef8fc895bc", "nombre": "Smart Preuniversitario", "tipo": "Educaci\u00f3n", "elemento": "Centros o institutos de capacitaci\u00f3n", "tipologia": "Zonal", "gestion": "Privado", "estado": "Bueno", "parroquia": "RIOBAMBA", "observaciones": ""}, "geometry": {"type": "Point", "coordinates": [-78.653487, -1.669018]}}, {"type": "Feature", "properties": {"id": "dbbd0b42-d7f0-47ed-8866-f468f5fd8c34", "nombre": "UNIDAD EDUCATIVA LA SALLE", "tipo": "Educaci\u00f3n", "elemento": "Unidades educativas (niveles b\u00e1sico y bachillerato)", "tipologia": "Zonal", "gestion": "Privado", "estado": "Bueno", "parroquia": "RIOBAMBA", "observaciones": ""}, "geometry": {"type": "Point", "coordinates": [-78.646364, -1.667918]}}, {"type": "Feature", "properties": {"id": "bbff5790-b592-49cc-8db0-c9e1b88b4efe", "nombre": "Bater\u00edas sanitarias", "tipo": "Infraestructura", "elemento": "Bater\u00edas sanitarias", "tipologia": "Barrial", "gestion": "P\u00fablico", "estado": "Bueno", "parroquia": "RIOBAMBA", "observaciones": ""}, "geometry": {"type": "Point", "coordinates": [-78.646086, -1.665095]}}, {"type": "Feature", "properties": {"id": "163440b3-9163-41b5-81a1-84ed2a32f095", "nombre": "UNIDAD EDUCATIVA MIGUEL ANGEL LWON PONTON", "tipo": "Educaci\u00f3n", "elemento": "Unidades educativas (niveles b\u00e1sico y bachillerato)", "tipologia": "Zonal", "gestion": "P\u00fablico", "estado": "Bueno", "parroquia": "RIOBAMBA", "observaciones": ""}, "geometry": {"type": "Point", "coordinates": [-78.646522, -1.666257]}}, {"type": "Feature", "properties": {"id": "42d5e9bf-a37c-42c5-83f8-037b9ef53653", "nombre": "Centro de Salud Tipo A la Panader\u00eda", "tipo": "Salud", "elemento": "Centro de salud Tipo A", "tipologia": "Barrial", "gestion": "P\u00fablico", "estado": "Malo", "parroquia": "RIOBAMBA", "observaciones": ""}, "geometry": {"type": "Point", "coordinates": [-78.65022, -1.668348]}}, {"type": "Feature", "properties": {"id": "4edf8440-5cf7-425a-88c0-91ae73c2cc30", "nombre": "Compa\u00f1\u00eda 26 de Junio Santa Rosa", "tipo": "Seguridad", "elemento": "Estaci\u00f3n de bomberos", "tipologia": "Zonal", "gestion": "P\u00fablico", "estado": "Bueno", "parroquia": "RIOBAMBA", "observaciones": "Edificaci\u00f3n nueva"}, "geometry": {"type": "Point", "coordinates": [-78.653763, -1.673312]}}, {"type": "Feature", "properties": {"id": "4bf97376-b0aa-4463-841f-d83eaa832bb1", "nombre": "Nuestra Se\u00f1ora de Fatima", "tipo": "Educaci\u00f3n", "elemento": "Unidades educativas (niveles b\u00e1sico y bachillerato)", "tipologia": "Zonal", "gestion": "Privado", "estado": "Bueno", "parroquia": "RIOBAMBA", "observaciones": ""}, "geometry": {"type": "Point", "coordinates": [-78.652632, -1.669978]}}, {"type": "Feature", "properties": {"id": "a958e97a-542e-496f-8227-309196f2ee05", "nombre": "Instituto especializado de neurociencias", "tipo": "Salud", "elemento": "Hospital b\u00e1sico o cl\u00ednicas", "tipologia": "Zonal", "gestion": "Privado", "estado": "Bueno", "parroquia": "RIOBAMBA", "observaciones": ""}, "geometry": {"type": "Point", "coordinates": [-78.647213, -1.665104]}}, {"type": "Feature", "properties": {"id": "2aa1820f-eaa3-4274-810a-ede96154add5", "nombre": "Iglesia de Santa Rosa", "tipo": "Religioso", "elemento": "Iglesias hasta 200 puestos", "tipologia": "Barrial", "gestion": "Privado", "estado": "Bueno", "parroquia": "RIOBAMBA", "observaciones": ""}, "geometry": {"type": "Point", "coordinates": [-78.653869, -1.673014]}}, {"type": "Feature", "properties": {"id": "9159a382-8ebc-4054-8d7a-7b98ee0d5b64", "nombre": "Casa de la cultura", "tipo": "Cultural", "elemento": "Casas de la cultura", "tipologia": "Cantonal", "gestion": "Privado", "estado": "Bueno", "parroquia": "RIOBAMBA", "observaciones": ""}, "geometry": {"type": "Point", "coordinates": [-78.652774, -1.67038]}}, {"type": "Feature", "properties": {"id": "be5b5712-a647-4cdd-8592-ee3c67efc390", "nombre": "Radio Tricolor", "tipo": "Infraestructura", "elemento": "Antenas centrales de transmisi\u00f3n y recepci\u00f3n de telecomunicaciones", "tipologia": "Zonal", "gestion": "Privado", "estado": "Bueno", "parroquia": "RIOBAMBA", "observaciones": ""}, "geometry": {"type": "Point", "coordinates": [-78.650887, -1.669359]}}, {"type": "Feature", "properties": {"id": "32d8325d-1cee-4ad9-85aa-51d9f3d4b1b2", "nombre": "YachayPre Preuniversitario", "tipo": "Educaci\u00f3n", "elemento": "Centros o institutos de capacitaci\u00f3n", "tipologia": "Zonal", "gestion": "Privado", "estado": "Bueno", "parroquia": "RIOBAMBA", "observaciones": "Arquitectura Patrimonial"}, "geometry": {"type": "Point", "coordinates": [-78.652575, -1.670436]}}, {"type": "Feature", "properties": {"id": "edb5c810-597a-4f66-8db1-ebc3c6982aa0", "nombre": "Plaza D\u00e1valos", "tipo": "Especial", "elemento": "Mercado", "tipologia": "Cantonal", "gestion": "P\u00fablico", "estado": "Malo", "parroquia": "RIOBAMBA", "observaciones": "Mercado en remodelaci\u00f3n"}, "geometry": {"type": "Point", "coordinates": [-78.647845, -1.665664]}}, {"type": "Feature", "properties": {"id": "6af8ac4d-df81-42d0-8014-d10aa2c4751b", "nombre": "Mercado Santa Rosa", "tipo": "Especial", "elemento": "Mercado", "tipologia": "Cantonal", "gestion": "P\u00fablico", "estado": "Regular", "parroquia": "RIOBAMBA", "observaciones": "Falta de mantenimiento a la edificaci\u00f3n y cubierta"}, "geometry": {"type": "Point", "coordinates": [-78.654252, -1.672657]}}, {"type": "Feature", "properties": {"id": "383390d9-9f12-45ad-8337-623cd8e442b5", "nombre": "Contraloria general del estado", "tipo": "Administraci\u00f3n P\u00fablica", "elemento": "Edificios administrativos gobierno central o provincial", "tipologia": "Cantonal", "gestion": "P\u00fablico", "estado": "Bueno", "parroquia": "RIOBAMBA", "observaciones": ""}, "geometry": {"type": "Point", "coordinates": [-78.652378, -1.670109]}}, {"type": "Feature", "properties": {"id": "8f454ac2-9f97-41b0-8edf-7681c3e23ea9", "nombre": "Parada de Taxis Simon Bolivar", "tipo": "Transporte", "elemento": "Parada de taxis", "tipologia": "Zonal", "gestion": "Privado", "estado": "Regular", "parroquia": "RIOBAMBA", "observaciones": ""}, "geometry": {"type": "Point", "coordinates": [-78.654291, -1.672973]}}, {"type": "Feature", "properties": {"id": "0814c78f-3199-49b2-86eb-a2cda3e4255e", "nombre": "Afrodita beauty school", "tipo": "Educaci\u00f3n", "elemento": "Centros o institutos de capacitaci\u00f3n", "tipologia": "Zonal", "gestion": "Privado", "estado": "Bueno", "parroquia": "RIOBAMBA", "observaciones": ""}, "geometry": {"type": "Point", "coordinates": [-78.647658, -1.664462]}}, {"type": "Feature", "properties": {"id": "3ac5759b-aead-4dfd-8b2b-5bcc8c646e1f", "nombre": "Coliseo Teodoro Gallegos Borja", "tipo": "Recreativo y Deporte", "elemento": "Coliseos", "tipologia": "Zonal", "gestion": "Privado", "estado": "Bueno", "parroquia": "RIOBAMBA", "observaciones": ""}, "geometry": {"type": "Point", "coordinates": [-78.651062, -1.669118]}}, {"type": "Feature", "properties": {"id": "1c8db15c-5692-448d-855c-a073f7fd863a", "nombre": "Direcci\u00f3n Provincial IESS", "tipo": "Administraci\u00f3n P\u00fablica", "elemento": "Edificios administrativos gobierno central o provincial", "tipologia": "Cantonal", "gestion": "P\u00fablico", "estado": "Bueno", "parroquia": "RIOBAMBA", "observaciones": ""}, "geometry": {"type": "Point", "coordinates": [-78.652218, -1.670723]}}, {"type": "Feature", "properties": {"id": "90b79255-7d46-44bc-879f-36dac24c4450", "nombre": "Centro de Capacitaci\u00f3n Isaac Newton Plus", "tipo": "Educaci\u00f3n", "elemento": "Centros o institutos de capacitaci\u00f3n", "tipologia": "Zonal", "gestion": "Privado", "estado": "Bueno", "parroquia": "RIOBAMBA", "observaciones": ""}, "geometry": {"type": "Point", "coordinates": [-78.650873, -1.6699]}}, {"type": "Feature", "properties": {"id": "eed962c9-3ba8-4d42-895f-f115e13fb636", "nombre": "Casa barrial plaza D\u00e1valos", "tipo": "Cultural", "elemento": "Casas comunales o barriales", "tipologia": "Barrial", "gestion": "P\u00fablico", "estado": "Regular", "parroquia": "RIOBAMBA", "observaciones": "Casa barrial del mercado"}, "geometry": {"type": "Point", "coordinates": [-78.648397, -1.665157]}}, {"type": "Feature", "properties": {"id": "930919f4-81bf-4d6b-88a4-4ea58165a8c8", "nombre": "Consejo de la Judicatura", "tipo": "Administraci\u00f3n P\u00fablica", "elemento": "Edificios administrativos gobierno central o provincial", "tipologia": "Cantonal", "gestion": "P\u00fablico", "estado": "Bueno", "parroquia": "RIOBAMBA", "observaciones": ""}, "geometry": {"type": "Point", "coordinates": [-78.650412, -1.67024]}}, {"type": "Feature", "properties": {"id": "b3dc6233-fc20-4f2f-859c-1f1526048c79", "nombre": "Cooperativa de Taxis Mons. Leonidas Proa\u00f1o", "tipo": "Transporte", "elemento": "Parada de taxis", "tipologia": "Zonal", "gestion": "Privado", "estado": "Regular", "parroquia": "RIOBAMBA", "observaciones": ""}, "geometry": {"type": "Point", "coordinates": [-78.655364, -1.672898]}}, {"type": "Feature", "properties": {"id": "6628e869-8f63-46cc-8311-7b3b0eec808b", "nombre": "Parada de taxis cooperativa pichincha", "tipo": "Transporte", "elemento": "Parada de taxis", "tipologia": "Zonal", "gestion": "P\u00fablico", "estado": "Bueno", "parroquia": "RIOBAMBA", "observaciones": ""}, "geometry": {"type": "Point", "coordinates": [-78.652126, -1.671003]}}, {"type": "Feature", "properties": {"id": "962f2db4-fd4d-4057-8ab6-c797aa1cb7da", "nombre": "ITES Riobamba Nocturno", "tipo": "Educaci\u00f3n", "elemento": "Colegios secundarios", "tipologia": "Zonal", "gestion": "P\u00fablico", "estado": "Regular", "parroquia": "RIOBAMBA", "observaciones": "Arquitectura Patrimonial"}, "geometry": {"type": "Point", "coordinates": [-78.65138, -1.671104]}}, {"type": "Feature", "properties": {"id": "d047ce8c-7ad7-4f0e-8a60-859fa59a4963", "nombre": "Parada de bus Condamine", "tipo": "Transporte", "elemento": "Parada de transporte p\u00fablico, buses", "tipologia": "Zonal", "gestion": "P\u00fablico", "estado": "Bueno", "parroquia": "RIOBAMBA", "observaciones": ""}, "geometry": {"type": "Point", "coordinates": [-78.655417, -1.672914]}}, {"type": "Feature", "properties": {"id": "8bd715ac-e746-4c7e-8fef-eb1a67078ae3", "nombre": "Sue\u00f1os y sonrisas", "tipo": "Bienestar Social", "elemento": "Centros de estimulaci\u00f3n temprana.", "tipologia": "Barrial", "gestion": "Privado", "estado": "Bueno", "parroquia": "RIOBAMBA", "observaciones": "Centro infantil edificaci\u00f3n posee valores patrimoniales, privado"}, "geometry": {"type": "Point", "coordinates": [-78.650872, -1.666693]}}, {"type": "Feature", "properties": {"id": "a6bb11ca-5d2c-47e8-8eb7-623045ea9c6b", "nombre": "EERSA", "tipo": "Administraci\u00f3n P\u00fablica", "elemento": "Oficinas de agua potable, energ\u00eda el\u00e9ctrica, tel\u00e9fonos", "tipologia": "Zonal", "gestion": "Privado", "estado": "Regular", "parroquia": "RIOBAMBA", "observaciones": ""}, "geometry": {"type": "Point", "coordinates": [-78.651219, -1.671217]}}, {"type": "Feature", "properties": {"id": "9e4fafef-7c7a-494b-84f2-28842faf3a05", "nombre": "Semillitas Life School", "tipo": "Educaci\u00f3n", "elemento": "Unidades educativas (niveles b\u00e1sico y bachillerato)", "tipologia": "Zonal", "gestion": "Privado", "estado": "Bueno", "parroquia": "RIOBAMBA", "observaciones": ""}, "geometry": {"type": "Point", "coordinates": [-78.649673, -1.664981]}}, {"type": "Feature", "properties": {"id": "dabfd99e-9cd2-47c6-8821-0216d5e7598c", "nombre": "John F Kennedy", "tipo": "Educaci\u00f3n", "elemento": "Colegios secundarios", "tipologia": "Zonal", "gestion": "Privado", "estado": "Malo", "parroquia": "RIOBAMBA", "observaciones": ""}, "geometry": {"type": "Point", "coordinates": [-78.649037, -1.66915]}}, {"type": "Feature", "properties": {"id": "7149e1f2-84c4-4f0d-8757-450fb3226aa2", "nombre": "Procuraduria General del Estado", "tipo": "Administraci\u00f3n P\u00fablica", "elemento": "Edificios administrativos gobierno central o provincial", "tipologia": "Cantonal", "gestion": "P\u00fablico", "estado": "Regular", "parroquia": "RIOBAMBA", "observaciones": ""}, "geometry": {"type": "Point", "coordinates": [-78.651235, -1.671618]}}, {"type": "Feature", "properties": {"id": "2976a6fb-6e74-4e35-89c0-eaf8eea355b6", "nombre": "Center Medic", "tipo": "Salud", "elemento": "Centro de salud Tipo A", "tipologia": "Barrial", "gestion": "Privado", "estado": "Bueno", "parroquia": "RIOBAMBA", "observaciones": "Centro de especialidades m\u00e9dicas de tro de una plaza comercial"}, "geometry": {"type": "Point", "coordinates": [-78.650789, -1.667037]}}, {"type": "Feature", "properties": {"id": "40060fa0-a7d1-4a64-88fb-b21ebed6fd20", "nombre": "Patronato HGADPCH", "tipo": "Administraci\u00f3n P\u00fablica", "elemento": "Edificios administrativos gobierno central o provincial", "tipologia": "Cantonal", "gestion": "P\u00fablico", "estado": "Regular", "parroquia": "RIOBAMBA", "observaciones": ""}, "geometry": {"type": "Point", "coordinates": [-78.65103, -1.671854]}}, {"type": "Feature", "properties": {"id": "8a661a0e-7f4d-44c9-8ef4-00c4291d1e11", "nombre": "El Tecnol\u00f3gico en L\u00ednea del Ecuador", "tipo": "Educaci\u00f3n", "elemento": "Centros e institutos tecnol\u00f3gicos superiores", "tipologia": "Cantonal", "gestion": "Privado", "estado": "Bueno", "parroquia": "RIOBAMBA", "observaciones": ""}, "geometry": {"type": "Point", "coordinates": [-78.649217, -1.66958]}}, {"type": "Feature", "properties": {"id": "9aaf7f1c-dc78-4794-85ab-51b403f4a08a", "nombre": "Parque Sucre", "tipo": "Cultural", "elemento": "Plazas o plazoletas,", "tipologia": "Zonal", "gestion": "P\u00fablico", "estado": "Bueno", "parroquia": "RIOBAMBA", "observaciones": ""}, "geometry": {"type": "Point", "coordinates": [-78.650485, -1.671784]}}, {"type": "Feature", "properties": {"id": "97b80a96-afe8-489a-80d2-390f723e9ddb", "nombre": "Hospital Pedi\u00e1trico Alfonso Villagomez", "tipo": "Salud", "elemento": "Hospital regional- especializaci\u00f3n -docente", "tipologia": "Cantonal", "gestion": "P\u00fablico", "estado": "Regular", "parroquia": "RIOBAMBA", "observaciones": ""}, "geometry": {"type": "Point", "coordinates": [-78.649534, -1.670429]}}, {"type": "Feature", "properties": {"id": "3a5036e5-8297-4b46-8c6f-e009e2d427ae", "nombre": "Colpomed", "tipo": "Salud", "elemento": "Centro de salud Tipo A", "tipologia": "Barrial", "gestion": "Privado", "estado": "Bueno", "parroquia": "RIOBAMBA", "observaciones": "Centro de especialidades privado"}, "geometry": {"type": "Point", "coordinates": [-78.649245, -1.668352]}}, {"type": "Feature", "properties": {"id": "174ba65e-7f20-4a88-8e32-d4f37aa44bd9", "nombre": "Dir. Administrativa, Financiera", "tipo": "Administraci\u00f3n P\u00fablica", "elemento": "Municipio", "tipologia": "Cantonal", "gestion": "P\u00fablico", "estado": "Bueno", "parroquia": "RIOBAMBA", "observaciones": ""}, "geometry": {"type": "Point", "coordinates": [-78.649111, -1.673369]}}, {"type": "Feature", "properties": {"id": "b7c322c6-9f98-409b-8028-8cae3ecc451c", "nombre": "Hospital General Metropolitana", "tipo": "Salud", "elemento": "Hospital b\u00e1sico o cl\u00ednicas", "tipologia": "Zonal", "gestion": "Privado", "estado": "Bueno", "parroquia": "RIOBAMBA", "observaciones": ""}, "geometry": {"type": "Point", "coordinates": [-78.648904, -1.668707]}}, {"type": "Feature", "properties": {"id": "f2940b0d-3910-461b-8a30-8605f5f99a3e", "nombre": "Plaza Roja", "tipo": "Cultural", "elemento": "Plazas o plazoletas,", "tipologia": "Zonal", "gestion": "P\u00fablico", "estado": "Regular", "parroquia": "RIOBAMBA", "observaciones": ""}, "geometry": {"type": "Point", "coordinates": [-78.648937, -1.671045]}}, {"type": "Feature", "properties": {"id": "04e6a05c-8319-4683-8f1f-562a3b10c45d", "nombre": "Parada de bus", "tipo": "Transporte", "elemento": "Parada de transporte p\u00fablico, buses", "tipologia": "Zonal", "gestion": "P\u00fablico", "estado": "Regular", "parroquia": "RIOBAMBA", "observaciones": "Sin se\u00f1al\u00e9tica vertical y horizontal"}, "geometry": {"type": "Point", "coordinates": [-78.655092, -1.671217]}}, {"type": "Feature", "properties": {"id": "0cc1a888-778d-4046-8d4a-d8f98cfdd619", "nombre": "Monasterio de la Inmaculada Concepci\u00f3n", "tipo": "Religioso", "elemento": "Conventos y monasterios", "tipologia": "Cantonal", "gestion": "Privado", "estado": "Regular", "parroquia": "RIOBAMBA", "observaciones": ""}, "geometry": {"type": "Point", "coordinates": [-78.648743, -1.670673]}}, {"type": "Feature", "properties": {"id": "82947797-a67b-418b-883f-f2e38b2a9c29", "nombre": "Preuniversitario polit\u00e9cnica", "tipo": "Educaci\u00f3n", "elemento": "Centros o institutos de capacitaci\u00f3n", "tipologia": "Zonal", "gestion": "P\u00fablico", "estado": "Bueno", "parroquia": "RIOBAMBA", "observaciones": ""}, "geometry": {"type": "Point", "coordinates": [-78.651998, -1.669697]}}, {"type": "Feature", "properties": {"id": "c8b4df14-b93b-4254-8fdd-ed3ae3a63764", "nombre": "Iglesia de Cristo Restaura-si\u00f3n", "tipo": "Religioso", "elemento": "Iglesias hasta 200 puestos", "tipologia": "Barrial", "gestion": "Privado", "estado": "Bueno", "parroquia": "RIOBAMBA", "observaciones": ""}, "geometry": {"type": "Point", "coordinates": [-78.648582, -1.666658]}}, {"type": "Feature", "properties": {"id": "5cdff230-10a4-49e0-86d3-4dd9f01bfccb", "nombre": "CEPCE EMPRENDEDORES SAS", "tipo": "Educaci\u00f3n", "elemento": "Centros o institutos de capacitaci\u00f3n", "tipologia": "Zonal", "gestion": "Privado", "estado": "Bueno", "parroquia": "RIOBAMBA", "observaciones": "Tercer piso de una edificaci\u00f3n de 5 pisos"}, "geometry": {"type": "Point", "coordinates": [-78.655547, -1.671573]}}, {"type": "Feature", "properties": {"id": "43441a7a-d1ce-475a-8162-4542c292a741", "nombre": "Iglesia de la Concepci\u00f3n", "tipo": "Religioso", "elemento": "Iglesias hasta 500 puestos", "tipologia": "Zonal", "gestion": "Privado", "estado": "Regular", "parroquia": "RIOBAMBA", "observaciones": ""}, "geometry": {"type": "Point", "coordinates": [-78.648502, -1.670872]}}, {"type": "Feature", "properties": {"id": "00f6371c-357e-4a56-8f35-137e933a1293", "nombre": "Unidad Educativa PCEI EVEREST", "tipo": "Educaci\u00f3n", "elemento": "Unidades educativas (niveles b\u00e1sico y bachillerato)", "tipologia": "Zonal", "gestion": "Privado", "estado": "", "parroquia": "RIOBAMBA", "observaciones": "4 piso de edificaci\u00f3n de 5 pisos."}, "geometry": {"type": "Point", "coordinates": [-78.655522, -1.671518]}}, {"type": "Feature", "properties": {"id": "3a510e8f-063d-4aa7-8243-31cd77af9f53", "nombre": "CNT", "tipo": "Administraci\u00f3n P\u00fablica", "elemento": "Oficinas de agua potable, energ\u00eda el\u00e9ctrica, tel\u00e9fonos", "tipologia": "Zonal", "gestion": "P\u00fablico", "estado": "Bueno", "parroquia": "RIOBAMBA", "observaciones": ""}, "geometry": {"type": "Point", "coordinates": [-78.647451, -1.673336]}}, {"type": "Feature", "properties": {"id": "4c75a715-1895-4368-8e03-efbc90ef2010", "nombre": "Consejo Nacional Electoral de Chimborazo", "tipo": "Administraci\u00f3n P\u00fablica", "elemento": "Edificios administrativos gobierno central o provincial", "tipologia": "Cantonal", "gestion": "P\u00fablico", "estado": "Bueno", "parroquia": "RIOBAMBA", "observaciones": ""}, "geometry": {"type": "Point", "coordinates": [-78.647398, -1.670174]}}, {"type": "Feature", "properties": {"id": "5b6077ad-ad61-42c4-894d-57cd892a1e68", "nombre": "Direcci\u00f3n de Obras P\u00fablicas", "tipo": "Administraci\u00f3n P\u00fablica", "elemento": "Municipio", "tipologia": "Cantonal", "gestion": "P\u00fablico", "estado": "Regular", "parroquia": "RIOBAMBA", "observaciones": ""}, "geometry": {"type": "Point", "coordinates": [-78.647655, -1.673592]}}, {"type": "Feature", "properties": {"id": "2587e854-7302-4545-8f54-9ecafeac1d23", "nombre": "Jefatura de Polic\u00eda Chimborazo", "tipo": "Administraci\u00f3n P\u00fablica", "elemento": "Edificios administrativos gobierno central o provincial", "tipologia": "Cantonal", "gestion": "P\u00fablico", "estado": "Regular", "parroquia": "RIOBAMBA", "observaciones": ""}, "geometry": {"type": "Point", "coordinates": [-78.647943, -1.673447]}}, {"type": "Feature", "properties": {"id": "632ea4c0-3c04-4a7b-894a-3c0f60e91fae", "nombre": "Iglesia de las F\u00e1timas", "tipo": "Religioso", "elemento": "Iglesias hasta 200 puestos", "tipologia": "Barrial", "gestion": "P\u00fablico", "estado": "Bueno", "parroquia": "RIOBAMBA", "observaciones": ""}, "geometry": {"type": "Point", "coordinates": [-78.652818, -1.669425]}}, {"type": "Feature", "properties": {"id": "cdf82698-a420-4654-8a65-eb27e77e633e", "nombre": "P.C.E.I CRUZADA SOCIAL", "tipo": "Educaci\u00f3n", "elemento": "Unidades educativas (niveles b\u00e1sico y bachillerato)", "tipologia": "Zonal", "gestion": "Privado", "estado": "Regular", "parroquia": "RIOBAMBA", "observaciones": ""}, "geometry": {"type": "Point", "coordinates": [-78.647908, -1.670689]}}, {"type": "Feature", "properties": {"id": "e7cbab90-f121-4c9a-801a-730eeed84340", "nombre": "Gobernaci\u00f3n de Chimborazo", "tipo": "Administraci\u00f3n P\u00fablica", "elemento": "Edificios administrativos gobierno central o provincial", "tipologia": "Cantonal", "gestion": "P\u00fablico", "estado": "Bueno", "parroquia": "RIOBAMBA", "observaciones": ""}, "geometry": {"type": "Point", "coordinates": [-78.648037, -1.673352]}}, {"type": "Feature", "properties": {"id": "f45e56f8-da95-43f0-88f4-155c874099f9", "nombre": "Parque Juan Molntalvo", "tipo": "Recreativo y Deporte", "elemento": "Canchas deportivas m\u00faltiples.", "tipologia": "Zonal", "gestion": "P\u00fablico", "estado": "Bueno", "parroquia": "RIOBAMBA", "observaciones": ""}, "geometry": {"type": "Point", "coordinates": [-78.682457, -1.662632]}}, {"type": "Feature", "properties": {"id": "73971f16-e600-4f57-87c2-cb80cd897f7b", "nombre": "Consejo provincial de Chimborazo", "tipo": "Administraci\u00f3n P\u00fablica", "elemento": "Edificios administrativos gobierno central o provincial", "tipologia": "Cantonal", "gestion": "P\u00fablico", "estado": "Bueno", "parroquia": "RIOBAMBA", "observaciones": ""}, "geometry": {"type": "Point", "coordinates": [-78.652799, -1.669202]}}, {"type": "Feature", "properties": {"id": "0637eccf-3109-4d1f-8548-16d2e6b5b114", "nombre": "BanEcuador", "tipo": "Administraci\u00f3n P\u00fablica", "elemento": "Edificios administrativos gobierno central o provincial", "tipologia": "Cantonal", "gestion": "P\u00fablico", "estado": "Bueno", "parroquia": "RIOBAMBA", "observaciones": ""}, "geometry": {"type": "Point", "coordinates": [-78.648191, -1.67346]}}, {"type": "Feature", "properties": {"id": "4977ec7f-8d6c-4746-8fb6-92b630d9c664", "nombre": "Mar\u00eda Auxiliadora - Hospital del d\u00eda", "tipo": "Salud", "elemento": "Hospital b\u00e1sico o cl\u00ednicas", "tipologia": "Zonal", "gestion": "Privado", "estado": "Bueno", "parroquia": "RIOBAMBA", "observaciones": ""}, "geometry": {"type": "Point", "coordinates": [-78.647936, -1.666582]}}, {"type": "Feature", "properties": {"id": "121575f3-e923-4d7f-8951-2f8499b18d12", "nombre": "Parada de Bus", "tipo": "Transporte", "elemento": "Parada de transporte p\u00fablico, buses", "tipologia": "Zonal", "gestion": "P\u00fablico", "estado": "Regular", "parroquia": "RIOBAMBA", "observaciones": ""}, "geometry": {"type": "Point", "coordinates": [-78.654348, -1.671004]}}, {"type": "Feature", "properties": {"id": "423ea7d3-a736-4843-8424-589eaef7dcc3", "nombre": "Museo de Arte Religioso", "tipo": "Cultural", "elemento": "Museos", "tipologia": "Cantonal", "gestion": "Privado", "estado": "Regular", "parroquia": "RIOBAMBA", "observaciones": ""}, "geometry": {"type": "Point", "coordinates": [-78.648464, -1.670162]}}, {"type": "Feature", "properties": {"id": "19a3e11b-5e20-47a0-8128-7835dc81a021", "nombre": "Genius", "tipo": "Educaci\u00f3n", "elemento": "Centros o institutos de capacitaci\u00f3n", "tipologia": "Zonal", "gestion": "Privado", "estado": "Bueno", "parroquia": "RIOBAMBA", "observaciones": ""}, "geometry": {"type": "Point", "coordinates": [-78.653125, -1.669058]}}, {"type": "Feature", "properties": {"id": "2ab34305-af80-4cf5-8612-e9436aea9268", "nombre": "Sede GADMR", "tipo": "Administraci\u00f3n P\u00fablica", "elemento": "Municipio", "tipologia": "Cantonal", "gestion": "P\u00fablico", "estado": "Bueno", "parroquia": "RIOBAMBA", "observaciones": ""}, "geometry": {"type": "Point", "coordinates": [-78.647803, -1.672991]}}, {"type": "Feature", "properties": {"id": "2cf16a09-e10a-432a-844f-851f814ad903", "nombre": "Instituto Nacional de Patrimonio Cultural", "tipo": "Administraci\u00f3n P\u00fablica", "elemento": "Edificios administrativos gobierno central o provincial", "tipologia": "Cantonal", "gestion": "P\u00fablico", "estado": "Bueno", "parroquia": "RIOBAMBA", "observaciones": ""}, "geometry": {"type": "Point", "coordinates": [-78.647962, -1.673075]}}, {"type": "Feature", "properties": {"id": "978e270a-66ed-4728-8987-a4ebfbb3beb6", "nombre": "Bioandes - Salud y armon\u00eda", "tipo": "Salud", "elemento": "Centros de rehabilitaci\u00f3n f\u00edsica integral", "tipologia": "Zonal", "gestion": "Privado", "estado": "Bueno", "parroquia": "RIOBAMBA", "observaciones": ""}, "geometry": {"type": "Point", "coordinates": [-78.647848, -1.667032]}}, {"type": "Feature", "properties": {"id": "542575a2-152b-4d39-8a08-0079108661b8", "nombre": "Parque Maldonado", "tipo": "Cultural", "elemento": "Plazas o plazoletas,", "tipologia": "Zonal", "gestion": "P\u00fablico", "estado": "Regular", "parroquia": "RIOBAMBA", "observaciones": ""}, "geometry": {"type": "Point", "coordinates": [-78.648285, -1.672658]}}, {"type": "Feature", "properties": {"id": "ebaae918-0ded-4db4-8ec3-b85657888d9e", "nombre": "\u00c9lite Academy", "tipo": "Educaci\u00f3n", "elemento": "Centros o institutos de capacitaci\u00f3n", "tipologia": "Zonal", "gestion": "Privado", "estado": "Bueno", "parroquia": "RIOBAMBA", "observaciones": ""}, "geometry": {"type": "Point", "coordinates": [-78.653028, -1.668381]}}, {"type": "Feature", "properties": {"id": "6c13a076-79e1-45c6-83a0-e7659a2da961", "nombre": "CENCAP", "tipo": "Educaci\u00f3n", "elemento": "Centros o institutos de capacitaci\u00f3n", "tipologia": "Zonal", "gestion": "Privado", "estado": "Bueno", "parroquia": "RIOBAMBA", "observaciones": "Altos de la edificaci\u00f3n"}, "geometry": {"type": "Point", "coordinates": [-78.653424, -1.671209]}}, {"type": "Feature", "properties": {"id": "a1d38096-8193-4414-80f4-343f23150138", "nombre": "Museo de la Ciudad", "tipo": "Cultural", "elemento": "Museos", "tipologia": "Cantonal", "gestion": "P\u00fablico", "estado": "Bueno", "parroquia": "RIOBAMBA", "observaciones": ""}, "geometry": {"type": "Point", "coordinates": [-78.648769, -1.67294]}}, {"type": "Feature", "properties": {"id": "d351721d-99bf-492d-86ba-895e625dcac8", "nombre": "SRI", "tipo": "Administraci\u00f3n P\u00fablica", "elemento": "Edificios administrativos gobierno central o provincial", "tipologia": "Cantonal", "gestion": "P\u00fablico", "estado": "Regular", "parroquia": "RIOBAMBA", "observaciones": ""}, "geometry": {"type": "Point", "coordinates": [-78.64886, -1.672598]}}, {"type": "Feature", "properties": {"id": "2bff0d0b-a753-4d5d-8f7d-733446c2265d", "nombre": "Registro civil", "tipo": "Administraci\u00f3n P\u00fablica", "elemento": "Edificios administrativos gobierno central o provincial", "tipologia": "Cantonal", "gestion": "P\u00fablico", "estado": "Bueno", "parroquia": "RIOBAMBA", "observaciones": ""}, "geometry": {"type": "Point", "coordinates": [-78.65341, -1.668815]}}, {"type": "Feature", "properties": {"id": "a00cc918-bcc7-4b26-80e5-fcff4f5210ad", "nombre": "Parada de bus", "tipo": "Transporte", "elemento": "Parada de transporte p\u00fablico, buses", "tipologia": "Zonal", "gestion": "P\u00fablico", "estado": "Malo", "parroquia": "RIOBAMBA", "observaciones": "Sin cubierta solo se\u00f1al vertical"}, "geometry": {"type": "Point", "coordinates": [-78.653982, -1.672173]}}, {"type": "Feature", "properties": {"id": "91ca125f-5324-4681-8e35-4bac7de547c0", "nombre": "FisioLiz", "tipo": "Salud", "elemento": "Centros de rehabilitaci\u00f3n f\u00edsica integral", "tipologia": "Zonal", "gestion": "Privado", "estado": "Bueno", "parroquia": "RIOBAMBA", "observaciones": ""}, "geometry": {"type": "Point", "coordinates": [-78.653497, -1.668638]}}, {"type": "Feature", "properties": {"id": "e64b2e83-73fc-4f14-8183-58e820682f55", "nombre": "IESS", "tipo": "Administraci\u00f3n P\u00fablica", "elemento": "Edificios administrativos gobierno central o provincial", "tipologia": "Cantonal", "gestion": "P\u00fablico", "estado": "Bueno", "parroquia": "RIOBAMBA", "observaciones": ""}, "geometry": {"type": "Point", "coordinates": [-78.649188, -1.672263]}}, {"type": "Feature", "properties": {"id": "3b890c88-6f7f-4ec3-8849-05552aa5101c", "nombre": "PARQUE CENTRAL JUAN MONTALVO", "tipo": "Recreativo y Deporte", "elemento": "Canchas deportivas m\u00faltiples.", "tipologia": "Zonal", "gestion": "P\u00fablico", "estado": "Bueno", "parroquia": "RIOBAMBA", "observaciones": ""}, "geometry": {"type": "Point", "coordinates": [-78.681992, -1.661201]}}, {"type": "Feature", "properties": {"id": "bdb127a1-768f-4664-8c9d-80783756dd7f", "nombre": "Baterias Sanitarias Santa Rosa", "tipo": "Infraestructura", "elemento": "Bater\u00edas sanitarias", "tipologia": "Barrial", "gestion": "P\u00fablico", "estado": "Malo", "parroquia": "", "observaciones": "Infraestructura sin iluminaci\u00f3n ni ventilaci\u00f3n y servicios higi\u00e9nicos obsoletos con presencia de humedad"}, "geometry": {"type": "Point", "coordinates": [-78.654086, -1.672807]}}, {"type": "Feature", "properties": {"id": "3fd26f4c-b8af-4e0e-806e-e6937e1bdc14", "nombre": "Iglesia de la Catedral", "tipo": "Religioso", "elemento": "Iglesias m\u00e1s de 500 puestos", "tipologia": "Cantonal", "gestion": "Privado", "estado": "Bueno", "parroquia": "RIOBAMBA", "observaciones": ""}, "geometry": {"type": "Point", "coordinates": [-78.647897, -1.672285]}}, {"type": "Feature", "properties": {"id": "e3b814b4-7c19-42fc-8dbf-bb72185cd711", "nombre": "EERSA", "tipo": "Administraci\u00f3n P\u00fablica", "elemento": "Oficinas de agua potable, energ\u00eda el\u00e9ctrica, tel\u00e9fonos", "tipologia": "Zonal", "gestion": "Privado", "estado": "Bueno", "parroquia": "RIOBAMBA", "observaciones": ""}, "geometry": {"type": "Point", "coordinates": [-78.649999, -1.671891]}}, {"type": "Feature", "properties": {"id": "2284a50c-ca1f-4eda-8c1f-0e66d87799d2", "nombre": "Pedro Vicente Maldonado", "tipo": "Educaci\u00f3n", "elemento": "Unidades educativas (niveles b\u00e1sico y bachillerato)", "tipologia": "Zonal", "gestion": "P\u00fablico", "estado": "Bueno", "parroquia": "RIOBAMBA", "observaciones": ""}, "geometry": {"type": "Point", "coordinates": [-78.650063, -1.671332]}}, {"type": "Feature", "properties": {"id": "82213d1f-50e9-4fbb-8db8-5f5e13fb0c2a", "nombre": "Centro de Desarrollo Infantil Biling\u00fce Peque\u00f1o Para\u00edso", "tipo": "Educaci\u00f3n", "elemento": "Establecimientos de educaci\u00f3n inicial", "tipologia": "Barrial", "gestion": "Privado", "estado": "Bueno", "parroquia": "RIOBAMBA", "observaciones": ""}, "geometry": {"type": "Point", "coordinates": [-78.647408, -1.66766]}}, {"type": "Feature", "properties": {"id": "40f8f103-d8ad-4e7b-883b-315e7be02be5", "nombre": "Teatro Le\u00f3n", "tipo": "Cultural", "elemento": "Teatros", "tipologia": "Zonal", "gestion": "P\u00fablico", "estado": "Bueno", "parroquia": "RIOBAMBA", "observaciones": ""}, "geometry": {"type": "Point", "coordinates": [-78.650684, -1.671291]}}, {"type": "Feature", "properties": {"id": "ff01f059-54b0-4d6b-8523-f55e49557ad9", "nombre": "Sn", "tipo": "Recreativo y Deporte", "elemento": "Canchas deportivas m\u00faltiples.", "tipologia": "Zonal", "gestion": "P\u00fablico", "estado": "Bueno", "parroquia": "RIOBAMBA", "observaciones": "ki8"}, "geometry": {"type": "Point", "coordinates": [-78.644219, -1.672154]}}, {"type": "Feature", "properties": {"id": "a470f35b-334f-419b-8b32-63b0437829b9", "nombre": "Parada taxis cooperativa general barriga", "tipo": "Transporte", "elemento": "Parada de taxis", "tipologia": "Zonal", "gestion": "P\u00fablico", "estado": "Bueno", "parroquia": "RIOBAMBA", "observaciones": ""}, "geometry": {"type": "Point", "coordinates": [-78.654442, -1.667026]}}, {"type": "Feature", "properties": {"id": "a40982e5-9da6-4199-8570-fd18599c80a3", "nombre": "Museo de Piedras", "tipo": "Cultural", "elemento": "Museos", "tipologia": "Cantonal", "gestion": "Privado", "estado": "Bueno", "parroquia": "RIOBAMBA", "observaciones": ""}, "geometry": {"type": "Point", "coordinates": [-78.647498, -1.672122]}}, {"type": "Feature", "properties": {"id": "14fc5b59-f94d-4580-8353-996dc606e043", "nombre": "Parda de bus", "tipo": "Transporte", "elemento": "Parada de transporte p\u00fablico, buses", "tipologia": "Zonal", "gestion": "P\u00fablico", "estado": "Bueno", "parroquia": "RIOBAMBA", "observaciones": ""}, "geometry": {"type": "Point", "coordinates": [-78.654883, -1.667287]}}, {"type": "Feature", "properties": {"id": "03c2d74d-4909-46bb-880b-cf8279cb8caa", "nombre": "Centro de Movilizaci\u00f3n FFAA", "tipo": "Administraci\u00f3n P\u00fablica", "elemento": "Edificios administrativos gobierno central o provincial", "tipologia": "Cantonal", "gestion": "P\u00fablico", "estado": "Regular", "parroquia": "RIOBAMBA", "observaciones": ""}, "geometry": {"type": "Point", "coordinates": [-78.651204, -1.670821]}}, {"type": "Feature", "properties": {"id": "6437d853-5e01-4860-8b8b-78442c15f6f4", "nombre": "Mariana de Jes\u00fas", "tipo": "Educaci\u00f3n", "elemento": "Unidades educativas (niveles b\u00e1sico y bachillerato)", "tipologia": "Zonal", "gestion": "Privado", "estado": "Bueno", "parroquia": "RIOBAMBA", "observaciones": ""}, "geometry": {"type": "Point", "coordinates": [-78.646957, -1.671865]}}, {"type": "Feature", "properties": {"id": "7ef58e1e-d51a-4cfe-8463-3b5cecc18c93", "nombre": "CENTRO DE EDUCACI\u00d3N INICIAL JUAN MONTALVO", "tipo": "Educaci\u00f3n", "elemento": "Establecimientos de educaci\u00f3n inicial", "tipologia": "Barrial", "gestion": "P\u00fablico", "estado": "Regular", "parroquia": "RIOBAMBA", "observaciones": "NO SE ENCUENTRA EN FUNCIONAMIENTO"}, "geometry": {"type": "Point", "coordinates": [-78.682072, -1.661663]}}, {"type": "Feature", "properties": {"id": "29abd556-ada9-49d4-8da1-be647956733e", "nombre": "Iglesia San Alfonso", "tipo": "Religioso", "elemento": "Iglesias hasta 500 puestos", "tipologia": "Zonal", "gestion": "Privado", "estado": "Bueno", "parroquia": "RIOBAMBA", "observaciones": ""}, "geometry": {"type": "Point", "coordinates": [-78.646706, -1.671203]}}, {"type": "Feature", "properties": {"id": "5b2bc5f7-83f1-4c75-82f9-6b0bb1245cdb", "nombre": "Corte Provincial de Justicia", "tipo": "Administraci\u00f3n P\u00fablica", "elemento": "Edificios administrativos gobierno central o provincial", "tipologia": "Cantonal", "gestion": "P\u00fablico", "estado": "Regular", "parroquia": "RIOBAMBA", "observaciones": ""}, "geometry": {"type": "Point", "coordinates": [-78.651264, -1.670429]}}, {"type": "Feature", "properties": {"id": "5a43794e-7584-4c46-8e89-e2e1aba65a24", "nombre": "Mercado San Alfonso", "tipo": "Especial", "elemento": "Mercado", "tipologia": "Cantonal", "gestion": "P\u00fablico", "estado": "Regular", "parroquia": "RIOBAMBA", "observaciones": ""}, "geometry": {"type": "Point", "coordinates": [-78.646375, -1.671563]}}, {"type": "Feature", "properties": {"id": "f2f3a8d5-30f6-4fa4-8a9b-e436c706673a", "nombre": "Cl\u00ednica Veterinaria Arca de No\u00e9", "tipo": "Especial", "elemento": "Hospitales veterinarios", "tipologia": "Zonal", "gestion": "Privado", "estado": "Bueno", "parroquia": "RIOBAMBA", "observaciones": "Bien Inmueble perteneciente al Patrimonio Cultural"}, "geometry": {"type": "Point", "coordinates": [-78.65223, -1.672143]}}, {"type": "Feature", "properties": {"id": "ffe0581e-a095-4294-899a-52d30d96ec39", "nombre": "Para de bus", "tipo": "Transporte", "elemento": "Parada de transporte p\u00fablico, buses", "tipologia": "Zonal", "gestion": "P\u00fablico", "estado": "Bueno", "parroquia": "RIOBAMBA", "observaciones": ""}, "geometry": {"type": "Point", "coordinates": [-78.65457, -1.666832]}}, {"type": "Feature", "properties": {"id": "c84fb71d-1a85-4254-8784-b2a84f785e65", "nombre": "Sede de militares en servicio pasivo de Chimborazo", "tipo": "Administraci\u00f3n P\u00fablica", "elemento": "Sedes de gremios y federaciones de profesionales", "tipologia": "Zonal", "gestion": "Privado", "estado": "Bueno", "parroquia": "RIOBAMBA", "observaciones": ""}, "geometry": {"type": "Point", "coordinates": [-78.654586, -1.666684]}}, {"type": "Feature", "properties": {"id": "99d6320b-541d-47f2-8398-356c46d5568e", "nombre": "Wawateca San Alfonso", "tipo": "Bienestar Social", "elemento": "Centros infantiles, guarder\u00edas o wawatecas", "tipologia": "Barrial", "gestion": "P\u00fablico", "estado": "Regular", "parroquia": "RIOBAMBA", "observaciones": ""}, "geometry": {"type": "Point", "coordinates": [-78.646068, -1.671724]}}, {"type": "Feature", "properties": {"id": "2c8b2b87-42e9-4268-8f13-514ea5478664", "nombre": "Parada de Bus", "tipo": "Transporte", "elemento": "Parada de transporte p\u00fablico, buses", "tipologia": "Zonal", "gestion": "P\u00fablico", "estado": "Malo", "parroquia": "RIOBAMBA", "observaciones": "Sin infraestructura y acera en mal estado"}, "geometry": {"type": "Point", "coordinates": [-78.652841, -1.67227]}}, {"type": "Feature", "properties": {"id": "5125c4a4-5bba-4245-8f02-5ae9e6666875", "nombre": "CDI Guardianes de los Andes", "tipo": "Bienestar Social", "elemento": "CDI", "tipologia": "Zonal", "gestion": "P\u00fablico", "estado": "Regular", "parroquia": "RIOBAMBA", "observaciones": ""}, "geometry": {"type": "Point", "coordinates": [-78.645995, -1.671568]}}, {"type": "Feature", "properties": {"id": "887ef008-380f-49d8-8315-c336e262456e", "nombre": "Cooperativa San Alfonso", "tipo": "Transporte", "elemento": "Parada de taxis", "tipologia": "Zonal", "gestion": "Privado", "estado": "Regular", "parroquia": "RIOBAMBA", "observaciones": ""}, "geometry": {"type": "Point", "coordinates": [-78.645961, -1.671648]}}, {"type": "Feature", "properties": {"id": "c79b8eb9-228d-4a69-8e16-287ea10b944d", "nombre": "Cl\u00ednica veterinaria Vital Animals", "tipo": "Especial", "elemento": "Hospitales veterinarios", "tipologia": "Zonal", "gestion": "Privado", "estado": "Bueno", "parroquia": "RIOBAMBA", "observaciones": ""}, "geometry": {"type": "Point", "coordinates": [-78.652752, -1.672828]}}, {"type": "Feature", "properties": {"id": "4c2c8ef6-deef-4ff5-85c6-01817c85dc5a", "nombre": "Centro de idiomas Chimborazo", "tipo": "Educaci\u00f3n", "elemento": "Centros o institutos de capacitaci\u00f3n", "tipologia": "Zonal", "gestion": "Privado", "estado": "Bueno", "parroquia": "RIOBAMBA", "observaciones": ""}, "geometry": {"type": "Point", "coordinates": [-78.653153, -1.668091]}}, {"type": "Feature", "properties": {"id": "9bff7178-3e7b-409b-8bcd-141588e7dc3e", "nombre": "Dogtors Cl\u00ednica Veterinaria", "tipo": "Especial", "elemento": "Hospitales veterinarios", "tipologia": "Zonal", "gestion": "Privado", "estado": "Bueno", "parroquia": "RIOBAMBA", "observaciones": ""}, "geometry": {"type": "Point", "coordinates": [-78.652772, -1.672907]}}, {"type": "Feature", "properties": {"id": "fd4346fa-3179-4e6e-815b-0e6667cd0743", "nombre": "Museo Riobamba", "tipo": "Cultural", "elemento": "Museos", "tipologia": "Cantonal", "gestion": "P\u00fablico", "estado": "Bueno", "parroquia": "RIOBAMBA", "observaciones": ""}, "geometry": {"type": "Point", "coordinates": [-78.652614, -1.668578]}}, {"type": "Feature", "properties": {"id": "fec181a3-d151-40f2-8dac-5f46e1076b8d", "nombre": "No posee ninguna parada por toda la calle Garc\u00eda Moreno", "tipo": "Transporte", "elemento": "Parada de transporte p\u00fablico, buses", "tipologia": "Zonal", "gestion": "P\u00fablico", "estado": "Malo", "parroquia": "RIOBAMBA", "observaciones": "No hay espacio f\u00edsico durante toda la calle Garc\u00eda Moreno para una parada de la l\u00ednea 8"}, "geometry": {"type": "Point", "coordinates": [-78.652739, -1.672931]}}, {"type": "Feature", "properties": {"id": "c40cf62a-b5ab-4146-8f3f-08c3e8ecb72d", "nombre": "Unidad Educativa La Salle", "tipo": "Educaci\u00f3n", "elemento": "Unidades educativas (niveles b\u00e1sico y bachillerato)", "tipologia": "Zonal", "gestion": "Privado", "estado": "Bueno", "parroquia": "RIOBAMBA", "observaciones": ""}, "geometry": {"type": "Point", "coordinates": [-78.646836, -1.668556]}}, {"type": "Feature", "properties": {"id": "089dc68c-a5b6-49f5-828f-859c5875111f", "nombre": "Para de bus", "tipo": "Transporte", "elemento": "Parada de transporte p\u00fablico, buses", "tipologia": "Zonal", "gestion": "P\u00fablico", "estado": "Bueno", "parroquia": "RIOBAMBA", "observaciones": ""}, "geometry": {"type": "Point", "coordinates": [-78.652469, -1.668692]}}, {"type": "Feature", "properties": {"id": "92b95522-4fda-4275-898f-9ce7eeab9216", "nombre": "Consejo de la Judicatura", "tipo": "Administraci\u00f3n P\u00fablica", "elemento": "Edificios administrativos gobierno central o provincial", "tipologia": "Cantonal", "gestion": "P\u00fablico", "estado": "Bueno", "parroquia": "RIOBAMBA", "observaciones": ""}, "geometry": {"type": "Point", "coordinates": [-78.650383, -1.670265]}}, {"type": "Feature", "properties": {"id": "77cb8701-6c4f-4997-802e-a7d73439e060", "nombre": "Iglesia los Primogenitos", "tipo": "Religioso", "elemento": "Iglesias hasta 200 puestos", "tipologia": "Barrial", "gestion": "Privado", "estado": "Bueno", "parroquia": "RIOBAMBA", "observaciones": ""}, "geometry": {"type": "Point", "coordinates": [-78.645238, -1.673887]}}, {"type": "Feature", "properties": {"id": "afa1fcfd-2900-4c2e-8a2d-d2de17e11fa5", "nombre": "Parada de taxis cooperativa pichincha", "tipo": "Transporte", "elemento": "Parada de taxis", "tipologia": "Zonal", "gestion": "P\u00fablico", "estado": "Bueno", "parroquia": "RIOBAMBA", "observaciones": ""}, "geometry": {"type": "Point", "coordinates": [-78.651316, -1.669901]}}, {"type": "Feature", "properties": {"id": "6f14b04c-03cb-456c-87b8-9405def0fb25", "nombre": "Bater\u00edas Sanitarias", "tipo": "Infraestructura", "elemento": "Bater\u00edas sanitarias", "tipologia": "Barrial", "gestion": "P\u00fablico", "estado": "Bueno", "parroquia": "RIOBAMBA", "observaciones": ""}, "geometry": {"type": "Point", "coordinates": [-78.650161, -1.67049]}}, {"type": "Feature", "properties": {"id": "6dad15a2-fc50-4347-85c9-acb286048a28", "nombre": "Parada de Taxis Simon Bolivar", "tipo": "Transporte", "elemento": "Parada de taxis", "tipologia": "Zonal", "gestion": "P\u00fablico", "estado": "Regular", "parroquia": "RIOBAMBA", "observaciones": "Parada de taxis delimitada por vallas met\u00e1licas"}, "geometry": {"type": "Point", "coordinates": [-78.654287, -1.672352]}}, {"type": "Feature", "properties": {"id": "382c4f06-3729-45fd-8eba-911fbe92392e", "nombre": "Centro de Terapias Naturales y Andinas", "tipo": "Educaci\u00f3n", "elemento": "Centros o institutos de capacitaci\u00f3n", "tipologia": "Zonal", "gestion": "Privado", "estado": "Regular", "parroquia": "RIOBAMBA", "observaciones": ""}, "geometry": {"type": "Point", "coordinates": [-78.644509, -1.67443]}}, {"type": "Feature", "properties": {"id": "3a352cf1-ea18-4be4-8799-a9908c9f48fe", "nombre": "FEDEBAR", "tipo": "Cultural", "elemento": "Casas comunales o barriales", "tipologia": "Barrial", "gestion": "Privado", "estado": "Regular", "parroquia": "RIOBAMBA", "observaciones": ""}, "geometry": {"type": "Point", "coordinates": [-78.650099, -1.670495]}}, {"type": "Feature", "properties": {"id": "ad607616-0e11-471b-8008-34a1383bd4d3", "nombre": "Parada de bus", "tipo": "Transporte", "elemento": "Parada de transporte p\u00fablico, buses", "tipologia": "Zonal", "gestion": "P\u00fablico", "estado": "Regular", "parroquia": "RIOBAMBA", "observaciones": ""}, "geometry": {"type": "Point", "coordinates": [-78.650172, -1.67061]}}, {"type": "Feature", "properties": {"id": "e6d936e3-58cb-422c-8d58-d2f867a47819", "nombre": "Parada de bus", "tipo": "Transporte", "elemento": "Parada de transporte p\u00fablico, buses", "tipologia": "Zonal", "gestion": "P\u00fablico", "estado": "Malo", "parroquia": "RIOBAMBA", "observaciones": "Ancho de acera insuficiente, sin infraestructura, veh\u00edculos particulares estacionados en espacio f\u00edsico para la parada de bus"}, "geometry": {"type": "Point", "coordinates": [-78.65231, -1.673717]}}, {"type": "Feature", "properties": {"id": "e00c6088-b733-42cb-828a-6a06187bd67a", "nombre": "Parada de Buses", "tipo": "Transporte", "elemento": "Parada de transporte p\u00fablico, buses", "tipologia": "Zonal", "gestion": "P\u00fablico", "estado": "Malo", "parroquia": "RIOBAMBA", "observaciones": "Se\u00f1aletica indistinguible por presencia de \u00e1rbol, acera en mal estado y veh\u00edculos particulares estacionados en el espacio f\u00edsico para la parada"}, "geometry": {"type": "Point", "coordinates": [-78.651073, -1.674826]}}, {"type": "Feature", "properties": {"id": "29b39437-5b0f-4e1d-8272-1bc13ed33c6d", "nombre": "\u00c1REA VERDE CIUDADELA JUAN MONTALVO", "tipo": "Recreativo y Deporte", "elemento": "Parques infantiles con jardines sin canchas", "tipologia": "Barrial", "gestion": "P\u00fablico", "estado": "Regular", "parroquia": "RIOBAMBA", "observaciones": ""}, "geometry": {"type": "Point", "coordinates": [-78.684307, -1.660948]}}, {"type": "Feature", "properties": {"id": "0c5def68-c3c4-41b0-86f6-7fc06df2a82e", "nombre": "Parada de bus", "tipo": "Transporte", "elemento": "Parada de transporte p\u00fablico, buses", "tipologia": "Zonal", "gestion": "P\u00fablico", "estado": "Malo", "parroquia": "RIOBAMBA", "observaciones": "Parada de bus sin infraestructura, con presencia de veh\u00edculos particulares en el espacio f\u00edsico para el bus"}, "geometry": {"type": "Point", "coordinates": [-78.650422, -1.675318]}}, {"type": "Feature", "properties": {"id": "5b611da5-01be-4471-8b44-36b1015bbe4c", "nombre": "Iglesia Sto. Hno. Miguel", "tipo": "Religioso", "elemento": "Iglesias hasta 200 puestos", "tipologia": "Barrial", "gestion": "P\u00fablico", "estado": "Bueno", "parroquia": "RIOBAMBA", "observaciones": ""}, "geometry": {"type": "Point", "coordinates": [-78.684284, -1.660115]}}, {"type": "Feature", "properties": {"id": "3426c20e-6f9c-498f-8cb9-fefdab91d73c", "nombre": "SIN NOMBRE BARRIO SAN FRANCISCO DE MACAJI", "tipo": "Recreativo y Deporte", "elemento": "Canchas deportivas m\u00faltiples.", "tipologia": "Zonal", "gestion": "P\u00fablico", "estado": "Malo", "parroquia": "RIOBAMBA", "observaciones": ""}, "geometry": {"type": "Point", "coordinates": [-78.689565, -1.659342]}}, {"type": "Feature", "properties": {"id": "e8f341cf-0063-4e1e-8fec-4c56407268fd", "nombre": "Iglesia del Nombre de Jes\u00fas", "tipo": "Religioso", "elemento": "Iglesias hasta 200 puestos", "tipologia": "Barrial", "gestion": "P\u00fablico", "estado": "Regular", "parroquia": "RIOBAMBA", "observaciones": ""}, "geometry": {"type": "Point", "coordinates": [-78.690513, -1.658244]}}, {"type": "Feature", "properties": {"id": "4c1dee89-02a2-4d2c-86ea-55409b6c1f0d", "nombre": "IGLESIA EVANG\u00c9LICA BILING\u00dcE \"ACHIK \u00d1AN\"", "tipo": "Religioso", "elemento": "Iglesias hasta 200 puestos", "tipologia": "Barrial", "gestion": "Privado", "estado": "Bueno", "parroquia": "RIOBAMBA", "observaciones": ""}, "geometry": {"type": "Point", "coordinates": [-78.6858, -1.660538]}}, {"type": "Feature", "properties": {"id": "65853cfd-af43-4442-8a25-45037a79b01a", "nombre": "Iglesia La Gracia de Dios", "tipo": "Religioso", "elemento": "Iglesias hasta 200 puestos", "tipologia": "Barrial", "gestion": "Privado", "estado": "Bueno", "parroquia": "RIOBAMBA", "observaciones": ""}, "geometry": {"type": "Point", "coordinates": [-78.686075, -1.654717]}}, {"type": "Feature", "properties": {"id": "75e22d47-2256-4072-8ac3-ccc3f8745da0", "nombre": "Unidad Educativa Mar\u00eda Auxiliadora", "tipo": "Educaci\u00f3n", "elemento": "Unidades educativas (niveles b\u00e1sico y bachillerato)", "tipologia": "Zonal", "gestion": "Privado", "estado": "Bueno", "parroquia": "RIOBAMBA", "observaciones": ""}, "geometry": {"type": "Point", "coordinates": [-78.649233, -1.674896]}}, {"type": "Feature", "properties": {"id": "78e2f3d0-134b-437c-8c8f-93e4bd882b89", "nombre": "Parada de buses", "tipo": "Transporte", "elemento": "Parada de transporte p\u00fablico, buses", "tipologia": "Zonal", "gestion": "P\u00fablico", "estado": "Malo", "parroquia": "RIOBAMBA", "observaciones": "Es una parada de buses que no cuenta con se\u00f1aletica vertical, cubierta, sin embargo? se encuentra en el costumbrismo de la gente."}, "geometry": {"type": "Point", "coordinates": [-78.649807, -1.674939]}}, {"type": "Feature", "properties": {"id": "17c36def-1e33-41af-89c2-ebdab86ef019", "nombre": "Parada de buses", "tipo": "Transporte", "elemento": "Parada de transporte p\u00fablico, buses", "tipologia": "Zonal", "gestion": "P\u00fablico", "estado": "Malo", "parroquia": "RIOBAMBA", "observaciones": ""}, "geometry": {"type": "Point", "coordinates": [-78.650878, -1.673837]}}, {"type": "Feature", "properties": {"id": "c794b610-c3ca-4510-86e8-24d5a7e30db6", "nombre": "Funerales Gonzalo Mendoza", "tipo": "Servicios Funerarios", "elemento": "Funerarias y salas de velaci\u00f3n", "tipologia": "Zonal", "gestion": "Privado", "estado": "Bueno", "parroquia": "RIOBAMBA", "observaciones": ""}, "geometry": {"type": "Point", "coordinates": [-78.652238, -1.673292]}}, {"type": "Feature", "properties": {"id": "5fe3af82-111c-4aed-8b23-4d3d1521ed25", "nombre": "Parada de buses", "tipo": "Transporte", "elemento": "Parada de transporte p\u00fablico, buses", "tipologia": "Zonal", "gestion": "P\u00fablico", "estado": "Regular", "parroquia": "RIOBAMBA", "observaciones": "Cuenta con letrero vertical, no cuenta con cubierta."}, "geometry": {"type": "Point", "coordinates": [-78.652059, -1.673]}}, {"type": "Feature", "properties": {"id": "fd2bbca8-1aea-40d7-8d6b-a67ffd345a7f", "nombre": "Funeraria Mendoza", "tipo": "Servicios Funerarios", "elemento": "Funerarias y salas de velaci\u00f3n", "tipologia": "Zonal", "gestion": "Privado", "estado": "Bueno", "parroquia": "RIOBAMBA", "observaciones": ""}, "geometry": {"type": "Point", "coordinates": [-78.651656, -1.672188]}}, {"type": "Feature", "properties": {"id": "5fe54cfa-a140-4f72-8312-a25bce1a5037", "nombre": "Instituto de Seguridad Social de la Polic\u00eda Nacional, Coordinaci\u00f3n Riobamba - DINAPEN", "tipo": "Seguridad", "elemento": "DINAPEN", "tipologia": "Cantonal", "gestion": "P\u00fablico", "estado": "Bueno", "parroquia": "RIOBAMBA", "observaciones": "Dinased"}, "geometry": {"type": "Point", "coordinates": [-78.651743, -1.672716]}}, {"type": "Feature", "properties": {"id": "ae4a47e7-5531-45df-8070-3d7319c2584d", "nombre": "Mercado Mariano Borja La Merced", "tipo": "Especial", "elemento": "Mercado", "tipologia": "Cantonal", "gestion": "P\u00fablico", "estado": "Regular", "parroquia": "RIOBAMBA", "observaciones": ""}, "geometry": {"type": "Point", "coordinates": [-78.650353, -1.673666]}}, {"type": "Feature", "properties": {"id": "b85b4cac-20cc-44e9-8f18-ec4cef0d3f5a", "nombre": "Parada de taxis Coop Mercado La Merced", "tipo": "Transporte", "elemento": "Parada de taxis", "tipologia": "Zonal", "gestion": "P\u00fablico", "estado": "Regular", "parroquia": "RIOBAMBA", "observaciones": ""}, "geometry": {"type": "Point", "coordinates": [-78.650263, -1.673562]}}, {"type": "Feature", "properties": {"id": "7ef21833-ee15-474e-85dc-f1b2c35d6ffb", "nombre": "Iglesia de la Merced", "tipo": "Religioso", "elemento": "Iglesias hasta 200 puestos", "tipologia": "Barrial", "gestion": "Privado", "estado": "Bueno", "parroquia": "RIOBAMBA", "observaciones": "Bien inmueble perteneciente al patrimonio cultural nacional"}, "geometry": {"type": "Point", "coordinates": [-78.649723, -1.674177]}}, {"type": "Feature", "properties": {"id": "6074fe6e-9407-43eb-8376-f55fda8fe5d5", "nombre": "Edificio Betania", "tipo": "Administraci\u00f3n P\u00fablica", "elemento": "Municipio", "tipologia": "Cantonal", "gestion": "Privado", "estado": "Bueno", "parroquia": "RIOBAMBA", "observaciones": "Alquilado a la Di\u00f3cesis para oficinas del GADM RIOBAMBA"}, "geometry": {"type": "Point", "coordinates": [-78.649904, -1.674291]}}, {"type": "Feature", "properties": {"id": "d4c3e462-7de8-48e7-8cab-8701ed1df0d0", "nombre": "Grooming Show", "tipo": "Especial", "elemento": "Hospedaje para mascotas, adiestramiento o centro de rescate animal", "tipologia": "Zonal", "gestion": "Privado", "estado": "Regular", "parroquia": "RIOBAMBA", "observaciones": "Caja de Revisi\u00f3n del predio saturada"}, "geometry": {"type": "Point", "coordinates": [-78.649638, -1.660725]}}, {"type": "Feature", "properties": {"id": "7f82bc6a-a203-4f45-8ae1-ac776886da41", "nombre": "San Antonio del aeropuerto", "tipo": "Recreativo y Deporte", "elemento": "Canchas deportivas m\u00faltiples.", "tipologia": "Zonal", "gestion": "P\u00fablico", "estado": "Malo", "parroquia": "RIOBAMBA", "observaciones": "Parque totalmente abandonado, falta de mantenimiento, a deterioro de toda la infraestructura deportiva"}, "geometry": {"type": "Point", "coordinates": [-78.64952, -1.659863]}}, {"type": "Feature", "properties": {"id": "83b5d746-aee8-4550-8c03-c9a145c5e12e", "nombre": "Reserva Maldonado- Riobamba EP", "tipo": "Infraestructura", "elemento": "Estaciones o subestaci\u00f3n de bombeo de agua", "tipologia": "Zonal", "gestion": "P\u00fablico", "estado": "Regular", "parroquia": "RIOBAMBA", "observaciones": "Corresponde a la Empresa P\u00fablica Riobamba EP"}, "geometry": {"type": "Point", "coordinates": [-78.649051, -1.659558]}}, {"type": "Feature", "properties": {"id": "c4baaf63-0e2e-4adb-8a5b-fec102b42e83", "nombre": "Notar\u00eda 10", "tipo": "Administraci\u00f3n P\u00fablica", "elemento": "Edificios administrativos gobierno central o provincial", "tipologia": "Cantonal", "gestion": "P\u00fablico", "estado": "Bueno", "parroquia": "RIOBAMBA", "observaciones": "Doctor Lider Moreta"}, "geometry": {"type": "Point", "coordinates": [-78.648688, -1.660251]}}, {"type": "Feature", "properties": {"id": "b24fa34a-6d1b-4443-81c8-55493c60706f", "nombre": "Colegio Nacional Pedro Vicente Maldonado", "tipo": "Educaci\u00f3n", "elemento": "Unidades educativas (niveles b\u00e1sico y bachillerato)", "tipologia": "Zonal", "gestion": "P\u00fablico", "estado": "Bueno", "parroquia": "RIOBAMBA", "observaciones": ""}, "geometry": {"type": "Point", "coordinates": [-78.647029, -1.658702]}}, {"type": "Feature", "properties": {"id": "f849a285-ab19-4d8d-8cfa-d4c3454be01d", "nombre": "Empresa El\u00e9ctrica Sub Estaci\u00f3n 2", "tipo": "Infraestructura", "elemento": "Estaciones o subestaciones el\u00e9ctricas", "tipologia": "Zonal", "gestion": "P\u00fablico", "estado": "Bueno", "parroquia": "RIOBAMBA", "observaciones": "Ninguna"}, "geometry": {"type": "Point", "coordinates": [-78.645432, -1.655703]}}, {"type": "Feature", "properties": {"id": "77980ccb-f2e9-4020-83a8-92cd1f5c1b70", "nombre": "Para de buses, taxis", "tipo": "Transporte", "elemento": "Parada de transporte p\u00fablico, buses", "tipologia": "Zonal", "gestion": "P\u00fablico", "estado": "Bueno", "parroquia": "RIOBAMBA", "observaciones": "Parada de buses y libertarxi"}, "geometry": {"type": "Point", "coordinates": [-78.648202, -1.660595]}}, {"type": "Feature", "properties": {"id": "b3aeeae4-c97b-4d64-84dd-24a1d7567888", "nombre": "Supercines", "tipo": "Cultural", "elemento": "Cine", "tipologia": "Cantonal", "gestion": "P\u00fablico", "estado": "Bueno", "parroquia": "RIOBAMBA", "observaciones": "Paseo Shopping Riobamba"}, "geometry": {"type": "Point", "coordinates": [-78.645303, -1.654249]}}, {"type": "Feature", "properties": {"id": "2d6c6142-d0d4-4043-826d-3ef7113c9b08", "nombre": "Parada de Taxi", "tipo": "Transporte", "elemento": "Parada de taxis", "tipologia": "Zonal", "gestion": "P\u00fablico", "estado": "Bueno", "parroquia": "RIOBAMBA", "observaciones": "Libertaxi"}, "geometry": {"type": "Point", "coordinates": [-78.645116, -1.655366]}}, {"type": "Feature", "properties": {"id": "a9ca1f1d-fa9e-4f83-8fa2-c3281dbf595b", "nombre": "Parada de camiontetas", "tipo": "Transporte", "elemento": "Parada de camionetas", "tipologia": "Zonal", "gestion": "Privado", "estado": "Bueno", "parroquia": "RIOBAMBA", "observaciones": "CIA TRANSINTIRAYMI S.A"}, "geometry": {"type": "Point", "coordinates": [-78.645918, -1.655035]}}, {"type": "Feature", "properties": {"id": "58cac08b-7fc4-4a90-8568-80ad31799c7e", "nombre": "Parque San Antonio", "tipo": "Recreativo y Deporte", "elemento": "Canchas deportivas m\u00faltiples.", "tipologia": "Zonal", "gestion": "P\u00fablico", "estado": "Regular", "parroquia": "RIOBAMBA", "observaciones": "Parque con pista de bicis, gimnasio al aire libre y canchas portivas"}, "geometry": {"type": "Point", "coordinates": [-78.64757, -1.655614]}}, {"type": "Feature", "properties": {"id": "70a5945e-4402-4b83-8450-7c4d20000c8e", "nombre": "Pozo Maldonado", "tipo": "Infraestructura", "elemento": "Estaciones o subestaci\u00f3n de bombeo de agua", "tipologia": "Zonal", "gestion": "P\u00fablico", "estado": "Bueno", "parroquia": "RIOBAMBA", "observaciones": "Pozo Maldonado al interior del Parque San Antonio"}, "geometry": {"type": "Point", "coordinates": [-78.647987, -1.655441]}}, {"type": "Feature", "properties": {"id": "1b1bca19-04da-4369-867f-b16f607c384c", "nombre": "San Rafael", "tipo": "Recreativo y Deporte", "elemento": "Coliseos", "tipologia": "Zonal", "gestion": "Privado", "estado": "Bueno", "parroquia": "RIOBAMBA", "observaciones": "Cancha de Voley"}, "geometry": {"type": "Point", "coordinates": [-78.648792, -1.65503]}}, {"type": "Feature", "properties": {"id": "22592eda-34e2-42f8-8854-a4230c0e380c", "nombre": "San Rafael Spa", "tipo": "Recreativo y Deporte", "elemento": "Piscinas", "tipologia": "Zonal", "gestion": "Privado", "estado": "Bueno", "parroquia": "RIOBAMBA", "observaciones": ""}, "geometry": {"type": "Point", "coordinates": [-78.647488, -1.655718]}}, {"type": "Feature", "properties": {"id": "3108ad0e-b25b-4ef7-8819-4938cba695a4", "nombre": "UPC", "tipo": "Seguridad", "elemento": "Unidad de vigilancia de polic\u00eda (UPC)", "tipologia": "Zonal", "gestion": "P\u00fablico", "estado": "Bueno", "parroquia": "RIOBAMBA", "observaciones": "UPC SHOPPING"}, "geometry": {"type": "Point", "coordinates": [-78.649693, -1.653097]}}, {"type": "Feature", "properties": {"id": "c09603ce-1fa8-41d6-8329-f2f8e5e11943", "nombre": "Iglesia San Antonio del Aereopuerto", "tipo": "Religioso", "elemento": "Iglesias hasta 200 puestos", "tipologia": "Barrial", "gestion": "P\u00fablico", "estado": "Regular", "parroquia": "RIOBAMBA", "observaciones": "Ninguna"}, "geometry": {"type": "Point", "coordinates": [-78.649437, -1.653108]}}, {"type": "Feature", "properties": {"id": "492ad714-d5f6-42b0-889e-12670490c3da", "nombre": "CDI Guardianes de la Alegr\u00eda", "tipo": "Educaci\u00f3n", "elemento": "Establecimientos de educaci\u00f3n inicial", "tipologia": "Barrial", "gestion": "P\u00fablico", "estado": "Bueno", "parroquia": "RIOBAMBA", "observaciones": ""}, "geometry": {"type": "Point", "coordinates": [-78.649757, -1.652785]}}, {"type": "Feature", "properties": {"id": "d1644585-98fd-4087-8847-25ce2e0a11f3", "nombre": "Canchas", "tipo": "Recreativo y Deporte", "elemento": "Canchas deportivas m\u00faltiples.", "tipologia": "Zonal", "gestion": "P\u00fablico", "estado": "Regular", "parroquia": "RIOBAMBA", "observaciones": "Canchas San Antonio del aeropuerto"}, "geometry": {"type": "Point", "coordinates": [-78.649546, -1.652733]}}, {"type": "Feature", "properties": {"id": "d34a0b61-6bed-4012-84a2-77d8b61b2aab", "nombre": "Biobosque", "tipo": "Recreativo y Deporte", "elemento": "Jard\u00edn bot\u00e1nico", "tipologia": "Cantonal", "gestion": "P\u00fablico", "estado": "Bueno", "parroquia": "RIOBAMBA", "observaciones": "Mantenimiento"}, "geometry": {"type": "Point", "coordinates": [-78.646283, -1.647741]}}, {"type": "Feature", "properties": {"id": "50be1506-bfda-4437-8ce0-818370809845", "nombre": "Pozo Las Abras", "tipo": "Infraestructura", "elemento": "Estaciones o subestaci\u00f3n de bombeo de agua", "tipologia": "Zonal", "gestion": "P\u00fablico", "estado": "Bueno", "parroquia": "RIOBAMBA", "observaciones": "Ninguno"}, "geometry": {"type": "Point", "coordinates": [-78.646185, -1.646133]}}, {"type": "Feature", "properties": {"id": "4137fc26-283a-45d8-81a8-c0ab46549499", "nombre": "Escuela de Educaci\u00f3n B\u00e1sica ABC", "tipo": "Educaci\u00f3n", "elemento": "Escuelas", "tipologia": "Barrial", "gestion": "Privado", "estado": "Bueno", "parroquia": "RIOBAMBA", "observaciones": "Ninguna"}, "geometry": {"type": "Point", "coordinates": [-78.641083, -1.643037]}}, {"type": "Feature", "properties": {"id": "033f922a-ad8d-47f5-8233-55b9c109d230", "nombre": "Caribe club", "tipo": "Recreativo y Deporte", "elemento": "Piscinas", "tipologia": "Zonal", "gestion": "Privado", "estado": "Bueno", "parroquia": "RIOBAMBA", "observaciones": ""}, "geometry": {"type": "Point", "coordinates": [-78.641415, -1.646084]}}, {"type": "Feature", "properties": {"id": "4d0a5fc8-7ab1-49de-8e4b-4b1d88589887", "nombre": "Unidad Educativa El Despertar", "tipo": "Educaci\u00f3n", "elemento": "Unidades educativas (niveles b\u00e1sico y bachillerato)", "tipologia": "Zonal", "gestion": "Privado", "estado": "Bueno", "parroquia": "RIOBAMBA", "observaciones": ""}, "geometry": {"type": "Point", "coordinates": [-78.643131, -1.645256]}}, {"type": "Feature", "properties": {"id": "724b57ac-5a61-4c31-8e28-c13395d3d943", "nombre": "Casa Real SPA", "tipo": "Recreativo y Deporte", "elemento": "Piscinas", "tipologia": "Zonal", "gestion": "Privado", "estado": "Bueno", "parroquia": "RIOBAMBA", "observaciones": "Ninguna"}, "geometry": {"type": "Point", "coordinates": [-78.641949, -1.647069]}}, {"type": "Feature", "properties": {"id": "ced750bd-a859-4012-890e-9d3a8de97bb3", "nombre": "Para de buses unach", "tipo": "Transporte", "elemento": "Parada de transporte p\u00fablico, buses", "tipologia": "Zonal", "gestion": "P\u00fablico", "estado": "Bueno", "parroquia": "RIOBAMBA", "observaciones": "Para de buses Unach"}, "geometry": {"type": "Point", "coordinates": [-78.644034, -1.652656]}}, {"type": "Feature", "properties": {"id": "6ed8ff13-a42d-43bd-84b4-cec54184cf4b", "nombre": "Galer\u00eda", "tipo": "Cultural", "elemento": "Plazas o plazoletas,", "tipologia": "Zonal", "gestion": "Privado", "estado": "Bueno", "parroquia": "RIOBAMBA", "observaciones": ""}, "geometry": {"type": "Point", "coordinates": [-78.644481, -1.653346]}}, {"type": "Feature", "properties": {"id": "9dc3375b-8657-42d1-825d-ce4c32c9fdce", "nombre": "Iglesia de Cristo Riobamba", "tipo": "Religioso", "elemento": "Iglesias hasta 200 puestos", "tipologia": "Barrial", "gestion": "Privado", "estado": "Bueno", "parroquia": "RIOBAMBA", "observaciones": "Iglesia cristiana"}, "geometry": {"type": "Point", "coordinates": [-78.654217, -1.663555]}}, {"type": "Feature", "properties": {"id": "c71c04bd-30dc-4d55-896b-99bc9ea62f0c", "nombre": "Consultorio m\u00e9dico cl\u00ednica y cirug\u00eda de tumores", "tipo": "Salud", "elemento": "Hospital b\u00e1sico o cl\u00ednicas", "tipologia": "Zonal", "gestion": "Privado", "estado": "Bueno", "parroquia": "RIOBAMBA", "observaciones": "Ninguna"}, "geometry": {"type": "Point", "coordinates": [-78.654223, -1.663665]}}, {"type": "Feature", "properties": {"id": "b8593a85-0e97-4c22-8396-6e3d1d375ac0", "nombre": "Iglesia de Cristo Riobamba", "tipo": "Religioso", "elemento": "Iglesias hasta 200 puestos", "tipologia": "Barrial", "gestion": "Privado", "estado": "Bueno", "parroquia": "RIOBAMBA", "observaciones": ""}, "geometry": {"type": "Point", "coordinates": [-78.654148, -1.663618]}}, {"type": "Feature", "properties": {"id": "f13c2e35-f5b5-4062-b14a-58f3633a81a0", "nombre": "Mi \u00c1ngel Guardi\u00e1n- Funeraria Calderon", "tipo": "Servicios Funerarios", "elemento": "Funerarias y salas de velaci\u00f3n", "tipologia": "Zonal", "gestion": "Privado", "estado": "Bueno", "parroquia": "RIOBAMBA", "observaciones": ""}, "geometry": {"type": "Point", "coordinates": [-78.654135, -1.663613]}}, {"type": "Feature", "properties": {"id": "1107a707-fb9e-4f61-807d-5264468cff4d", "nombre": "Shoe Cleaning", "tipo": "Infraestructura", "elemento": "Lavander\u00edas p\u00fablicas", "tipologia": "Barrial", "gestion": "Privado", "estado": "Bueno", "parroquia": "RIOBAMBA", "observaciones": ""}, "geometry": {"type": "Point", "coordinates": [-78.654118, -1.663634]}}, {"type": "Feature", "properties": {"id": "cef135b8-c9ec-4e75-8396-95f033aa8adc", "nombre": "Dental Planet", "tipo": "Salud", "elemento": "Hospital b\u00e1sico o cl\u00ednicas", "tipologia": "Zonal", "gestion": "Privado", "estado": "Regular", "parroquia": "RIOBAMBA", "observaciones": ""}, "geometry": {"type": "Point", "coordinates": [-78.653958, -1.663881]}}, {"type": "Feature", "properties": {"id": "18ed1493-e049-4cf8-ba99-756b381671c2", "nombre": "AnimalsVet", "tipo": "Especial", "elemento": "Hospitales veterinarios", "tipologia": "Zonal", "gestion": "Privado", "estado": "Bueno", "parroquia": "RIOBAMBA", "observaciones": ""}, "geometry": {"type": "Point", "coordinates": [-78.65354, -1.663647]}}, {"type": "Feature", "properties": {"id": "5a504a87-dcc8-4ddf-b050-52c70fc311b9", "nombre": "Unidad Educativa Santo Tom\u00e1s Apostol", "tipo": "Educaci\u00f3n", "elemento": "Unidades educativas (niveles b\u00e1sico y bachillerato)", "tipologia": "Zonal", "gestion": "Privado", "estado": "Bueno", "parroquia": "RIOBAMBA", "observaciones": ""}, "geometry": {"type": "Point", "coordinates": [-78.654805, -1.662892]}}, {"type": "Feature", "properties": {"id": "5c7f15ac-7985-40aa-9346-16de91c24a2a", "nombre": "Capilla Mar\u00eda Auxiliadora", "tipo": "Religioso", "elemento": "Iglesias hasta 200 puestos", "tipologia": "Barrial", "gestion": "Privado", "estado": "Bueno", "parroquia": "RIOBAMBA", "observaciones": ""}, "geometry": {"type": "Point", "coordinates": [-78.656178, -1.660813]}}, {"type": "Feature", "properties": {"id": "c1eb7253-ae89-446b-81dc-94c5531c2677", "nombre": "Coop. La Ceremica", "tipo": "Transporte", "elemento": "Parada de taxis", "tipologia": "Zonal", "gestion": "P\u00fablico", "estado": "Bueno", "parroquia": "RIOBAMBA", "observaciones": ""}, "geometry": {"type": "Point", "coordinates": [-78.656155, -1.660823]}}, {"type": "Feature", "properties": {"id": "1b6c53dc-8e61-40c1-a152-25a852210c9b", "nombre": "N\u00faa DentalEstudio- Odontologia", "tipo": "Salud", "elemento": "Hospital b\u00e1sico o cl\u00ednicas", "tipologia": "Zonal", "gestion": "Privado", "estado": "Bueno", "parroquia": "RIOBAMBA", "observaciones": ""}, "geometry": {"type": "Point", "coordinates": [-78.656338, -1.660528]}}, {"type": "Feature", "properties": {"id": "e69ec6fc-a196-473c-b619-2397e6f9a042", "nombre": "Sabie Salud y Bienestar", "tipo": "Salud", "elemento": "Hospital b\u00e1sico o cl\u00ednicas", "tipologia": "Zonal", "gestion": "Privado", "estado": "Bueno", "parroquia": "RIOBAMBA", "observaciones": ""}, "geometry": {"type": "Point", "coordinates": [-78.656441, -1.659592]}}, {"type": "Feature", "properties": {"id": "1d1bdc05-e987-469d-bc89-15b70c6b9820", "nombre": "Hospital Militar de Brigada Gal\u00e1pagos", "tipo": "Salud", "elemento": "Centro de salud Tipo B", "tipologia": "Zonal", "gestion": "Privado", "estado": "Bueno", "parroquia": "RIOBAMBA", "observaciones": ""}, "geometry": {"type": "Point", "coordinates": [-78.656954, -1.656762]}}, {"type": "Feature", "properties": {"id": "d51987f1-ff5f-4294-baf2-34ed7903f780", "nombre": "Para de Bus", "tipo": "Transporte", "elemento": "Parada de transporte p\u00fablico, buses", "tipologia": "Zonal", "gestion": "P\u00fablico", "estado": "Bueno", "parroquia": "RIOBAMBA", "observaciones": ""}, "geometry": {"type": "Point", "coordinates": [-78.654852, -1.656881]}}, {"type": "Feature", "properties": {"id": "947aeb41-9cf7-4855-adda-1b4ebfd52292", "nombre": "Brigada Gal\u00e1pagos N11", "tipo": "Seguridad", "elemento": "Cuarteles polic\u00edas o militares", "tipologia": "Cantonal", "gestion": "P\u00fablico", "estado": "Bueno", "parroquia": "RIOBAMBA", "observaciones": ""}, "geometry": {"type": "Point", "coordinates": [-78.654733, -1.65702]}}, {"type": "Feature", "properties": {"id": "23bb44d7-f894-48f5-8b4d-a0ff7ad6c275", "nombre": "U E Jose Maria Roman Freile", "tipo": "Educaci\u00f3n", "elemento": "Unidades educativas (niveles b\u00e1sico y bachillerato)", "tipologia": "Zonal", "gestion": "P\u00fablico", "estado": "Bueno", "parroquia": "RIOBAMBA", "observaciones": ""}, "geometry": {"type": "Point", "coordinates": [-78.654303, -1.657432]}}, {"type": "Feature", "properties": {"id": "5bcd245d-ffbd-45c6-9f5e-088a38bc5909", "nombre": "Centros Auditivos Obi", "tipo": "Salud", "elemento": "Centros de rehabilitaci\u00f3n f\u00edsica integral", "tipologia": "Zonal", "gestion": "Privado", "estado": "Bueno", "parroquia": "RIOBAMBA", "observaciones": ""}, "geometry": {"type": "Point", "coordinates": [-78.65291, -1.661616]}}, {"type": "Feature", "properties": {"id": "75668210-8d9f-4450-8815-378075a10b2a", "nombre": "SPONDYLUS Barra Marina", "tipo": "Recreativo y Deporte", "elemento": "Termas y balnearios", "tipologia": "Cantonal", "gestion": "Privado", "estado": "", "parroquia": "RIOBAMBA", "observaciones": "Balneario con servicio de restaurante."}, "geometry": {"type": "Point", "coordinates": [-78.656673, -1.663123]}}, {"type": "Feature", "properties": {"id": "135883c6-4b7b-4d1c-82b3-830c847999fa", "nombre": "PSICORP", "tipo": "Educaci\u00f3n", "elemento": "Establecimientos de educaci\u00f3n inicial", "tipologia": "Barrial", "gestion": "Privado", "estado": "", "parroquia": "RIOBAMBA", "observaciones": "Da acompa\u00f1amiento a ni\u00f1as y ni\u00f1os."}, "geometry": {"type": "Point", "coordinates": [-78.656564, -1.66308]}}, {"type": "Feature", "properties": {"id": "4e1fe97c-da75-4719-83ac-43e5476299e0", "nombre": "Livoney", "tipo": "Salud", "elemento": "Centros de rehabilitaci\u00f3n f\u00edsica integral", "tipologia": "Zonal", "gestion": "Privado", "estado": "Regular", "parroquia": "RIOBAMBA", "observaciones": "Centro de rehabilitaci\u00f3n f\u00edsica de baja complejidad."}, "geometry": {"type": "Point", "coordinates": [-78.66355, -1.657658]}}, {"type": "Feature", "properties": {"id": "e3f1819d-ac7d-4864-856f-606aaae754d4", "nombre": "QUINDELOMA ART, GALERY AND HOTEL", "tipo": "Recreativo y Deporte", "elemento": "Termas y balnearios", "tipologia": "Cantonal", "gestion": "Privado", "estado": "Bueno", "parroquia": "RIOBAMBA", "observaciones": "Comida deliciosa."}, "geometry": {"type": "Point", "coordinates": [-78.65591, -1.663767]}}, {"type": "Feature", "properties": {"id": "c184d2b1-bdbb-44a7-84bb-b7cdcbe99cd2", "nombre": "Federaci\u00f3n ecuatoriana de andinismo", "tipo": "Educaci\u00f3n", "elemento": "Centros o institutos de capacitaci\u00f3n", "tipologia": "Zonal", "gestion": "Privado", "estado": "Regular", "parroquia": "RIOBAMBA", "observaciones": "Centro de capacitaci\u00f3n para j\u00f3venes"}, "geometry": {"type": "Point", "coordinates": [-78.66355, -1.657658]}}, {"type": "Feature", "properties": {"id": "8835c267-c241-4b9c-81a7-f0ee23df6264", "nombre": "Can cat", "tipo": "Especial", "elemento": "Hospitales veterinarios", "tipologia": "Zonal", "gestion": "Privado", "estado": "Regular", "parroquia": "RIOBAMBA", "observaciones": "Centro veterinario"}, "geometry": {"type": "Point", "coordinates": [-78.66355, -1.657658]}}, {"type": "Feature", "properties": {"id": "c2ce57ad-3310-4440-8d4e-3b52901c072c", "nombre": "Diario los Andes", "tipo": "Cultural", "elemento": "Info centros", "tipologia": "Barrial", "gestion": "Privado", "estado": "Regular", "parroquia": "RIOBAMBA", "observaciones": "Centro de comunicaci\u00f3n Los Andes"}, "geometry": {"type": "Point", "coordinates": [-78.66355, -1.657658]}}, {"type": "Feature", "properties": {"id": "a0cb1ffe-dc55-484b-86f8-fb38097450a2", "nombre": "Edip Centro", "tipo": "Educaci\u00f3n", "elemento": "Centros o institutos de capacitaci\u00f3n", "tipologia": "Zonal", "gestion": "Privado", "estado": "Regular", "parroquia": "RIOBAMBA", "observaciones": "Centro de capacitaci\u00f3n Edip Centro cultural \"letra a letra\""}, "geometry": {"type": "Point", "coordinates": [-78.66355, -1.657658]}}, {"type": "Feature", "properties": {"id": "904f28d6-23c8-4ef2-8955-92440524137f", "nombre": "Oral Health centro de salud dental", "tipo": "Salud", "elemento": "Hospital b\u00e1sico o cl\u00ednicas", "tipologia": "Zonal", "gestion": "Privado", "estado": "Regular", "parroquia": "RIOBAMBA", "observaciones": "Oral Health centro de salud dental"}, "geometry": {"type": "Point", "coordinates": [-78.66355, -1.657658]}}, {"type": "Feature", "properties": {"id": "e30ccfdb-91ca-4cb5-896e-7a159f88bc8f", "nombre": "Plataforma l", "tipo": "Religioso", "elemento": "Iglesias m\u00e1s de 500 puestos", "tipologia": "Cantonal", "gestion": "P\u00fablico", "estado": "Bueno", "parroquia": "RIOBAMBA", "observaciones": "Iglesia"}, "geometry": {"type": "Point", "coordinates": [-78.645585, -1.657733]}}, {"type": "Feature", "properties": {"id": "f000ca01-aa41-41ef-8f56-2ba55b58a48c", "nombre": "Cancha boley", "tipo": "Recreativo y Deporte", "elemento": "Canchas de v\u00f3ley", "tipologia": "Zonal", "gestion": "Privado", "estado": "Regular", "parroquia": "RIOBAMBA", "observaciones": "Estado regular basura anlos alrededores, mal conservado"}, "geometry": {"type": "Point", "coordinates": [-78.645585, -1.657733]}}, {"type": "Feature", "properties": {"id": "cff9693a-ba12-4f73-836a-ce1b5181268f", "nombre": "Salvatore Centro de Especialidades M\u00e9dicas", "tipo": "Salud", "elemento": "Hospital b\u00e1sico o cl\u00ednicas", "tipologia": "Zonal", "gestion": "Privado", "estado": "Bueno", "parroquia": "RIOBAMBA", "observaciones": "Salvatore Centro de Especialidades M\u00e9dicas"}, "geometry": {"type": "Point", "coordinates": [-78.66355, -1.657658]}}, {"type": "Feature", "properties": {"id": "df343428-45c7-4564-80fc-e944076519b7", "nombre": "Sos segurity seguridad privada", "tipo": "Seguridad", "elemento": "Unidad de vigilancia de polic\u00eda (UPC)", "tipologia": "Zonal", "gestion": "Privado", "estado": "Bueno", "parroquia": "RIOBAMBA", "observaciones": "Centro de seguridad privada"}, "geometry": {"type": "Point", "coordinates": [-78.66355, -1.657658]}}, {"type": "Feature", "properties": {"id": "6dfe9491-3933-4939-8316-437c3c3faa54", "nombre": "Canchas de la Di Donato", "tipo": "Recreativo y Deporte", "elemento": "Canchas deportivas m\u00faltiples.", "tipologia": "Zonal", "gestion": "P\u00fablico", "estado": "Malo", "parroquia": "RIOBAMBA", "observaciones": "Areas recreativas en mal estado."}, "geometry": {"type": "Point", "coordinates": [-78.651229, -1.664297]}}, {"type": "Feature", "properties": {"id": "1cd1dd85-94ac-45fc-810a-ed31783e3a28", "nombre": "Cl\u00ednica veterinaria Animal Planet", "tipo": "Especial", "elemento": "Hospitales veterinarios", "tipologia": "Zonal", "gestion": "Privado", "estado": "Bueno", "parroquia": "RIOBAMBA", "observaciones": "Centro veterinario y de acogida animal"}, "geometry": {"type": "Point", "coordinates": [-78.66355, -1.657658]}}, {"type": "Feature", "properties": {"id": "3a502b50-3275-4d80-84a9-469c0ecbb847", "nombre": "Consultorio Cl\u00ednica de Ortodoncia", "tipo": "Salud", "elemento": "Hospital b\u00e1sico o cl\u00ednicas", "tipologia": "Zonal", "gestion": "Privado", "estado": "Bueno", "parroquia": "RIOBAMBA", "observaciones": "Edificio de Centro dental"}, "geometry": {"type": "Point", "coordinates": [-78.66355, -1.657658]}}, {"type": "Feature", "properties": {"id": "9bd193b1-e235-419c-8191-b1ce7d55b1dc", "nombre": "Escuela", "tipo": "Educaci\u00f3n", "elemento": "Escuelas", "tipologia": "Barrial", "gestion": "P\u00fablico", "estado": "Regular", "parroquia": "RIOBAMBA", "observaciones": "Eatado regular"}, "geometry": {"type": "Point", "coordinates": [-78.645585, -1.657733]}}, {"type": "Feature", "properties": {"id": "70f523e9-9231-4d12-8328-59ac590904ee", "nombre": "Sal\u00f3n de Actos \u2018Didonato\u201d", "tipo": "Cultural", "elemento": "Casas comunales o barriales", "tipologia": "Barrial", "gestion": "P\u00fablico", "estado": "Regular", "parroquia": "RIOBAMBA", "observaciones": "Lugar cerrado, no existe informaci\u00f3n que indique horarios de funcionamiento."}, "geometry": {"type": "Point", "coordinates": [-78.650893, -1.664689]}}, {"type": "Feature", "properties": {"id": "c7c8610c-2cf6-4598-8e74-a12d5839ea4e", "nombre": "Consejo nacional para la igualdad de discapacidades /CONAGOPARE", "tipo": "Administraci\u00f3n P\u00fablica", "elemento": "Edificios administrativos gobierno central o provincial", "tipologia": "Cantonal", "gestion": "P\u00fablico", "estado": "Regular", "parroquia": "RIOBAMBA", "observaciones": "Dos centro de atenci\u00f3n p\u00fablica en un mismo edificio. Consejo nacional para la igualdad de discapacidades /CONAGOPARE"}, "geometry": {"type": "Point", "coordinates": [-78.66355, -1.657658]}}, {"type": "Feature", "properties": {"id": "aa575afa-4f85-4f2d-8f1f-642b2e518165", "nombre": "The Next Level", "tipo": "Educaci\u00f3n", "elemento": "Centros o institutos de capacitaci\u00f3n", "tipologia": "Zonal", "gestion": "Privado", "estado": "Bueno", "parroquia": "RIOBAMBA", "observaciones": "Centro de capacitaci\u00f3n en ingl\u00e9s"}, "geometry": {"type": "Point", "coordinates": [-78.66355, -1.657658]}}, {"type": "Feature", "properties": {"id": "47a4a5e6-35aa-4bd7-85f0-5550642a6588", "nombre": "Cendiamed", "tipo": "Salud", "elemento": "Hospital b\u00e1sico o cl\u00ednicas", "tipologia": "Zonal", "gestion": "Privado", "estado": "Bueno", "parroquia": "RIOBAMBA", "observaciones": "Hospital General Particular"}, "geometry": {"type": "Point", "coordinates": [-78.66355, -1.657658]}}, {"type": "Feature", "properties": {"id": "797ff93b-1a4a-43aa-8a12-40f412acdbc2", "nombre": "Di donato", "tipo": "Recreativo y Deporte", "elemento": "Canchas deportivas m\u00faltiples.", "tipologia": "Zonal", "gestion": "Privado", "estado": "Regular", "parroquia": "RIOBAMBA", "observaciones": "Complejo deportivo, sal\u00f3n de recepciones"}, "geometry": {"type": "Point", "coordinates": [-78.645525, -1.657658]}}, {"type": "Feature", "properties": {"id": "4b2cbb1d-2d26-4adb-8083-7eb9d4319d14", "nombre": "Centro de Control de Armas FF.AA", "tipo": "Seguridad", "elemento": "Cuarteles polic\u00edas o militares", "tipologia": "Cantonal", "gestion": "P\u00fablico", "estado": "Bueno", "parroquia": "RIOBAMBA", "observaciones": "Ubicaci\u00f3n residencial"}, "geometry": {"type": "Point", "coordinates": [-78.651412, -1.663884]}}, {"type": "Feature", "properties": {"id": "d56a3e44-dac1-4b78-8dcb-7d336db30049", "nombre": "Cendiamed", "tipo": "Salud", "elemento": "Hospital b\u00e1sico o cl\u00ednicas", "tipologia": "Zonal", "gestion": "P\u00fablico", "estado": "Bueno", "parroquia": "RIOBAMBA", "observaciones": "Cl\u00ednica General"}, "geometry": {"type": "Point", "coordinates": [-78.66355, -1.657658]}}, {"type": "Feature", "properties": {"id": "be996501-5057-4c15-8e27-6e66a9661c88", "nombre": "Julio Hiliberto Ramirez Fisioterapia y Quiropraxia", "tipo": "Salud", "elemento": "Hospital b\u00e1sico o cl\u00ednicas", "tipologia": "Zonal", "gestion": "P\u00fablico", "estado": "Bueno", "parroquia": "RIOBAMBA", "observaciones": "Tratamiento m\u00e9dico de uso alternativo"}, "geometry": {"type": "Point", "coordinates": [-78.66355, -1.657658]}}, {"type": "Feature", "properties": {"id": "7eaeba76-5742-4488-87c3-c51f8621224f", "nombre": "Impopet", "tipo": "Especial", "elemento": "Hospedaje para mascotas, adiestramiento o centro de rescate animal", "tipologia": "Zonal", "gestion": "Privado", "estado": "Bueno", "parroquia": "RIOBAMBA", "observaciones": "Centro de adiestramiento canino"}, "geometry": {"type": "Point", "coordinates": [-78.650669, -1.662987]}}, {"type": "Feature", "properties": {"id": "083ce465-7d1e-4281-8638-fe3a04bfd8c9", "nombre": "Mu\u00f1oz Alergias y Pediatr\u00eda// Laboratorio Cl\u00ednico", "tipo": "Salud", "elemento": "Hospital b\u00e1sico o cl\u00ednicas", "tipologia": "Zonal", "gestion": "Privado", "estado": "Bueno", "parroquia": "RIOBAMBA", "observaciones": "Cl\u00ednica de alergias y laboratorio"}, "geometry": {"type": "Point", "coordinates": [-78.657949, -1.664818]}}, {"type": "Feature", "properties": {"id": "de49c333-8949-4e9c-8518-d490e98b3e50", "nombre": "Cl\u00ednica Chimborazo", "tipo": "Salud", "elemento": "Hospital b\u00e1sico o cl\u00ednicas", "tipologia": "Zonal", "gestion": "Privado", "estado": "Bueno", "parroquia": "RIOBAMBA", "observaciones": "Cl\u00ednica General"}, "geometry": {"type": "Point", "coordinates": [-78.658087, -1.664627]}}, {"type": "Feature", "properties": {"id": "dc308669-a5f7-4f65-8ae2-ea035b55955f", "nombre": "Radio Medix", "tipo": "Salud", "elemento": "Hospital b\u00e1sico o cl\u00ednicas", "tipologia": "Zonal", "gestion": "Privado", "estado": "Bueno", "parroquia": "RIOBAMBA", "observaciones": "Radiograf\u00edas"}, "geometry": {"type": "Point", "coordinates": [-78.657927, -1.664914]}}, {"type": "Feature", "properties": {"id": "325dcb31-14a1-47ef-8c59-ba8b2b78acb9", "nombre": "San Blas", "tipo": "Educaci\u00f3n", "elemento": "Centros o institutos de capacitaci\u00f3n", "tipologia": "Zonal", "gestion": "Privado", "estado": "Bueno", "parroquia": "RIOBAMBA", "observaciones": "Escuela de m\u00fasicos"}, "geometry": {"type": "Point", "coordinates": [-78.658227, -1.664446]}}, {"type": "Feature", "properties": {"id": "178fb525-8fb1-4f52-84c4-72280e93da2e", "nombre": "CIVET", "tipo": "Especial", "elemento": "Hospitales veterinarios", "tipologia": "Zonal", "gestion": "Privado", "estado": "Bueno", "parroquia": "RIOBAMBA", "observaciones": "Consultorio veterinario"}, "geometry": {"type": "Point", "coordinates": [-78.651715, -1.662627]}}, {"type": "Feature", "properties": {"id": "604763c7-0326-4abf-85b9-5069961915d9", "nombre": "Parque los pinos", "tipo": "Recreativo y Deporte", "elemento": "Parque con gimnasio al aire libre", "tipologia": "Zonal", "gestion": "P\u00fablico", "estado": "Bueno", "parroquia": "RIOBAMBA", "observaciones": "Est\u00e1 en buen estado y funcional hace falta un poco de mantenimiento de \u00e1reas verdes, pintura de juegos de madera"}, "geometry": {"type": "Point", "coordinates": [-78.652964, -1.663179]}}, {"type": "Feature", "properties": {"id": "216cfdc3-ba9c-4c60-8678-f03291fe0e53", "nombre": "Parque las Dalias", "tipo": "Recreativo y Deporte", "elemento": "Parque con gimnasio al aire libre", "tipologia": "Zonal", "gestion": "P\u00fablico", "estado": "Regular", "parroquia": "RIOBAMBA", "observaciones": "Falta mantenimiento de \u00e1reas verdes, mantenimiento de juegos infantiles, revisi\u00f3n de luminarias"}, "geometry": {"type": "Point", "coordinates": [-78.658681, -1.65919]}}, {"type": "Feature", "properties": {"id": "4414b36c-b22d-4a59-86e9-4eccb90571c2", "nombre": "Sube y bajas Resbaladeras Cancha de futbol golumpios", "tipo": "Recreativo y Deporte", "elemento": "Canchas deportivas m\u00faltiples.", "tipologia": "Zonal", "gestion": "P\u00fablico", "estado": "Malo", "parroquia": "RIOBAMBA", "observaciones": "Cancha de futbol con mala hierbas juegos infantiles destruidos jardineras llenas de mala hierba"}, "geometry": {"type": "Point", "coordinates": [-78.662134, -1.657518]}}, {"type": "Feature", "properties": {"id": "107dca58-9526-4138-81cd-c91c4d92cca5", "nombre": "F'Esthetique Centro de Especialidades Medicas", "tipo": "Salud", "elemento": "Hospital b\u00e1sico o cl\u00ednicas", "tipologia": "Zonal", "gestion": "Privado", "estado": "Bueno", "parroquia": "RIOBAMBA", "observaciones": "Infraestructura privada frente al parque en buen estado de"}, "geometry": {"type": "Point", "coordinates": [-78.658252, -1.658697]}}, {"type": "Feature", "properties": {"id": "89fde9a8-2110-40be-8365-bf1affc4fc61", "nombre": "Gimnasio al aire libre cancha de futbol basket y bola con graderio", "tipo": "Recreativo y Deporte", "elemento": "Parque con gimnasio al aire libre", "tipologia": "Zonal", "gestion": "P\u00fablico", "estado": "Regular", "parroquia": "RIOBAMBA", "observaciones": "Arcos y aros en regular estado"}, "geometry": {"type": "Point", "coordinates": [-78.660863, -1.659174]}}, {"type": "Feature", "properties": {"id": "5a5e4a9e-ad70-43c4-824f-bf5bc858fa2d", "nombre": "Juegos infantiles canchas de futbol basket y boly casa barrial", "tipo": "Recreativo y Deporte", "elemento": "Canchas deportivas m\u00faltiples.", "tipologia": "Zonal", "gestion": "P\u00fablico", "estado": "Malo", "parroquia": "RIOBAMBA", "observaciones": "Juegos infantiles en mal estado aros rota arcos rotos grader\u00edo con maleza"}, "geometry": {"type": "Point", "coordinates": [-78.660616, -1.657561]}}, {"type": "Feature", "properties": {"id": "4df1b3e9-7084-4fb0-8ee7-9fa51f3f4f41", "nombre": "Sede social cond\u00f3minos chimborazo", "tipo": "Cultural", "elemento": "Casas comunales o barriales", "tipologia": "Barrial", "gestion": "P\u00fablico", "estado": "Bueno", "parroquia": "RIOBAMBA", "observaciones": "Tacho de basura da\u00f1ado \nFalta de mantenimiento \u00e1reas verdes"}, "geometry": {"type": "Point", "coordinates": [-78.658551, -1.65765]}}, {"type": "Feature", "properties": {"id": "f5ec18cb-b163-435b-8516-a295a264badf", "nombre": "Cond\u00f3minos chimborazo", "tipo": "Recreativo y Deporte", "elemento": "Canchas deportivas m\u00faltiples.", "tipologia": "Zonal", "gestion": "P\u00fablico", "estado": "Malo", "parroquia": "RIOBAMBA", "observaciones": "Falta de mantenimiento canchas parque y rea verde"}, "geometry": {"type": "Point", "coordinates": [-78.660001, -1.658912]}}, {"type": "Feature", "properties": {"id": "7b191aa5-6783-4038-8e14-96da13497357", "nombre": "Ministerio de desarrollo humano", "tipo": "Administraci\u00f3n P\u00fablica", "elemento": "Edificios administrativos gobierno central o provincial", "tipologia": "Cantonal", "gestion": "P\u00fablico", "estado": "Bueno", "parroquia": "RIOBAMBA", "observaciones": ""}, "geometry": {"type": "Point", "coordinates": [-78.659675, -1.658147]}}, {"type": "Feature", "properties": {"id": "7f3b58ff-643e-41b9-8580-ccc6dd940e75", "nombre": "Spa Aguas Andinas- Quindeloma", "tipo": "Recreativo y Deporte", "elemento": "Piscinas", "tipologia": "Zonal", "gestion": "Privado", "estado": "Bueno", "parroquia": "RIOBAMBA", "observaciones": ""}, "geometry": {"type": "Point", "coordinates": [-78.656304, -1.662669]}}, {"type": "Feature", "properties": {"id": "d78dfdc0-2557-4ebf-8e2c-3ef129659c5e", "nombre": "Plaza Imperia", "tipo": "Cultural", "elemento": "Plazas o plazoletas,", "tipologia": "Zonal", "gestion": "Privado", "estado": "Regular", "parroquia": "RIOBAMBA", "observaciones": "En construcci\u00f3n"}, "geometry": {"type": "Point", "coordinates": [-78.654157, -1.66438]}}, {"type": "Feature", "properties": {"id": "31ec7a7f-34ec-4f33-83d0-1bc778f3167d", "nombre": "La casa de las rosas", "tipo": "Cultural", "elemento": "Casas comunales o barriales", "tipologia": "Barrial", "gestion": "Privado", "estado": "Bueno", "parroquia": "RIOBAMBA", "observaciones": ""}, "geometry": {"type": "Point", "coordinates": [-78.656136, -1.662669]}}, {"type": "Feature", "properties": {"id": "6d11b9ff-1561-4c41-87fb-b532f0da88b0", "nombre": "Centro diurno de atencion integral para personas con discapacidad intelectual", "tipo": "Educaci\u00f3n", "elemento": "Centros o institutos de capacitaci\u00f3n", "tipologia": "Zonal", "gestion": "P\u00fablico", "estado": "Regular", "parroquia": "RIOBAMBA", "observaciones": ""}, "geometry": {"type": "Point", "coordinates": [-78.657772, -1.656335]}}, {"type": "Feature", "properties": {"id": "941308a9-a504-4c18-8563-aca79ac62851", "nombre": "Parque", "tipo": "Recreativo y Deporte", "elemento": "Canchas deportivas m\u00faltiples.", "tipologia": "Zonal", "gestion": "P\u00fablico", "estado": "Malo", "parroquia": "RIOBAMBA", "observaciones": "Parque en mal estado no cuenta con poda de c\u00e9sped"}, "geometry": {"type": "Point", "coordinates": [-78.65996, -1.659043]}}, {"type": "Feature", "properties": {"id": "ee442639-0d1a-4b72-8c59-bf42c96555ff", "nombre": "Ministerio de Desarrollo Humano", "tipo": "Bienestar Social", "elemento": "Casas de acogida, centros de formaci\u00f3n juvenil y familiar, orfanatos, asilos,", "tipologia": "Zonal", "gestion": "P\u00fablico", "estado": "Bueno", "parroquia": "RIOBAMBA", "observaciones": ""}, "geometry": {"type": "Point", "coordinates": [-78.659933, -1.65843]}}, {"type": "Feature", "properties": {"id": "19deb2eb-256a-4bcd-858c-52ba0a48f850", "nombre": "Sede social de condominios Chimborazo", "tipo": "Educaci\u00f3n", "elemento": "Centros o institutos de capacitaci\u00f3n", "tipologia": "Zonal", "gestion": "P\u00fablico", "estado": "Regular", "parroquia": "RIOBAMBA", "observaciones": ""}, "geometry": {"type": "Point", "coordinates": [-78.659933, -1.65843]}}, {"type": "Feature", "properties": {"id": "979d8ba6-6a63-4b49-8eb9-443b591c6f2b", "nombre": "Escuela de conducci\u00f3n Driveland", "tipo": "Educaci\u00f3n", "elemento": "Centros o institutos de capacitaci\u00f3n", "tipologia": "Zonal", "gestion": "Privado", "estado": "Bueno", "parroquia": "RIOBAMBA", "observaciones": ""}, "geometry": {"type": "Point", "coordinates": [-78.657166, -1.658543]}}, {"type": "Feature", "properties": {"id": "521de9f9-5ad9-4e4c-88cc-a10d95a656e8", "nombre": "Parque", "tipo": "Recreativo y Deporte", "elemento": "Canchas deportivas m\u00faltiples.", "tipologia": "Zonal", "gestion": "P\u00fablico", "estado": "Regular", "parroquia": "RIOBAMBA", "observaciones": ""}, "geometry": {"type": "Point", "coordinates": [-78.65738, -1.658469]}}, {"type": "Feature", "properties": {"id": "686e5c0b-a965-4777-8869-0cd825803eb0", "nombre": "Parque los Pinos", "tipo": "Recreativo y Deporte", "elemento": "Canchas deportivas m\u00faltiples.", "tipologia": "Zonal", "gestion": "P\u00fablico", "estado": "Bueno", "parroquia": "RIOBAMBA", "observaciones": ""}, "geometry": {"type": "Point", "coordinates": [-78.6576, -1.660227]}}, {"type": "Feature", "properties": {"id": "46520e2c-a334-4ac1-83f5-0e5d3f3b687e", "nombre": "Centro de desarrollo infantil Francisco Chiriboga", "tipo": "Bienestar Social", "elemento": "Centros infantiles, guarder\u00edas o wawatecas", "tipologia": "Barrial", "gestion": "P\u00fablico", "estado": "Bueno", "parroquia": "RIOBAMBA", "observaciones": ""}, "geometry": {"type": "Point", "coordinates": [-78.656833, -1.661976]}}, {"type": "Feature", "properties": {"id": "f1b14775-aa52-420d-82e0-73b1c3a5bd2b", "nombre": "Salesianos", "tipo": "Educaci\u00f3n", "elemento": "Unidades educativas (niveles b\u00e1sico y bachillerato)", "tipologia": "Zonal", "gestion": "Privado", "estado": "Bueno", "parroquia": "RIOBAMBA", "observaciones": ""}, "geometry": {"type": "Point", "coordinates": [-78.656493, -1.662398]}}, {"type": "Feature", "properties": {"id": "d7c37f4b-8dc1-4f88-8eca-3935fe14274d", "nombre": "Jard\u00edn los pinos", "tipo": "Recreativo y Deporte", "elemento": "Jard\u00edn bot\u00e1nico", "tipologia": "Cantonal", "gestion": "P\u00fablico", "estado": "Bueno", "parroquia": "RIOBAMBA", "observaciones": ""}, "geometry": {"type": "Point", "coordinates": [-78.656179, -1.660059]}}, {"type": "Feature", "properties": {"id": "16a1b13e-7fb7-416b-8ba3-1a5ffe18fa0a", "nombre": "Jard\u00edn Bot\u00e1nico", "tipo": "Recreativo y Deporte", "elemento": "Jard\u00edn bot\u00e1nico", "tipologia": "Cantonal", "gestion": "P\u00fablico", "estado": "Bueno", "parroquia": "RIOBAMBA", "observaciones": ""}, "geometry": {"type": "Point", "coordinates": [-78.656899, -1.659728]}}, {"type": "Feature", "properties": {"id": "c7061cb4-680b-4cbb-8762-8168a2b0207a", "nombre": "Bienes acompa\u00f1amiento familiar ministerio de Desarrollo Humano", "tipo": "Bienestar Social", "elemento": "Casas de acogida, centros de formaci\u00f3n juvenil y familiar, orfanatos, asilos,", "tipologia": "Zonal", "gestion": "P\u00fablico", "estado": "Regular", "parroquia": "RIOBAMBA", "observaciones": ""}, "geometry": {"type": "Point", "coordinates": [-78.657207, -1.659295]}}, {"type": "Feature", "properties": {"id": "afc8d453-15e0-4ecf-80c4-2a25f616de79", "nombre": "Parque", "tipo": "Recreativo y Deporte", "elemento": "Parques infantiles con jardines sin canchas", "tipologia": "Barrial", "gestion": "P\u00fablico", "estado": "Malo", "parroquia": "RIOBAMBA", "observaciones": ""}, "geometry": {"type": "Point", "coordinates": [-78.658894, -1.662863]}}, {"type": "Feature", "properties": {"id": "57d22f0b-c791-4398-8c0d-a315810bdb21", "nombre": "S/N", "tipo": "Recreativo y Deporte", "elemento": "Canchas de v\u00f3ley", "tipologia": "Zonal", "gestion": "Privado", "estado": "Regular", "parroquia": "RIOBAMBA", "observaciones": "Se re\u00fanen cada semana para realizar su actividad deportiva"}, "geometry": {"type": "Point", "coordinates": [-78.652328, -1.665524]}}, {"type": "Feature", "properties": {"id": "f3f209ac-a669-4349-8e91-357032e617dc", "nombre": "Centro de formaci\u00f3n de peluquer\u00eda y belleza de Chimborazo", "tipo": "Educaci\u00f3n", "elemento": "Centros o institutos de capacitaci\u00f3n", "tipologia": "Zonal", "gestion": "P\u00fablico", "estado": "Regular", "parroquia": "RIOBAMBA", "observaciones": "No se registra actividad al momento"}, "geometry": {"type": "Point", "coordinates": [-78.651644, -1.664254]}}, {"type": "Feature", "properties": {"id": "d64ddac1-03e0-4afe-8bbd-74a427688de3", "nombre": "Parque", "tipo": "Recreativo y Deporte", "elemento": "Parques infantiles con jardines sin canchas", "tipologia": "Barrial", "gestion": "P\u00fablico", "estado": "Bueno", "parroquia": "RIOBAMBA", "observaciones": ""}, "geometry": {"type": "Point", "coordinates": [-78.649983, -1.663037]}}, {"type": "Feature", "properties": {"id": "9b58f324-f0c7-4d38-820c-af81b3ba8753", "nombre": "Parque sin nombre", "tipo": "Recreativo y Deporte", "elemento": "Canchas deportivas m\u00faltiples.", "tipologia": "Zonal", "gestion": "P\u00fablico", "estado": "Malo", "parroquia": "RIOBAMBA", "observaciones": ""}, "geometry": {"type": "Point", "coordinates": [-78.648645, -1.661502]}}, {"type": "Feature", "properties": {"id": "bbf40ade-4d1b-46e9-8276-137c95069b1e", "nombre": "UE combatientes de tapi", "tipo": "Educaci\u00f3n", "elemento": "Colegios secundarios", "tipologia": "Zonal", "gestion": "Privado", "estado": "Bueno", "parroquia": "RIOBAMBA", "observaciones": ""}, "geometry": {"type": "Point", "coordinates": [-78.649518, -1.662777]}}, {"type": "Feature", "properties": {"id": "72091117-976c-45fa-89f0-8a282faad7a5", "nombre": "Hospital militar", "tipo": "Salud", "elemento": "Hospital b\u00e1sico o cl\u00ednicas", "tipologia": "Zonal", "gestion": "Privado", "estado": "Bueno", "parroquia": "RIOBAMBA", "observaciones": ""}, "geometry": {"type": "Point", "coordinates": [-78.652955, -1.660098]}}, {"type": "Feature", "properties": {"id": "7e092d61-e909-4aff-81ac-abaaa5b84241", "nombre": "Calles. Los Rios y carchi", "tipo": "Recreativo y Deporte", "elemento": "Canchas deportivas m\u00faltiples.", "tipologia": "Zonal", "gestion": "P\u00fablico", "estado": "Regular", "parroquia": "RIOBAMBA", "observaciones": "Falta de poda de arboles pintado de cancha"}, "geometry": {"type": "Point", "coordinates": [-78.6797, -1.64212]}}, {"type": "Feature", "properties": {"id": "b476909d-1124-4cd4-8dc9-d741ce51ede9", "nombre": "Parada de bus", "tipo": "Transporte", "elemento": "Parada de transporte p\u00fablico, buses", "tipologia": "Zonal", "gestion": "P\u00fablico", "estado": "Bueno", "parroquia": "RIOBAMBA", "observaciones": ""}, "geometry": {"type": "Point", "coordinates": [-78.649786, -1.666943]}}, {"type": "Feature", "properties": {"id": "304feafa-1a46-4277-8776-2a3e6245e995", "nombre": "Parada de bus", "tipo": "Transporte", "elemento": "Parada de transporte p\u00fablico, buses", "tipologia": "Zonal", "gestion": "P\u00fablico", "estado": "Bueno", "parroquia": "RIOBAMBA", "observaciones": ""}, "geometry": {"type": "Point", "coordinates": [-78.648104, -1.665478]}}, {"type": "Feature", "properties": {"id": "439b4878-f66c-4338-8ed0-7b9ba66c7466", "nombre": "Parada de taxis", "tipo": "Transporte", "elemento": "Parada de taxis", "tipologia": "Zonal", "gestion": "Privado", "estado": "Regular", "parroquia": "RIOBAMBA", "observaciones": ""}, "geometry": {"type": "Point", "coordinates": [-78.64572, -1.671593]}}, {"type": "Feature", "properties": {"id": "2c4a51f2-d08b-4958-8a08-f20f65128613", "nombre": "Parada de taxi", "tipo": "Transporte", "elemento": "Parada de taxis", "tipologia": "Zonal", "gestion": "Privado", "estado": "Bueno", "parroquia": "RIOBAMBA", "observaciones": ""}, "geometry": {"type": "Point", "coordinates": [-78.646168, -1.671195]}}, {"type": "Feature", "properties": {"id": "364c7d2a-4231-4408-8a07-840c455dcf23", "nombre": "Parada de taxis", "tipo": "Transporte", "elemento": "Parada de taxis", "tipologia": "Zonal", "gestion": "Privado", "estado": "Bueno", "parroquia": "RIOBAMBA", "observaciones": ""}, "geometry": {"type": "Point", "coordinates": [-78.648603, -1.669058]}}, {"type": "Feature", "properties": {"id": "2d907ffb-bb63-4826-bb51-fe7cd0d9ba83", "nombre": "UE JUAN DE VELAZCO", "tipo": "Educaci\u00f3n", "elemento": "Unidades educativas (niveles b\u00e1sico y bachillerato)", "tipologia": "Zonal", "gestion": "P\u00fablico", "estado": "Bueno", "parroquia": "RIOBAMBA", "observaciones": ""}, "geometry": {"type": "Point", "coordinates": [-78.638961, -1.667107]}}, {"type": "Feature", "properties": {"id": "ec3e0d07-5131-4ddd-9934-50df12732bb1", "nombre": "UPC SAN ALFONSO", "tipo": "Seguridad", "elemento": "Cuarteles polic\u00edas o militares", "tipologia": "Cantonal", "gestion": "P\u00fablico", "estado": "Regular", "parroquia": "RIOBAMBA", "observaciones": ""}, "geometry": {"type": "Point", "coordinates": [-78.638384, -1.67444]}}, {"type": "Feature", "properties": {"id": "b7e3fab1-cae5-4d87-ad49-6815c9f50da6", "nombre": "Parque de la Madre", "tipo": "Recreativo y Deporte", "elemento": "Parques infantiles con jardines sin canchas", "tipologia": "Barrial", "gestion": "P\u00fablico", "estado": "Bueno", "parroquia": "RIOBAMBA", "observaciones": ""}, "geometry": {"type": "Point", "coordinates": [-78.63843, -1.674429]}}, {"type": "Feature", "properties": {"id": "9a3bcbd6-f94b-4fbc-bd1a-a54a2281cd06", "nombre": "Parque de los adolescentes", "tipo": "Recreativo y Deporte", "elemento": "Canchas deportivas m\u00faltiples.", "tipologia": "Zonal", "gestion": "P\u00fablico", "estado": "Bueno", "parroquia": "RIOBAMBA", "observaciones": ""}, "geometry": {"type": "Point", "coordinates": [-78.638296, -1.674284]}}, {"type": "Feature", "properties": {"id": "d130bfd9-1863-45f4-b64c-cb24d289d81a", "nombre": "UE SAN MATEO", "tipo": "Educaci\u00f3n", "elemento": "Unidades educativas (niveles b\u00e1sico y bachillerato)", "tipologia": "Zonal", "gestion": "Privado", "estado": "Bueno", "parroquia": "RIOBAMBA", "observaciones": ""}, "geometry": {"type": "Point", "coordinates": [-78.63718, -1.673143]}}, {"type": "Feature", "properties": {"id": "68fbc0f1-2b42-4e69-b8d3-974d8e8a0889", "nombre": "Coliseo de gallos san Pedro de Riobamba", "tipo": "Cultural", "elemento": "Centros de convenciones y exposiciones", "tipologia": "Zonal", "gestion": "Privado", "estado": "Regular", "parroquia": "RIOBAMBA", "observaciones": ""}, "geometry": {"type": "Point", "coordinates": [-78.641237, -1.669468]}}, {"type": "Feature", "properties": {"id": "4df55f37-385b-446d-8b61-1fa6b2c73e2a", "nombre": "Parque de los juegos tradicionales", "tipo": "Recreativo y Deporte", "elemento": "Canchas deportivas m\u00faltiples.", "tipologia": "Zonal", "gestion": "P\u00fablico", "estado": "Bueno", "parroquia": "RIOBAMBA", "observaciones": ""}, "geometry": {"type": "Point", "coordinates": [-78.638208, -1.677866]}}, {"type": "Feature", "properties": {"id": "b9f1a323-6a3c-44fb-822d-2f8097791638", "nombre": "UE CARLOS CISNEROS", "tipo": "Educaci\u00f3n", "elemento": "Unidades educativas (niveles b\u00e1sico y bachillerato)", "tipologia": "Zonal", "gestion": "P\u00fablico", "estado": "Bueno", "parroquia": "RIOBAMBA", "observaciones": ""}, "geometry": {"type": "Point", "coordinates": [-78.636043, -1.675168]}}, {"type": "Feature", "properties": {"id": "94da09bd-c840-4fef-b91b-775c87025a4d", "nombre": "Parada de bus UE CISNEROS", "tipo": "Transporte", "elemento": "Parada de transporte p\u00fablico, buses", "tipologia": "Zonal", "gestion": "P\u00fablico", "estado": "Malo", "parroquia": "RIOBAMBA", "observaciones": ""}, "geometry": {"type": "Point", "coordinates": [-78.636041, -1.675178]}}, {"type": "Feature", "properties": {"id": "47a01752-970b-4d10-9b77-e8df5226ff54", "nombre": "Complejo Santa Marianita", "tipo": "Recreativo y Deporte", "elemento": "Canchas deportivas m\u00faltiples.", "tipologia": "Zonal", "gestion": "P\u00fablico", "estado": "Regular", "parroquia": "RIOBAMBA", "observaciones": "No tiene identificaci\u00f3n"}, "geometry": {"type": "Point", "coordinates": [-78.644391, -1.672621]}}, {"type": "Feature", "properties": {"id": "5495ed14-2496-42ea-8213-4624f458c0d4", "nombre": "Canchas depotivas Camio Ponce", "tipo": "Recreativo y Deporte", "elemento": "Canchas deportivas m\u00faltiples.", "tipologia": "Zonal", "gestion": "P\u00fablico", "estado": "Regular", "parroquia": "RIOBAMBA", "observaciones": ""}, "geometry": {"type": "Point", "coordinates": [-78.63809, -1.663458]}}, {"type": "Feature", "properties": {"id": "378d193b-6a87-47a6-8d46-86745290e532", "nombre": "Cooperativa de taxis 5 de junio", "tipo": "Transporte", "elemento": "Parada de taxis", "tipologia": "Zonal", "gestion": "Privado", "estado": "Bueno", "parroquia": "RIOBAMBA", "observaciones": ""}, "geometry": {"type": "Point", "coordinates": [-78.644266, -1.672733]}}, {"type": "Feature", "properties": {"id": "777f4f12-f7a5-40a5-82d8-89a3e1281591", "nombre": "Santuario Mercedes de Jes\u00fas", "tipo": "Religioso", "elemento": "Iglesias hasta 500 puestos", "tipologia": "Zonal", "gestion": "P\u00fablico", "estado": "Bueno", "parroquia": "RIOBAMBA", "observaciones": ""}, "geometry": {"type": "Point", "coordinates": [-78.644407, -1.672614]}}, {"type": "Feature", "properties": {"id": "0a3afc0a-b70d-45ee-987a-06b43fbdabd7", "nombre": "ISUT CARLOS CISNEROS", "tipo": "Educaci\u00f3n", "elemento": "Centros e institutos tecnol\u00f3gicos superiores", "tipologia": "Cantonal", "gestion": "P\u00fablico", "estado": "Regular", "parroquia": "RIOBAMBA", "observaciones": ""}, "geometry": {"type": "Point", "coordinates": [-78.63643, -1.677859]}}, {"type": "Feature", "properties": {"id": "fd56b82a-f72e-47eb-b036-2536a6c1917b", "nombre": "Baron de Carondelt", "tipo": "Transporte", "elemento": "Parada de taxis", "tipologia": "Zonal", "gestion": "P\u00fablico", "estado": "Regular", "parroquia": "RIOBAMBA", "observaciones": ""}, "geometry": {"type": "Point", "coordinates": [-78.638521, -1.678217]}}, {"type": "Feature", "properties": {"id": "72a06cd9-34aa-4b8f-9e86-8fe31c39819e", "nombre": "R\u00edo medical", "tipo": "Salud", "elemento": "Hospital b\u00e1sico o cl\u00ednicas", "tipologia": "Zonal", "gestion": "Privado", "estado": "Bueno", "parroquia": "RIOBAMBA", "observaciones": ""}, "geometry": {"type": "Point", "coordinates": [-78.644417, -1.672601]}}, {"type": "Feature", "properties": {"id": "d783e82f-0ac0-4975-b252-38b047c8a6a2", "nombre": "UE LICEO POLICIAL", "tipo": "Educaci\u00f3n", "elemento": "Unidades educativas (niveles b\u00e1sico y bachillerato)", "tipologia": "Zonal", "gestion": "Privado", "estado": "Bueno", "parroquia": "RIOBAMBA", "observaciones": ""}, "geometry": {"type": "Point", "coordinates": [-78.638687, -1.678449]}}, {"type": "Feature", "properties": {"id": "7fe1705f-2210-4fea-afb8-7789e51d3d10", "nombre": "Unidad Educativa Dr Alfonso Villagomez", "tipo": "Educaci\u00f3n", "elemento": "Establecimientos de educaci\u00f3n inicial", "tipologia": "Barrial", "gestion": "P\u00fablico", "estado": "Regular", "parroquia": "RIOBAMBA", "observaciones": ""}, "geometry": {"type": "Point", "coordinates": [-78.638112, -1.66346]}}, {"type": "Feature", "properties": {"id": "f85b47cb-4f3a-48a0-b224-c1daa45a1507", "nombre": "UPC Camilo Ponce", "tipo": "Seguridad", "elemento": "Unidad de vigilancia de polic\u00eda (UPC)", "tipologia": "Zonal", "gestion": "P\u00fablico", "estado": "Regular", "parroquia": "RIOBAMBA", "observaciones": ""}, "geometry": {"type": "Point", "coordinates": [-78.637855, -1.663578]}}, {"type": "Feature", "properties": {"id": "bb9e0f18-58c8-4f75-b38e-e2a372d4b3c0", "nombre": "SN", "tipo": "Recreativo y Deporte", "elemento": "Parque con gimnasio al aire libre", "tipologia": "Zonal", "gestion": "P\u00fablico", "estado": "Bueno", "parroquia": "RIOBAMBA", "observaciones": ""}, "geometry": {"type": "Point", "coordinates": [-78.638714, -1.6768]}}, {"type": "Feature", "properties": {"id": "b0c4b189-5abe-493a-aef7-3a922d00a4c9", "nombre": "Villamaria", "tipo": "Recreativo y Deporte", "elemento": "Canchas deportivas m\u00faltiples.", "tipologia": "Zonal", "gestion": "P\u00fablico", "estado": "Bueno", "parroquia": "RIOBAMBA", "observaciones": ""}, "geometry": {"type": "Point", "coordinates": [-78.644565, -1.674953]}}, {"type": "Feature", "properties": {"id": "d337ab05-c06c-4ef1-b6d1-f4224369890f", "nombre": "Hospital Jerusalen", "tipo": "Salud", "elemento": "Hospital b\u00e1sico o cl\u00ednicas", "tipologia": "Zonal", "gestion": "Privado", "estado": "Bueno", "parroquia": "RIOBAMBA", "observaciones": ""}, "geometry": {"type": "Point", "coordinates": [-78.643708, -1.676143]}}, {"type": "Feature", "properties": {"id": "68f98bf5-6a4e-4e22-9aed-4d8a2f333e51", "nombre": "Nova visi\u00f3n", "tipo": "Salud", "elemento": "Hospital b\u00e1sico o cl\u00ednicas", "tipologia": "Zonal", "gestion": "Privado", "estado": "Bueno", "parroquia": "RIOBAMBA", "observaciones": ""}, "geometry": {"type": "Point", "coordinates": [-78.644097, -1.675831]}}, {"type": "Feature", "properties": {"id": "86cc4448-bb77-40b9-a768-fdb43db599fc", "nombre": "R\u00edo Luz therapy", "tipo": "Salud", "elemento": "Centros de rehabilitaci\u00f3n f\u00edsica integral", "tipologia": "Zonal", "gestion": "Privado", "estado": "Bueno", "parroquia": "RIOBAMBA", "observaciones": ""}, "geometry": {"type": "Point", "coordinates": [-78.644027, -1.675918]}}, {"type": "Feature", "properties": {"id": "25407f7c-3670-416f-b03b-ccd146176022", "nombre": "Hospital Jerusal\u00e9n", "tipo": "Salud", "elemento": "Hospital b\u00e1sico o cl\u00ednicas", "tipologia": "Zonal", "gestion": "Privado", "estado": "Bueno", "parroquia": "RIOBAMBA", "observaciones": ""}, "geometry": {"type": "Point", "coordinates": [-78.64368, -1.675902]}}, {"type": "Feature", "properties": {"id": "8211c897-9e1d-4157-8647-763983be1cbb", "nombre": "S/n", "tipo": "Recreativo y Deporte", "elemento": "Canchas de v\u00f3ley", "tipologia": "Zonal", "gestion": "Privado", "estado": "Malo", "parroquia": "RIOBAMBA", "observaciones": ""}, "geometry": {"type": "Point", "coordinates": [-78.643096, -1.676731]}}, {"type": "Feature", "properties": {"id": "c8661a6a-e7a0-4e43-ac31-761002652b5f", "nombre": "Parada de taxis Rutas De Chimborazo", "tipo": "Transporte", "elemento": "Parada de taxis", "tipologia": "Zonal", "gestion": "P\u00fablico", "estado": "Regular", "parroquia": "RIOBAMBA", "observaciones": ""}, "geometry": {"type": "Point", "coordinates": [-78.637855, -1.663578]}}, {"type": "Feature", "properties": {"id": "2b7937f2-d542-4bc6-a7c9-0ca515838b4a", "nombre": "Canchas Texas", "tipo": "Recreativo y Deporte", "elemento": "Canchas de v\u00f3ley", "tipologia": "Zonal", "gestion": "Privado", "estado": "Regular", "parroquia": "RIOBAMBA", "observaciones": ""}, "geometry": {"type": "Point", "coordinates": [-78.63669, -1.662387]}}, {"type": "Feature", "properties": {"id": "9ba62c77-6c6b-4e0f-aacd-3d64a199777d", "nombre": "Cancha deportiva voley", "tipo": "Recreativo y Deporte", "elemento": "Canchas de v\u00f3ley", "tipologia": "Zonal", "gestion": "Privado", "estado": "Malo", "parroquia": "RIOBAMBA", "observaciones": ""}, "geometry": {"type": "Point", "coordinates": [-78.63617, -1.661692]}}, {"type": "Feature", "properties": {"id": "af9b6f3b-35d8-43e4-a775-c1da3be6342e", "nombre": "Academia formativa de futbol \"San Diego\"", "tipo": "Recreativo y Deporte", "elemento": "Canchas deportivas m\u00faltiples.", "tipologia": "Zonal", "gestion": "Privado", "estado": "Bueno", "parroquia": "RIOBAMBA", "observaciones": ""}, "geometry": {"type": "Point", "coordinates": [-78.635193, -1.660132]}}, {"type": "Feature", "properties": {"id": "5307097e-11f0-4b76-b04c-7904bcb948b4", "nombre": "Canchas deportivas Los Huevitos", "tipo": "Recreativo y Deporte", "elemento": "Canchas de v\u00f3ley", "tipologia": "Zonal", "gestion": "Privado", "estado": "Regular", "parroquia": "RIOBAMBA", "observaciones": ""}, "geometry": {"type": "Point", "coordinates": [-78.633733, -1.660168]}}, {"type": "Feature", "properties": {"id": "40e881b1-853f-44c6-8658-98e28f278ae7", "nombre": "Instituto de Cultura Psicofisica", "tipo": "Bienestar Social", "elemento": "Casas de acogida, centros de formaci\u00f3n juvenil y familiar, orfanatos, asilos,", "tipologia": "Zonal", "gestion": "Privado", "estado": "Regular", "parroquia": "RIOBAMBA", "observaciones": ""}, "geometry": {"type": "Point", "coordinates": [-78.633733, -1.660168]}}, {"type": "Feature", "properties": {"id": "576a31ba-7705-4a07-be7e-1b5ae8da5e21", "nombre": "Canchas deportivas Barrio Oriental", "tipo": "Recreativo y Deporte", "elemento": "Canchas deportivas m\u00faltiples.", "tipologia": "Zonal", "gestion": "P\u00fablico", "estado": "Bueno", "parroquia": "RIOBAMBA", "observaciones": ""}, "geometry": {"type": "Point", "coordinates": [-78.637917, -1.664493]}}, {"type": "Feature", "properties": {"id": "aaadc0af-8810-42d3-af0d-b169763bc2c6", "nombre": "Empresa P\u00fablica de Movilidad Rutas de Riobamba", "tipo": "Administraci\u00f3n P\u00fablica", "elemento": "Edificios administrativos gobierno central o provincial", "tipologia": "Cantonal", "gestion": "P\u00fablico", "estado": "Regular", "parroquia": "RIOBAMBA", "observaciones": ""}, "geometry": {"type": "Point", "coordinates": [-78.638732, -1.666663]}}, {"type": "Feature", "properties": {"id": "20e4ecfa-db2a-42f8-985b-a42b2b7d4d1e", "nombre": "Parque Nuevo Mundo", "tipo": "Recreativo y Deporte", "elemento": "Canchas deportivas m\u00faltiples.", "tipologia": "Zonal", "gestion": "P\u00fablico", "estado": "Regular", "parroquia": "RIOBAMBA", "observaciones": ""}, "geometry": {"type": "Point", "coordinates": [-78.638492, -1.667745]}}, {"type": "Feature", "properties": {"id": "68ee5357-2411-426b-8d37-82f8466332ab", "nombre": "Parada de taxis Arco de Bellavista", "tipo": "Transporte", "elemento": "Parada de taxis", "tipologia": "Zonal", "gestion": "P\u00fablico", "estado": "Regular", "parroquia": "RIOBAMBA", "observaciones": ""}, "geometry": {"type": "Point", "coordinates": [-78.639385, -1.669207]}}, {"type": "Feature", "properties": {"id": "03c1833b-2d0b-4653-ac60-5623dfdfe77b", "nombre": "Parque Alegria de Esperanza", "tipo": "Recreativo y Deporte", "elemento": "Canchas deportivas m\u00faltiples.", "tipologia": "Zonal", "gestion": "P\u00fablico", "estado": "Regular", "parroquia": "RIOBAMBA", "observaciones": ""}, "geometry": {"type": "Point", "coordinates": [-78.639767, -1.665592]}}, {"type": "Feature", "properties": {"id": "1b79ffd4-ba62-4675-9201-0e027f9fe3ea", "nombre": "Casa quemada", "tipo": "Cultural", "elemento": "Plazas o plazoletas,", "tipologia": "Zonal", "gestion": "Privado", "estado": "Regular", "parroquia": "RIOBAMBA", "observaciones": ""}, "geometry": {"type": "Point", "coordinates": [-78.6433, -1.675845]}}, {"type": "Feature", "properties": {"id": "f5d04d62-fe0a-4d04-8240-90dffb8cdc87", "nombre": "Jardin de Infantes Luisa Falconi", "tipo": "Educaci\u00f3n", "elemento": "Establecimientos de educaci\u00f3n inicial", "tipologia": "Barrial", "gestion": "P\u00fablico", "estado": "Regular", "parroquia": "RIOBAMBA", "observaciones": ""}, "geometry": {"type": "Point", "coordinates": [-78.64329, -1.675703]}}, {"type": "Feature", "properties": {"id": "a17a495b-29fd-4e0f-a63b-183e62a32ea2", "nombre": "Casa Quemada", "tipo": "Cultural", "elemento": "Casas comunales o barriales", "tipologia": "Barrial", "gestion": "Privado", "estado": "Malo", "parroquia": "RIOBAMBA", "observaciones": ""}, "geometry": {"type": "Point", "coordinates": [-78.642849, -1.675949]}}, {"type": "Feature", "properties": {"id": "837cd72f-8788-4c96-bf76-48d8b170d1db", "nombre": "UE Juan de Velasco", "tipo": "Educaci\u00f3n", "elemento": "Unidades educativas (niveles b\u00e1sico y bachillerato)", "tipologia": "Zonal", "gestion": "P\u00fablico", "estado": "Bueno", "parroquia": "RIOBAMBA", "observaciones": ""}, "geometry": {"type": "Point", "coordinates": [-78.637718, -1.672449]}}, {"type": "Feature", "properties": {"id": "cc972da5-bdf9-4f75-b0c0-bc2539364f26", "nombre": "Parada Bus", "tipo": "Transporte", "elemento": "Parada de transporte p\u00fablico, buses", "tipologia": "Zonal", "gestion": "P\u00fablico", "estado": "Bueno", "parroquia": "RIOBAMBA", "observaciones": ""}, "geometry": {"type": "Point", "coordinates": [-78.637933, -1.672416]}}, {"type": "Feature", "properties": {"id": "384268bb-551b-46fe-b944-fd5be6410a09", "nombre": "Parada Bus", "tipo": "Transporte", "elemento": "Parada de transporte p\u00fablico, buses", "tipologia": "Zonal", "gestion": "P\u00fablico", "estado": "Bueno", "parroquia": "RIOBAMBA", "observaciones": ""}, "geometry": {"type": "Point", "coordinates": [-78.640135, -1.671291]}}, {"type": "Feature", "properties": {"id": "261adf45-5d7b-4807-900e-8d6dd5d00928", "nombre": "Canchas de Voley", "tipo": "Recreativo y Deporte", "elemento": "Canchas de v\u00f3ley", "tipologia": "Zonal", "gestion": "Privado", "estado": "Regular", "parroquia": "RIOBAMBA", "observaciones": ""}, "geometry": {"type": "Point", "coordinates": [-78.6419, -1.668302]}}, {"type": "Feature", "properties": {"id": "8f3033fc-adf8-4a77-95a8-d026eb92695d", "nombre": "CDI Dolores Veitimilla", "tipo": "Bienestar Social", "elemento": "CDI", "tipologia": "Zonal", "gestion": "P\u00fablico", "estado": "Bueno", "parroquia": "RIOBAMBA", "observaciones": ""}, "geometry": {"type": "Point", "coordinates": [-78.638084, -1.669571]}}, {"type": "Feature", "properties": {"id": "7bbf9012-890a-4e1c-8c2b-5702cc456c23", "nombre": "Iglesia Modesto Arrieta", "tipo": "Religioso", "elemento": "Iglesias hasta 200 puestos", "tipologia": "Barrial", "gestion": "Privado", "estado": "Bueno", "parroquia": "RIOBAMBA", "observaciones": ""}, "geometry": {"type": "Point", "coordinates": [-78.636241, -1.668487]}}, {"type": "Feature", "properties": {"id": "0d30a198-fcdc-4287-abea-bc8ad2d93637", "nombre": "Parque Modesto Arrieta", "tipo": "Recreativo y Deporte", "elemento": "Parque con gimnasio al aire libre", "tipologia": "Zonal", "gestion": "P\u00fablico", "estado": "Regular", "parroquia": "RIOBAMBA", "observaciones": ""}, "geometry": {"type": "Point", "coordinates": [-78.635949, -1.668367]}}, {"type": "Feature", "properties": {"id": "8b93bf71-c187-4039-9aad-db94126f9b15", "nombre": "Parque Luis A. Martinez", "tipo": "Recreativo y Deporte", "elemento": "Parques de diversi\u00f3n, parques de atracciones estables", "tipologia": "Cantonal", "gestion": "P\u00fablico", "estado": "Bueno", "parroquia": "RIOBAMBA", "observaciones": ""}, "geometry": {"type": "Point", "coordinates": [-78.639017, -1.66688]}}, {"type": "Feature", "properties": {"id": "f2fbe979-48b6-4dc4-b4c1-23d8a3593671", "nombre": "UE San Mateo", "tipo": "Educaci\u00f3n", "elemento": "Escuelas", "tipologia": "Barrial", "gestion": "Privado", "estado": "Bueno", "parroquia": "RIOBAMBA", "observaciones": ""}, "geometry": {"type": "Point", "coordinates": [-78.63264, -1.674033]}}, {"type": "Feature", "properties": {"id": "40c8b1c9-a6be-4981-b04e-185985af2cca", "nombre": "Parada Bus", "tipo": "Transporte", "elemento": "Parada de transporte p\u00fablico, buses", "tipologia": "Zonal", "gestion": "P\u00fablico", "estado": "Bueno", "parroquia": "RIOBAMBA", "observaciones": ""}, "geometry": {"type": "Point", "coordinates": [-78.637618, -1.669321]}}, {"type": "Feature", "properties": {"id": "5623c90c-2c82-4fda-822e-284d1b622d92", "nombre": "Parque Eucaliptos Altos", "tipo": "Recreativo y Deporte", "elemento": "Canchas deportivas m\u00faltiples.", "tipologia": "Zonal", "gestion": "P\u00fablico", "estado": "Regular", "parroquia": "RIOBAMBA", "observaciones": ""}, "geometry": {"type": "Point", "coordinates": [-78.63466, -1.671959]}}, {"type": "Feature", "properties": {"id": "ba687d5d-c26a-4bfd-97af-a438973d6737", "nombre": "Parque Eucaliptos Altos", "tipo": "Recreativo y Deporte", "elemento": "Canchas deportivas m\u00faltiples.", "tipologia": "Zonal", "gestion": "P\u00fablico", "estado": "Regular", "parroquia": "RIOBAMBA", "observaciones": ""}, "geometry": {"type": "Point", "coordinates": [-78.63466, -1.671959]}}, {"type": "Feature", "properties": {"id": "73a155a4-f607-4677-837c-5d01f973b87a", "nombre": "Juegos infsntiles y cancha", "tipo": "Recreativo y Deporte", "elemento": "Canchas deportivas m\u00faltiples.", "tipologia": "Zonal", "gestion": "P\u00fablico", "estado": "Malo", "parroquia": "RIOBAMBA", "observaciones": "Edecuacion y arreglo de juegos infsntiles"}, "geometry": {"type": "Point", "coordinates": [-78.649043, -1.673409]}}, {"type": "Feature", "properties": {"id": "f8f37827-1b92-491e-9acc-d685f7d9acbf", "nombre": "Recicladora Chimborazo", "tipo": "Infraestructura", "elemento": "Bater\u00edas sanitarias", "tipologia": "Barrial", "gestion": "Privado", "estado": "Regular", "parroquia": "RIOBAMBA", "observaciones": ""}, "geometry": {"type": "Point", "coordinates": [-78.637198, -1.669997]}}, {"type": "Feature", "properties": {"id": "974c1e17-50e1-4cc9-a60a-aacbee97796e", "nombre": "Parque Juan de Velasco", "tipo": "Recreativo y Deporte", "elemento": "Parques infantiles con jardines sin canchas", "tipologia": "Barrial", "gestion": "P\u00fablico", "estado": "Malo", "parroquia": "RIOBAMBA", "observaciones": ""}, "geometry": {"type": "Point", "coordinates": [-78.639027, -1.666813]}}, {"type": "Feature", "properties": {"id": "2fe2531a-6f22-4c42-a877-c25f9a2e8c87", "nombre": "CDI Juan de Velasco", "tipo": "Bienestar Social", "elemento": "CDI", "tipologia": "Zonal", "gestion": "P\u00fablico", "estado": "Regular", "parroquia": "RIOBAMBA", "observaciones": ""}, "geometry": {"type": "Point", "coordinates": [-78.637224, -1.670726]}}, {"type": "Feature", "properties": {"id": "4ebbe56f-b87d-4163-ae3c-c4a0452d3690", "nombre": "Canchas de Voly Eucaliptos Bajos", "tipo": "Recreativo y Deporte", "elemento": "Canchas de v\u00f3ley", "tipologia": "Zonal", "gestion": "Privado", "estado": "Bueno", "parroquia": "RIOBAMBA", "observaciones": ""}, "geometry": {"type": "Point", "coordinates": [-78.639022, -1.666822]}}, {"type": "Feature", "properties": {"id": "5736f7d6-d1f9-44db-b8f9-9679b261cbc2", "nombre": "Parada de Bus", "tipo": "Transporte", "elemento": "Parada de transporte p\u00fablico, buses", "tipologia": "Zonal", "gestion": "P\u00fablico", "estado": "Bueno", "parroquia": "RIOBAMBA", "observaciones": ""}, "geometry": {"type": "Point", "coordinates": [-78.633947, -1.673001]}}, {"type": "Feature", "properties": {"id": "64ffda45-9604-4aee-870a-77eb9bf61a15", "nombre": "V\u00eda incompleta y peligroso para los moradores", "tipo": "Transporte", "elemento": "Parada de transporte p\u00fablico, buses", "tipologia": "Zonal", "gestion": "P\u00fablico", "estado": "Malo", "parroquia": "LICAN", "observaciones": "Completar adoquinado y nivelar calle, peligro para accidentes de tr\u00e1nsito"}, "geometry": {"type": "Point", "coordinates": [-78.692367, -1.644115]}}, {"type": "Feature", "properties": {"id": "dd9fba4c-ea79-49fe-b987-60b173a81302", "nombre": "Canchas de Voley taxis", "tipo": "Recreativo y Deporte", "elemento": "Canchas de v\u00f3ley", "tipologia": "Zonal", "gestion": "Privado", "estado": "Bueno", "parroquia": "RIOBAMBA", "observaciones": ""}, "geometry": {"type": "Point", "coordinates": [-78.633164, -1.67425]}}, {"type": "Feature", "properties": {"id": "30589104-8298-42c6-b13f-b1a93408cfd9", "nombre": "Parque", "tipo": "Recreativo y Deporte", "elemento": "Parques infantiles con jardines sin canchas", "tipologia": "Barrial", "gestion": "P\u00fablico", "estado": "Malo", "parroquia": "RIOBAMBA", "observaciones": ""}, "geometry": {"type": "Point", "coordinates": [-78.634357, -1.673554]}}, {"type": "Feature", "properties": {"id": "c79146fe-12fe-4ce4-9771-77a94e11c0b1", "nombre": "Parque Eucaliptos Bajos", "tipo": "Recreativo y Deporte", "elemento": "Parques infantiles con jardines sin canchas", "tipologia": "Barrial", "gestion": "P\u00fablico", "estado": "Bueno", "parroquia": "RIOBAMBA", "observaciones": ""}, "geometry": {"type": "Point", "coordinates": [-78.634922, -1.673147]}}, {"type": "Feature", "properties": {"id": "2a89f939-c80b-4e6d-8560-640b2af5a907", "nombre": "Parque de Cemento", "tipo": "Recreativo y Deporte", "elemento": "Canchas deportivas m\u00faltiples.", "tipologia": "Zonal", "gestion": "P\u00fablico", "estado": "Regular", "parroquia": "RIOBAMBA", "observaciones": ""}, "geometry": {"type": "Point", "coordinates": [-78.635756, -1.672291]}}, {"type": "Feature", "properties": {"id": "21d7b275-8101-4bc9-9edb-65ed7c879440", "nombre": "parque en la calle az\u00faay entre aztecas y aymaras", "tipo": "Recreativo y Deporte", "elemento": "Parques infantiles con jardines sin canchas", "tipologia": "Barrial", "gestion": "P\u00fablico", "estado": "Malo", "parroquia": "RIOBAMBA", "observaciones": "parque con juegos destruidos y falta podado de c\u00e9sped y renovar arcos"}, "geometry": {"type": "Point", "coordinates": [-78.687456, -1.645846]}}, {"type": "Feature", "properties": {"id": "2751a160-0172-4a58-9a7f-166f95d9fa61", "nombre": "Canchas Sinteticas Eucaliptos Bajos", "tipo": "Recreativo y Deporte", "elemento": "Cancha de futbol sint\u00e9tica", "tipologia": "Zonal", "gestion": "P\u00fablico", "estado": "Regular", "parroquia": "RIOBAMBA", "observaciones": ""}, "geometry": {"type": "Point", "coordinates": [-78.635746, -1.673209]}}, {"type": "Feature", "properties": {"id": "049dd0f6-c9ff-40ec-acf5-3acb36e313ca", "nombre": "Canchas Bilbao Renacer", "tipo": "Recreativo y Deporte", "elemento": "Canchas deportivas m\u00faltiples.", "tipologia": "Zonal", "gestion": "P\u00fablico", "estado": "Malo", "parroquia": "RIOBAMBA", "observaciones": ""}, "geometry": {"type": "Point", "coordinates": [-78.635057, -1.673325]}}, {"type": "Feature", "properties": {"id": "57f00a39-5609-4378-9093-c8c96f13367d", "nombre": "UE Carlos Cisneros", "tipo": "Educaci\u00f3n", "elemento": "Escuelas", "tipologia": "Barrial", "gestion": "P\u00fablico", "estado": "Bueno", "parroquia": "RIOBAMBA", "observaciones": ""}, "geometry": {"type": "Point", "coordinates": [-78.635346, -1.674597]}}, {"type": "Feature", "properties": {"id": "ed81d125-e83c-4dfa-a65b-41fd4b917aa7", "nombre": "Parada de Bus", "tipo": "Transporte", "elemento": "Parada de transporte p\u00fablico, buses", "tipologia": "Zonal", "gestion": "P\u00fablico", "estado": "Bueno", "parroquia": "RIOBAMBA", "observaciones": ""}, "geometry": {"type": "Point", "coordinates": [-78.636627, -1.673468]}}, {"type": "Feature", "properties": {"id": "9e6302d0-e5c6-48a1-8afb-1de9c2fecb2c", "nombre": "No hay edoquinado completo", "tipo": "Transporte", "elemento": "Parada de transporte p\u00fablico, buses", "tipologia": "Zonal", "gestion": "P\u00fablico", "estado": "Regular", "parroquia": "RIOBAMBA", "observaciones": "No se observa adoquinado completo"}, "geometry": {"type": "Point", "coordinates": [-78.690292, -1.644122]}}, {"type": "Feature", "properties": {"id": "103e111b-72da-4e53-8964-a391e54d2bab", "nombre": "Arawacos terreno sin construcci\u00f3n de 3 cuadras", "tipo": "Cultural", "elemento": "Plazas o plazoletas,", "tipologia": "Zonal", "gestion": "Privado", "estado": "Regular", "parroquia": "RIOBAMBA", "observaciones": ""}, "geometry": {"type": "Point", "coordinates": [-78.685627, -1.643489]}}, {"type": "Feature", "properties": {"id": "f6c22af9-e24c-479d-8758-51f6d45fc8ef", "nombre": "Cancha de voley y juegos infantiles sin mantenimiento de \u00e1reas verdes y veredas", "tipo": "Recreativo y Deporte", "elemento": "Canchas de v\u00f3ley", "tipologia": "Zonal", "gestion": "P\u00fablico", "estado": "Malo", "parroquia": "RIOBAMBA", "observaciones": ""}, "geometry": {"type": "Point", "coordinates": [-78.681149, -1.64512]}}, {"type": "Feature", "properties": {"id": "8c297fb2-3d97-490b-83de-20a43f565b3d", "nombre": "Escuela Inicial general la valle", "tipo": "Educaci\u00f3n", "elemento": "Escuelas", "tipologia": "Barrial", "gestion": "P\u00fablico", "estado": "Regular", "parroquia": "RIOBAMBA", "observaciones": "Falta de mantenimiento"}, "geometry": {"type": "Point", "coordinates": [-78.684464, -1.64632]}}, {"type": "Feature", "properties": {"id": "4320b490-29c1-4371-80a9-2ad4feb7c14b", "nombre": "Antenad de alta tenciln", "tipo": "Infraestructura", "elemento": "Antenas centrales de transmisi\u00f3n y recepci\u00f3n de telecomunicaciones", "tipologia": "Zonal", "gestion": "P\u00fablico", "estado": "Regular", "parroquia": "RIOBAMBA", "observaciones": "Falta adoquinado y las anyenas declata tension en media via"}, "geometry": {"type": "Point", "coordinates": [-78.687388, -1.64627]}}, {"type": "Feature", "properties": {"id": "4b80f999-2428-4aeb-8c83-91f9b3a80c40", "nombre": "Parada de Buses, LA LOLITA", "tipo": "Transporte", "elemento": "Parada de transporte p\u00fablico, buses", "tipologia": "Zonal", "gestion": "P\u00fablico", "estado": "Regular", "parroquia": "RIOBAMBA", "observaciones": "Junto a la parada, terreno con basura"}, "geometry": {"type": "Point", "coordinates": [-78.688499, -1.644722]}}, {"type": "Feature", "properties": {"id": "2db2eb4c-5195-4a1c-872d-8f7c797317f1", "nombre": "Gimnasio al aire libre y juegos infantiles de madera", "tipo": "Recreativo y Deporte", "elemento": "Parque con gimnasio al aire libre", "tipologia": "Zonal", "gestion": "P\u00fablico", "estado": "Regular", "parroquia": "", "observaciones": "Mantenimiento de juegos infantiles y gimnasio al aire libre"}, "geometry": {"type": "Point", "coordinates": [-78.658064, -1.690715]}}, {"type": "Feature", "properties": {"id": "0fa9f7dd-ed8c-49a8-82da-c366e6592c81", "nombre": "Falta de adoquinado y bordillos", "tipo": "Cultural", "elemento": "Plazas o plazoletas,", "tipologia": "Zonal", "gestion": "P\u00fablico", "estado": "Malo", "parroquia": "RIOBAMBA", "observaciones": "Falta de adoquinado y bordillo camino de tierra, falta limpieza de veredas"}, "geometry": {"type": "Point", "coordinates": [-78.686996, -1.642674]}}, {"type": "Feature", "properties": {"id": "81d41ad9-2700-470e-bc08-8bd2b12aa15d", "nombre": "Call3 c3 y araguacos", "tipo": "Recreativo y Deporte", "elemento": "Canchas deportivas m\u00faltiples.", "tipologia": "Zonal", "gestion": "P\u00fablico", "estado": "Regular", "parroquia": "RIOBAMBA", "observaciones": "Pintura"}, "geometry": {"type": "Point", "coordinates": [-78.687722, -1.643183]}}, {"type": "Feature", "properties": {"id": "116ec970-8c75-4f9a-85d8-b4593945b8da", "nombre": "UPC 24 de mayo", "tipo": "Seguridad", "elemento": "Unidad de vigilancia de polic\u00eda (UPC)", "tipologia": "Zonal", "gestion": "P\u00fablico", "estado": "Regular", "parroquia": "", "observaciones": "Mantenimiento exterior UPC"}, "geometry": {"type": "Point", "coordinates": [-78.678889, -1.645715]}}, {"type": "Feature", "properties": {"id": "d183dc46-6962-414e-876c-353f4b2aa60a", "nombre": "Sin nombre calles carchi y los rios", "tipo": "Recreativo y Deporte", "elemento": "Parques infantiles con jardines sin canchas", "tipologia": "Barrial", "gestion": "P\u00fablico", "estado": "Malo", "parroquia": "RIOBAMBA", "observaciones": "Juegos infantiles da\u00f1ados y construcciones donde era parque retirar"}, "geometry": {"type": "Point", "coordinates": [-78.679224, -1.642065]}}, {"type": "Feature", "properties": {"id": "f19be139-524c-4047-8f1d-cb2e88520678", "nombre": "Consultorio m\u00e9dico", "tipo": "Salud", "elemento": "Centro de salud Tipo A", "tipologia": "Barrial", "gestion": "Privado", "estado": "Bueno", "parroquia": "RIOBAMBA", "observaciones": "Centro m\u00e9dico privado para emergencias del sector"}, "geometry": {"type": "Point", "coordinates": [-78.688674, -1.646556]}}, {"type": "Feature", "properties": {"id": "148fd01e-139f-46a8-8b47-31f89b32fa89", "nombre": "Final calle cenepa", "tipo": "Recreativo y Deporte", "elemento": "Parques infantiles con jardines sin canchas", "tipologia": "Barrial", "gestion": "P\u00fablico", "estado": "Malo", "parroquia": "RIOBAMBA", "observaciones": "Juegos infantiles sin mantenimiento sin canchas"}, "geometry": {"type": "Point", "coordinates": [-78.686486, -1.642239]}}, {"type": "Feature", "properties": {"id": "42c2ee3d-e5c9-4d44-8b55-5ed0d38a1cf3", "nombre": "\u00c1rea verde sin mantenimiento", "tipo": "Recreativo y Deporte", "elemento": "Parques infantiles con jardines sin canchas", "tipologia": "Barrial", "gestion": "P\u00fablico", "estado": "Malo", "parroquia": "RIOBAMBA", "observaciones": "\u00c1rea verde sin mantenimiento"}, "geometry": {"type": "Point", "coordinates": [-78.686076, -1.642348]}}, {"type": "Feature", "properties": {"id": "821f9320-f4e1-4a28-867a-91a7c3ccf464", "nombre": "Unidad Educativa CEPLA", "tipo": "Educaci\u00f3n", "elemento": "Escuelas", "tipologia": "Barrial", "gestion": "Privado", "estado": "Bueno", "parroquia": "RIOBAMBA", "observaciones": ""}, "geometry": {"type": "Point", "coordinates": [-78.681374, -1.635973]}}, {"type": "Feature", "properties": {"id": "8a9f6950-5b43-49b2-8573-f6f7ba91097e", "nombre": "Sin nombre", "tipo": "Recreativo y Deporte", "elemento": "Canchas deportivas m\u00faltiples.", "tipologia": "Zonal", "gestion": "Privado", "estado": "Malo", "parroquia": "RIOBAMBA", "observaciones": "No tiene calles de acceso no se\u00f1alizaci\u00f3n"}, "geometry": {"type": "Point", "coordinates": [-78.680878, -1.642238]}}, {"type": "Feature", "properties": {"id": "4b9b772b-1021-4c4c-9e29-3541b6492598", "nombre": "calle cenepa y aztecas", "tipo": "Recreativo y Deporte", "elemento": "Canchas de v\u00f3ley", "tipologia": "Zonal", "gestion": "Privado", "estado": "Regular", "parroquia": "RIOBAMBA", "observaciones": "cancha privada"}, "geometry": {"type": "Point", "coordinates": [-78.68991, -1.644189]}}, {"type": "Feature", "properties": {"id": "41d9e125-97fe-4992-8a0a-32b8a816cacb", "nombre": "Adoquinado y v\u00edas", "tipo": "Transporte", "elemento": "Parada de camionetas", "tipologia": "Zonal", "gestion": "P\u00fablico", "estado": "Malo", "parroquia": "RIOBAMBA", "observaciones": "Adoquinado media v\u00eda, sin mantenimiento y basura"}, "geometry": {"type": "Point", "coordinates": [-78.688277, -1.643755]}}, {"type": "Feature", "properties": {"id": "9d7805dc-17d5-4e6a-8bc9-946242751fdc", "nombre": "Zona falta de adoquinar", "tipo": "Transporte", "elemento": "Parada de camionetas", "tipologia": "Zonal", "gestion": "P\u00fablico", "estado": "Malo", "parroquia": "RIOBAMBA", "observaciones": "Falta adoninar, genera mucho polvo para los habitantes del sector"}, "geometry": {"type": "Point", "coordinates": [-78.688712, -1.643587]}}, {"type": "Feature", "properties": {"id": "79a632d7-9912-4a97-83cc-7794b6ac6285", "nombre": "V\u00eda de transporte", "tipo": "Transporte", "elemento": "Parada de transporte p\u00fablico, buses", "tipologia": "Zonal", "gestion": "P\u00fablico", "estado": "Malo", "parroquia": "RIOBAMBA", "observaciones": "Calles no adoquinadas peligro para los ciudadanos"}, "geometry": {"type": "Point", "coordinates": [-78.688277, -1.643755]}}, {"type": "Feature", "properties": {"id": "440ce7c3-8f83-4f29-8016-b098b809bdb0", "nombre": "Terrenos de venta", "tipo": "Recreativo y Deporte", "elemento": "Parques infantiles con jardines sin canchas", "tipologia": "Barrial", "gestion": "Privado", "estado": "Bueno", "parroquia": "RIOBAMBA", "observaciones": ""}, "geometry": {"type": "Point", "coordinates": [-78.684754, -1.638463]}}, {"type": "Feature", "properties": {"id": "c894a671-10cb-40e9-8e82-3f14585286f4", "nombre": "Sin nombre", "tipo": "Recreativo y Deporte", "elemento": "Canchas deportivas m\u00faltiples.", "tipologia": "Zonal", "gestion": "P\u00fablico", "estado": "Regular", "parroquia": "RIOBAMBA", "observaciones": "Canchas de cemento. Falta mantenimiento y vias de acceso"}, "geometry": {"type": "Point", "coordinates": [-78.687808, -1.643172]}}, {"type": "Feature", "properties": {"id": "4db561e4-e1b2-4497-870d-c79d885af8ca", "nombre": "Calle inconclusa, adoquinada solo la mitad", "tipo": "Transporte", "elemento": "Parada de transporte p\u00fablico, buses", "tipologia": "Zonal", "gestion": "P\u00fablico", "estado": "Malo", "parroquia": "RIOBAMBA", "observaciones": "Peligro para personas, calle inconclusa"}, "geometry": {"type": "Point", "coordinates": [-78.687907, -1.643072]}}, {"type": "Feature", "properties": {"id": "d62e4e9f-9914-4216-89ab-46ee7ee2161d", "nombre": "Subestaci\u00f3n electrica", "tipo": "Infraestructura", "elemento": "Estaciones o subestaciones el\u00e9ctricas", "tipologia": "Zonal", "gestion": "P\u00fablico", "estado": "Bueno", "parroquia": "RIOBAMBA", "observaciones": "En buen estado"}, "geometry": {"type": "Point", "coordinates": [-78.680803, -1.643391]}}, {"type": "Feature", "properties": {"id": "a6ea389a-58e8-474e-8387-3deb3a011402", "nombre": "Laboratorio dental tu im\u00e1gen", "tipo": "Salud", "elemento": "Centros de rehabilitaci\u00f3n f\u00edsica integral", "tipologia": "Zonal", "gestion": "Privado", "estado": "Bueno", "parroquia": "RIOBAMBA", "observaciones": "En buen estado v\u00edas de acceso"}, "geometry": {"type": "Point", "coordinates": [-78.648755, -1.673407]}}, {"type": "Feature", "properties": {"id": "f1d18d91-08d4-4c3a-8cb3-822b4dc90153", "nombre": "Parque del sector", "tipo": "Recreativo y Deporte", "elemento": "Parques infantiles con jardines sin canchas", "tipologia": "Barrial", "gestion": "P\u00fablico", "estado": "Malo", "parroquia": "RIOBAMBA", "observaciones": "Parque infantil en p\u00e9simas condiciones, totalmente abandonado"}, "geometry": {"type": "Point", "coordinates": [-78.686147, -1.642447]}}, {"type": "Feature", "properties": {"id": "9324e899-32fb-4f80-8519-f172ae97472b", "nombre": "Wilson Centro Sicol\u00f3gico", "tipo": "Salud", "elemento": "Centros de rehabilitaci\u00f3n f\u00edsica integral", "tipologia": "Zonal", "gestion": "Privado", "estado": "Bueno", "parroquia": "RIOBAMBA", "observaciones": "Buenas v\u00edas de acceso"}, "geometry": {"type": "Point", "coordinates": [-78.680901, -1.644223]}}, {"type": "Feature", "properties": {"id": "a0d153cf-1f9f-4e62-8561-69da75bbb3f8", "nombre": "Terreno bald\u00edo", "tipo": "Recreativo y Deporte", "elemento": "Parque de ciudad con \u00e1rea verde y m\u00e1s de 5 canchas de uso m\u00faltiple", "tipologia": "Cantonal", "gestion": "P\u00fablico", "estado": "Malo", "parroquia": "RIOBAMBA", "observaciones": "Terreno bald\u00edo"}, "geometry": {"type": "Point", "coordinates": [-78.663373, -1.682606]}}, {"type": "Feature", "properties": {"id": "25e774d9-5a45-4121-840a-7cb7d7130152", "nombre": "ERRSSA SUB ESTACION 4", "tipo": "Infraestructura", "elemento": "Estaciones o subestaciones el\u00e9ctricas", "tipologia": "Zonal", "gestion": "P\u00fablico", "estado": "Bueno", "parroquia": "RIOBAMBA", "observaciones": "Estacion el\u00e9ctrica condiciones buenas"}, "geometry": {"type": "Point", "coordinates": [-78.679072, -1.641984]}}, {"type": "Feature", "properties": {"id": "7d2cd75e-229c-48b1-8a1c-2921c72008df", "nombre": "CEPLA", "tipo": "Educaci\u00f3n", "elemento": "Unidades educativas (niveles b\u00e1sico y bachillerato)", "tipologia": "Zonal", "gestion": "Privado", "estado": "Bueno", "parroquia": "RIOBAMBA", "observaciones": "Calle sin asfalto canal de riego sin limpiar"}, "geometry": {"type": "Point", "coordinates": [-78.684634, -1.637575]}}, {"type": "Feature", "properties": {"id": "eab513d9-72f7-4d8d-b8a2-ee4057d23e9b", "nombre": "Cancha de futbol", "tipo": "Recreativo y Deporte", "elemento": "Estadios barriales", "tipologia": "Zonal", "gestion": "P\u00fablico", "estado": "Regular", "parroquia": "RIOBAMBA", "observaciones": "Cancha solo con mallado no tiene ningun servicio basico solo con arcos"}, "geometry": {"type": "Point", "coordinates": [-78.681885, -1.641727]}}, {"type": "Feature", "properties": {"id": "14dfcf53-f35f-4c29-8384-ef89faeb81fc", "nombre": "Linea 11-B", "tipo": "Transporte", "elemento": "Parada de transporte p\u00fablico, buses", "tipologia": "Zonal", "gestion": "P\u00fablico", "estado": "Malo", "parroquia": "RIOBAMBA", "observaciones": "No tienen identificaci\u00f3n de la parada del bus, se parque donde supuestamente es la parada."}, "geometry": {"type": "Point", "coordinates": [-78.683068, -1.638488]}}, {"type": "Feature", "properties": {"id": "4bc13015-9ea6-4e32-8a4a-5810f4142691", "nombre": "Parada de bus", "tipo": "Transporte", "elemento": "Parada de transporte p\u00fablico, buses", "tipologia": "Zonal", "gestion": "P\u00fablico", "estado": "Regular", "parroquia": "RIOBAMBA", "observaciones": ""}, "geometry": {"type": "Point", "coordinates": [-78.663175, -1.682635]}}, {"type": "Feature", "properties": {"id": "1fc5fc85-284f-4814-b394-f521316a8396", "nombre": "Vida Nova", "tipo": "Salud", "elemento": "Hospital b\u00e1sico o cl\u00ednicas", "tipologia": "Zonal", "gestion": "Privado", "estado": "Bueno", "parroquia": "RIOBAMBA", "observaciones": ""}, "geometry": {"type": "Point", "coordinates": [-78.688847, -1.646602]}}, {"type": "Feature", "properties": {"id": "c41cc8c7-a4ed-44fc-824a-11093a57c696", "nombre": "Sin nombre", "tipo": "Recreativo y Deporte", "elemento": "Canchas de v\u00f3ley", "tipologia": "Zonal", "gestion": "Privado", "estado": "Malo", "parroquia": "RIOBAMBA", "observaciones": "Terreno v\u00e1lido sin veredas y sin cerramiento"}, "geometry": {"type": "Point", "coordinates": [-78.680998, -1.644724]}}, {"type": "Feature", "properties": {"id": "d75323e6-e496-4d77-864b-e211061f0eae", "nombre": "GAVMED", "tipo": "Salud", "elemento": "Centros de rehabilitaci\u00f3n f\u00edsica integral", "tipologia": "Zonal", "gestion": "Privado", "estado": "Bueno", "parroquia": "RIOBAMBA", "observaciones": "Centro de Especialidades Medicas"}, "geometry": {"type": "Point", "coordinates": [-78.679995, -1.645101]}}, {"type": "Feature", "properties": {"id": "f2170a5d-37a8-417e-80e4-3a0aecf24038", "nombre": "Parque del norte modesto arrieta", "tipo": "Recreativo y Deporte", "elemento": "Parque de ciudad con \u00e1rea verde y m\u00e1s de 5 canchas de uso m\u00faltiple", "tipologia": "Cantonal", "gestion": "P\u00fablico", "estado": "Regular", "parroquia": "RIOBAMBA", "observaciones": "Mantenimiento del parque y calles sin identificaci\u00f3n"}, "geometry": {"type": "Point", "coordinates": [-78.682168, -1.639748]}}, {"type": "Feature", "properties": {"id": "b07b50e8-5501-44a1-82df-b77242d4490b", "nombre": "EMAPAR LABORATORIO", "tipo": "Infraestructura", "elemento": "Planta de tratamiento de agua", "tipologia": "Cantonal", "gestion": "P\u00fablico", "estado": "Regular", "parroquia": "RIOBAMBA", "observaciones": "Laboratorio de EMAPAR"}, "geometry": {"type": "Point", "coordinates": [-78.663641, -1.682939]}}, {"type": "Feature", "properties": {"id": "bab9fa99-b961-400f-8c78-1523cf3dcfb7", "nombre": "Parque barrial", "tipo": "Recreativo y Deporte", "elemento": "Parques de diversi\u00f3n, parques de atracciones estables", "tipologia": "Cantonal", "gestion": "P\u00fablico", "estado": "Malo", "parroquia": "RIOBAMBA", "observaciones": ""}, "geometry": {"type": "Point", "coordinates": [-78.663481, -1.683568]}}, {"type": "Feature", "properties": {"id": "dee61a21-a05f-43de-8194-62c0dd6af2b8", "nombre": "Cancha de voley", "tipo": "Recreativo y Deporte", "elemento": "Canchas de v\u00f3ley", "tipologia": "Zonal", "gestion": "P\u00fablico", "estado": "Malo", "parroquia": "RIOBAMBA", "observaciones": ""}, "geometry": {"type": "Point", "coordinates": [-78.663448, -1.68368]}}, {"type": "Feature", "properties": {"id": "2ff8d222-91b8-4fea-89d4-c5cf9a60029c", "nombre": "Parque del la Cdla 24 de Mayo", "tipo": "Recreativo y Deporte", "elemento": "Canchas deportivas m\u00faltiples.", "tipologia": "Zonal", "gestion": "P\u00fablico", "estado": "Malo", "parroquia": "RIOBAMBA", "observaciones": "Cancha de indor en mal estado con hierba mala juegos infantiles da\u00f1ados hieva mala en todo el parque"}, "geometry": {"type": "Point", "coordinates": [-78.679198, -1.645347]}}, {"type": "Feature", "properties": {"id": "5e2f9ee4-0dd1-4e33-863a-44ada0342530", "nombre": "Hospital Andino", "tipo": "Salud", "elemento": "Hospital b\u00e1sico o cl\u00ednicas", "tipologia": "Zonal", "gestion": "Privado", "estado": "Bueno", "parroquia": "RIOBAMBA", "observaciones": "Hospital en buen estado"}, "geometry": {"type": "Point", "coordinates": [-78.679669, -1.64557]}}, {"type": "Feature", "properties": {"id": "622f636b-34ca-4e8f-87ad-577a7d319b2b", "nombre": "Iglesia Evang\u00e9lica", "tipo": "Religioso", "elemento": "Iglesias hasta 200 puestos", "tipologia": "Barrial", "gestion": "P\u00fablico", "estado": "Regular", "parroquia": "RIOBAMBA", "observaciones": ""}, "geometry": {"type": "Point", "coordinates": [-78.663456, -1.683679]}}, {"type": "Feature", "properties": {"id": "bf038d9f-2880-45bb-8c18-1b94c7f8a386", "nombre": "Movimiento internacional de alcoholicos an\u00f3nimos", "tipo": "Bienestar Social", "elemento": "Casa del Bienestar o Centro de protecci\u00f3n de mujeres o menores", "tipologia": "Cantonal", "gestion": "Privado", "estado": "Regular", "parroquia": "RIOBAMBA", "observaciones": ""}, "geometry": {"type": "Point", "coordinates": [-78.662213, -1.683992]}}, {"type": "Feature", "properties": {"id": "7a3d120a-d00e-4115-81e4-52283845e8ab", "nombre": "FEBANOR", "tipo": "Bienestar Social", "elemento": "CDI", "tipologia": "Zonal", "gestion": "P\u00fablico", "estado": "Malo", "parroquia": "RIOBAMBA", "observaciones": "Fachada sin pintar sin vereda \u00e1rboles sin podar falta de limpieza a las afueras"}, "geometry": {"type": "Point", "coordinates": [-78.67849, -1.645747]}}, {"type": "Feature", "properties": {"id": "b996b5dc-5cf5-44d8-80d4-e9ab53b9347f", "nombre": "Unidad Educativa PCEI a distancia", "tipo": "Educaci\u00f3n", "elemento": "Centros o institutos de capacitaci\u00f3n", "tipologia": "Zonal", "gestion": "Privado", "estado": "Bueno", "parroquia": "RIOBAMBA", "observaciones": "En puente estado la fachada"}, "geometry": {"type": "Point", "coordinates": [-78.675925, -1.643019]}}, {"type": "Feature", "properties": {"id": "d7b4347b-c1ba-44f5-879b-032bdac9dea9", "nombre": "Unidad Educativa Jorge Washington", "tipo": "Educaci\u00f3n", "elemento": "Colegios secundarios", "tipologia": "Zonal", "gestion": "Privado", "estado": "Bueno", "parroquia": "RIOBAMBA", "observaciones": "Unidad Educativa"}, "geometry": {"type": "Point", "coordinates": [-78.666309, -1.683225]}}, {"type": "Feature", "properties": {"id": "94947720-e6dd-44a6-84a3-f34da8cc1135", "nombre": "Fabrica de marmol", "tipo": "Infraestructura", "elemento": "Planta de tratamiento de agua", "tipologia": "Cantonal", "gestion": "Privado", "estado": "Bueno", "parroquia": "RIOBAMBA", "observaciones": "Se realiza lapidas en marmol nacional italiano y granito"}, "geometry": {"type": "Point", "coordinates": [-78.684522, -1.633235]}}, {"type": "Feature", "properties": {"id": "856bd0f9-4543-40b6-8f0f-ee2051ecd66f", "nombre": "Unidad Educativa George Washington", "tipo": "Educaci\u00f3n", "elemento": "Unidades educativas (niveles b\u00e1sico y bachillerato)", "tipologia": "Zonal", "gestion": "Privado", "estado": "Bueno", "parroquia": "RIOBAMBA", "observaciones": ""}, "geometry": {"type": "Point", "coordinates": [-78.667, -1.683565]}}, {"type": "Feature", "properties": {"id": "385368b6-71d8-46f6-88c9-93e0f2f59968", "nombre": "SUB ESTACI\u00d3N CNT", "tipo": "Infraestructura", "elemento": "Antenas centrales de transmisi\u00f3n y recepci\u00f3n de telecomunicaciones", "tipologia": "Zonal", "gestion": "P\u00fablico", "estado": "Bueno", "parroquia": "RIOBAMBA", "observaciones": "Fachada en mal estado"}, "geometry": {"type": "Point", "coordinates": [-78.678889, -1.646338]}}, {"type": "Feature", "properties": {"id": "4669c6b5-f4f3-4e94-8479-2e5c1708b928", "nombre": "Arreglo del lugar y limpieza", "tipo": "Cultural", "elemento": "Casas comunales o barriales", "tipologia": "Barrial", "gestion": "P\u00fablico", "estado": "Regular", "parroquia": "RIOBAMBA", "observaciones": "Limpieza del lugar y arreglo de la fachada"}, "geometry": {"type": "Point", "coordinates": [-78.684756, -1.63348]}}, {"type": "Feature", "properties": {"id": "c1c75e52-be93-401c-84db-e6311bae89e5", "nombre": "Cancha Barrio Santa Ana", "tipo": "Recreativo y Deporte", "elemento": "Canchas deportivas m\u00faltiples.", "tipologia": "Zonal", "gestion": "P\u00fablico", "estado": "Regular", "parroquia": "RIOBAMBA", "observaciones": "Remodelaci\u00f3n de la cancha y grader\u00eda"}, "geometry": {"type": "Point", "coordinates": [-78.684354, -1.633459]}}, {"type": "Feature", "properties": {"id": "d09b20c2-a361-4b36-8265-51204a4f7917", "nombre": "ZOOMEDIC", "tipo": "Especial", "elemento": "Hospitales veterinarios", "tipologia": "Zonal", "gestion": "Privado", "estado": "Bueno", "parroquia": "RIOBAMBA", "observaciones": ""}, "geometry": {"type": "Point", "coordinates": [-78.680309, -1.646528]}}, {"type": "Feature", "properties": {"id": "d345df5d-881c-4de2-818b-1d951cc0360a", "nombre": "Cancha de Ecuavoley San Pedrito", "tipo": "Recreativo y Deporte", "elemento": "Canchas de v\u00f3ley", "tipologia": "Zonal", "gestion": "Privado", "estado": "", "parroquia": "RIOBAMBA", "observaciones": "La entrada necesita limpieza es de tierra no se ingresa es privado"}, "geometry": {"type": "Point", "coordinates": [-78.675451, -1.642759]}}, {"type": "Feature", "properties": {"id": "689a811a-f942-4ba8-8a4e-d9adbda79d87", "nombre": "Pozo El Pedregal", "tipo": "Infraestructura", "elemento": "Estaciones o subestaci\u00f3n de bombeo de agua", "tipologia": "Zonal", "gestion": "P\u00fablico", "estado": "Regular", "parroquia": "RIOBAMBA", "observaciones": ""}, "geometry": {"type": "Point", "coordinates": [-78.670305, -1.685125]}}, {"type": "Feature", "properties": {"id": "11389c09-1046-4ebe-9f1a-4997cebe7dc2", "nombre": "Dispensario medico", "tipo": "Salud", "elemento": "Centro de salud Tipo B", "tipologia": "Zonal", "gestion": "P\u00fablico", "estado": "Bueno", "parroquia": "RIOBAMBA", "observaciones": "Dispensario lizarzaburo"}, "geometry": {"type": "Point", "coordinates": [-78.68603, -1.647542]}}, {"type": "Feature", "properties": {"id": "f448d04a-32b6-446e-8a31-a22d003c5dd6", "nombre": "Casa barrial de la cooperativa 24 de mayo", "tipo": "Bienestar Social", "elemento": "Centros infantiles, guarder\u00edas o wawatecas", "tipologia": "Barrial", "gestion": "P\u00fablico", "estado": "Regular", "parroquia": "", "observaciones": "Falta de bomba de agua y agua en las bater\u00edas sanitarias"}, "geometry": {"type": "Point", "coordinates": [-78.67935, -1.645539]}}, {"type": "Feature", "properties": {"id": "c7a6fed8-e1ba-47f4-8746-924a77377ec1", "nombre": "Pozo El Estadio", "tipo": "Infraestructura", "elemento": "Estaciones o subestaci\u00f3n de bombeo de agua", "tipologia": "Zonal", "gestion": "P\u00fablico", "estado": "Regular", "parroquia": "RIOBAMBA", "observaciones": ""}, "geometry": {"type": "Point", "coordinates": [-78.671897, -1.685519]}}, {"type": "Feature", "properties": {"id": "d500526e-87a4-4891-859c-f296aaa8ae89", "nombre": "Complejo valle escondido", "tipo": "Recreativo y Deporte", "elemento": "Canchas deportivas m\u00faltiples.", "tipologia": "Zonal", "gestion": "Privado", "estado": "Bueno", "parroquia": "RIOBAMBA", "observaciones": ""}, "geometry": {"type": "Point", "coordinates": [-78.669093, -1.686706]}}, {"type": "Feature", "properties": {"id": "6e08d3f7-7cfa-4f3f-8d11-5ac4e0b553e2", "nombre": "Centro de Especialidades Medicas Dr Lenin", "tipo": "Salud", "elemento": "Hospital b\u00e1sico o cl\u00ednicas", "tipologia": "Zonal", "gestion": "Privado", "estado": "Bueno", "parroquia": "RIOBAMBA", "observaciones": ""}, "geometry": {"type": "Point", "coordinates": [-78.680287, -1.645864]}}, {"type": "Feature", "properties": {"id": "17931619-58fe-4b08-8098-ac7f6585769b", "nombre": "FUNDACION DESARROLLO SOLIDARIO YUYARICK", "tipo": "Bienestar Social", "elemento": "Casa del Bienestar o Centro de protecci\u00f3n de mujeres o menores", "tipologia": "Cantonal", "gestion": "Privado", "estado": "Bueno", "parroquia": "RIOBAMBA", "observaciones": "Centro de bienestar privado."}, "geometry": {"type": "Point", "coordinates": [-78.6848, -1.635548]}}, {"type": "Feature", "properties": {"id": "142c579d-cd60-4ab7-8f6a-754453cd2983", "nombre": "Estadio Afnach", "tipo": "Recreativo y Deporte", "elemento": "Estadios ol\u00edmpicos", "tipologia": "Cantonal", "gestion": "Privado", "estado": "Regular", "parroquia": "RIOBAMBA", "observaciones": ""}, "geometry": {"type": "Point", "coordinates": [-78.67636, -1.68854]}}, {"type": "Feature", "properties": {"id": "6696075b-250e-4153-823e-4418a9a29c1e", "nombre": "SN", "tipo": "Recreativo y Deporte", "elemento": "Parques infantiles con jardines sin canchas", "tipologia": "Barrial", "gestion": "P\u00fablico", "estado": "Malo", "parroquia": "RIOBAMBA", "observaciones": "Parque infantil abandonado"}, "geometry": {"type": "Point", "coordinates": [-78.666353, -1.684112]}}, {"type": "Feature", "properties": {"id": "71597ccf-aa9f-453b-815c-98425bf69a1e", "nombre": "Sin nombre", "tipo": "Educaci\u00f3n", "elemento": "Establecimientos de educaci\u00f3n inicial", "tipologia": "Barrial", "gestion": "P\u00fablico", "estado": "Malo", "parroquia": "RIOBAMBA", "observaciones": "Escuelita abandonada, cerramiento roto y sin uso"}, "geometry": {"type": "Point", "coordinates": [-78.684055, -1.634328]}}, {"type": "Feature", "properties": {"id": "48db1e11-4785-4315-8054-d93bda1d1ff2", "nombre": "Parada de Bus L\u00ednea 8", "tipo": "Transporte", "elemento": "Parada de transporte p\u00fablico, buses", "tipologia": "Zonal", "gestion": "P\u00fablico", "estado": "Malo", "parroquia": "RIOBAMBA", "observaciones": ""}, "geometry": {"type": "Point", "coordinates": [-78.672625, -1.686448]}}, {"type": "Feature", "properties": {"id": "c8cb9de2-3f45-4081-8798-db8608791a95", "nombre": "UPC en la calle Manabi y Araucanos", "tipo": "Seguridad", "elemento": "Unidad de vigilancia de polic\u00eda (UPC)", "tipologia": "Zonal", "gestion": "P\u00fablico", "estado": "Regular", "parroquia": "RIOBAMBA", "observaciones": "La fachada presenta desgaste y humedad"}, "geometry": {"type": "Point", "coordinates": [-78.683988, -1.646227]}}, {"type": "Feature", "properties": {"id": "39662ff7-d93b-4f03-88aa-3dcf1476daf6", "nombre": "Parada la tarazana", "tipo": "Transporte", "elemento": "Parada de transporte p\u00fablico, buses", "tipologia": "Zonal", "gestion": "P\u00fablico", "estado": "Regular", "parroquia": "RIOBAMBA", "observaciones": ""}, "geometry": {"type": "Point", "coordinates": [-78.665758, -1.683075]}}, {"type": "Feature", "properties": {"id": "60f7e98e-e11f-46ef-814f-4342c2c909fd", "nombre": "Sarahi centro de especialidades m\u00e9dicas", "tipo": "Salud", "elemento": "Centro de salud Tipo C", "tipologia": "Zonal", "gestion": "Privado", "estado": "Bueno", "parroquia": "RIOBAMBA", "observaciones": "Centro de especialidades m\u00e9dicas incluye Banco del Barrio"}, "geometry": {"type": "Point", "coordinates": [-78.684166, -1.636355]}}, {"type": "Feature", "properties": {"id": "fb5ac3e4-e7c4-4253-848f-96ce516fc3cb", "nombre": "Iglesia Yaruquies, ind\u00edgena San Juan Bautista", "tipo": "Religioso", "elemento": "Iglesias m\u00e1s de 500 puestos", "tipologia": "Cantonal", "gestion": "Privado", "estado": "Bueno", "parroquia": "RIOBAMBA", "observaciones": ""}, "geometry": {"type": "Point", "coordinates": [-78.67593, -1.689437]}}, {"type": "Feature", "properties": {"id": "5f8670d0-7316-4136-864c-913a00a6647c", "nombre": "Parque Yaruquies", "tipo": "Recreativo y Deporte", "elemento": "Parques infantiles con jardines sin canchas", "tipologia": "Barrial", "gestion": "P\u00fablico", "estado": "Bueno", "parroquia": "RIOBAMBA", "observaciones": ""}, "geometry": {"type": "Point", "coordinates": [-78.675882, -1.689522]}}, {"type": "Feature", "properties": {"id": "c7a91657-9bdb-41b7-8732-c4ca2b8d2b9e", "nombre": "Unidad educativa Johann Herbart", "tipo": "Educaci\u00f3n", "elemento": "Unidades educativas (niveles b\u00e1sico y bachillerato)", "tipologia": "Zonal", "gestion": "Privado", "estado": "Bueno", "parroquia": "RIOBAMBA", "observaciones": ""}, "geometry": {"type": "Point", "coordinates": [-78.667741, -1.684246]}}, {"type": "Feature", "properties": {"id": "fc74427e-de4d-42ca-80c8-a962f4183b23", "nombre": "Parque de la iglesia", "tipo": "Recreativo y Deporte", "elemento": "Parques infantiles con jardines sin canchas", "tipologia": "Barrial", "gestion": "Privado", "estado": "Regular", "parroquia": "RIOBAMBA", "observaciones": "Esta descuidado sin limpieza"}, "geometry": {"type": "Point", "coordinates": [-78.676579, -1.689319]}}, {"type": "Feature", "properties": {"id": "28bb1f11-2890-4229-84f9-c5d5a3ff30bc", "nombre": "Parada UE George Washington", "tipo": "Transporte", "elemento": "Parada de transporte p\u00fablico, buses", "tipologia": "Zonal", "gestion": "P\u00fablico", "estado": "Bueno", "parroquia": "RIOBAMBA", "observaciones": "Parada afuera de la Unidad Educativa George Washington"}, "geometry": {"type": "Point", "coordinates": [-78.668201, -1.684055]}}, {"type": "Feature", "properties": {"id": "ec784be8-0837-4afa-8006-d9e876fae8dd", "nombre": "Centro de bienestar barrialfebanor", "tipo": "Recreativo y Deporte", "elemento": "Parques infantiles con jardines sin canchas", "tipologia": "Barrial", "gestion": "P\u00fablico", "estado": "Regular", "parroquia": "RIOBAMBA", "observaciones": "Falta arreglo juegos y pintado de cancha"}, "geometry": {"type": "Point", "coordinates": [-78.678859, -1.64512]}}, {"type": "Feature", "properties": {"id": "1a42a68d-5b25-4bef-83c4-90852f36d8ef", "nombre": "CENTRO DE DESARROLLO INFANTIL GOTITAS DE MIEL", "tipo": "Bienestar Social", "elemento": "Centros infantiles, guarder\u00edas o wawatecas", "tipologia": "Barrial", "gestion": "P\u00fablico", "estado": "Regular", "parroquia": "RIOBAMBA", "observaciones": "Falta de mejorara fachada deteriorada pared externa, y falta de poda arbusto."}, "geometry": {"type": "Point", "coordinates": [-78.685094, -1.636487]}}, {"type": "Feature", "properties": {"id": "2e227447-4e36-4875-8c95-ebfeec88d33b", "nombre": "Casa Comunal Yaruquies", "tipo": "Cultural", "elemento": "Casas comunales o barriales", "tipologia": "Barrial", "gestion": "P\u00fablico", "estado": "Regular", "parroquia": "RIOBAMBA", "observaciones": ""}, "geometry": {"type": "Point", "coordinates": [-78.67636, -1.68854]}}, {"type": "Feature", "properties": {"id": "52f510f5-c183-40f9-8920-3085138e4848", "nombre": "Iglesia barrial", "tipo": "Religioso", "elemento": "Iglesias hasta 200 puestos", "tipologia": "Barrial", "gestion": "P\u00fablico", "estado": "Regular", "parroquia": "RIOBAMBA", "observaciones": "Mantenimiento \u00e1reas verdes, cambio de techo"}, "geometry": {"type": "Point", "coordinates": [-78.682958, -1.635577]}}, {"type": "Feature", "properties": {"id": "0244c3b9-8ec4-416d-82bb-5fbc061585b4", "nombre": "Centro de Espiritualidad Nuestra Se\u00f1ora de Fatima", "tipo": "Religioso", "elemento": "Conventos y monasterios", "tipologia": "Cantonal", "gestion": "Privado", "estado": "Bueno", "parroquia": "RIOBAMBA", "observaciones": "Una casa de retiro de la Unidad educativa Fatima..fachada falta de enlucido"}, "geometry": {"type": "Point", "coordinates": [-78.685581, -1.636277]}}, {"type": "Feature", "properties": {"id": "cf92b4d2-2b28-4cff-8fa0-a0fb443539d8", "nombre": "Sin nombre", "tipo": "Recreativo y Deporte", "elemento": "Canchas deportivas m\u00faltiples.", "tipologia": "Zonal", "gestion": "P\u00fablico", "estado": "Regular", "parroquia": "RIOBAMBA", "observaciones": "Falta de mantenimiento"}, "geometry": {"type": "Point", "coordinates": [-78.674354, -1.688303]}}, {"type": "Feature", "properties": {"id": "f457aef4-3665-4a1f-8428-b0db12082007", "nombre": "Parque Central de Yaruquies", "tipo": "Recreativo y Deporte", "elemento": "Parques infantiles con jardines sin canchas", "tipologia": "Barrial", "gestion": "P\u00fablico", "estado": "Bueno", "parroquia": "RIOBAMBA", "observaciones": ""}, "geometry": {"type": "Point", "coordinates": [-78.675897, -1.689054]}}, {"type": "Feature", "properties": {"id": "110eeacf-c10a-4558-8710-f1087d6258da", "nombre": "Unidad Educativa Yaruquies", "tipo": "Educaci\u00f3n", "elemento": "Escuelas", "tipologia": "Barrial", "gestion": "P\u00fablico", "estado": "Bueno", "parroquia": "RIOBAMBA", "observaciones": ""}, "geometry": {"type": "Point", "coordinates": [-78.674805, -1.68842]}}, {"type": "Feature", "properties": {"id": "3f83de0c-c3e4-48ab-8e13-4ead60d97d6a", "nombre": "Centro de Salud tipo A Yaruquies", "tipo": "Salud", "elemento": "Centro de salud Tipo A", "tipologia": "Barrial", "gestion": "P\u00fablico", "estado": "Regular", "parroquia": "RIOBAMBA", "observaciones": ""}, "geometry": {"type": "Point", "coordinates": [-78.67845, -1.690012]}}, {"type": "Feature", "properties": {"id": "56945da0-ee23-4f6b-8960-34042eb07d05", "nombre": "Cancha de Voley", "tipo": "Recreativo y Deporte", "elemento": "Canchas de v\u00f3ley", "tipologia": "Zonal", "gestion": "P\u00fablico", "estado": "Malo", "parroquia": "RIOBAMBA", "observaciones": ""}, "geometry": {"type": "Point", "coordinates": [-78.67636, -1.68854]}}, {"type": "Feature", "properties": {"id": "bb91f7fe-5562-4172-87aa-a2e3539adebc", "nombre": "Cancha de Voley", "tipo": "Recreativo y Deporte", "elemento": "Canchas de v\u00f3ley", "tipologia": "Zonal", "gestion": "Privado", "estado": "Bueno", "parroquia": "RIOBAMBA", "observaciones": ""}, "geometry": {"type": "Point", "coordinates": [-78.67636, -1.68854]}}, {"type": "Feature", "properties": {"id": "ddf9540b-0ecb-45eb-8b21-e750f3744246", "nombre": "Centro evang\u00e9lico la grey de dios", "tipo": "Religioso", "elemento": "Iglesias hasta 200 puestos", "tipologia": "Barrial", "gestion": "Privado", "estado": "Bueno", "parroquia": "RIOBAMBA", "observaciones": "Cerrado"}, "geometry": {"type": "Point", "coordinates": [-78.683318, -1.634683]}}, {"type": "Feature", "properties": {"id": "cf1dfc30-02ab-4158-818d-87b4249df14b", "nombre": "Casa Barrial", "tipo": "Cultural", "elemento": "Casas comunales o barriales", "tipologia": "Barrial", "gestion": "Privado", "estado": "Regular", "parroquia": "RIOBAMBA", "observaciones": ""}, "geometry": {"type": "Point", "coordinates": [-78.679046, -1.689672]}}, {"type": "Feature", "properties": {"id": "03e90a3c-1ce0-4c40-8e98-d024829b3741", "nombre": "Liderux Centro de Capacitaci\u00f3n", "tipo": "Educaci\u00f3n", "elemento": "Centros o institutos de capacitaci\u00f3n", "tipologia": "Zonal", "gestion": "Privado", "estado": "Regular", "parroquia": "RIOBAMBA", "observaciones": "Fachada en estado regular"}, "geometry": {"type": "Point", "coordinates": [-78.686736, -1.634162]}}, {"type": "Feature", "properties": {"id": "638e5323-9d72-4ec8-8460-3a902ad7b948", "nombre": "Parada de Bus Parque Central de Yaruquies", "tipo": "Transporte", "elemento": "Parada de transporte p\u00fablico, buses", "tipologia": "Zonal", "gestion": "P\u00fablico", "estado": "Malo", "parroquia": "RIOBAMBA", "observaciones": ""}, "geometry": {"type": "Point", "coordinates": [-78.67636, -1.68854]}}, {"type": "Feature", "properties": {"id": "c4fc475d-3c8a-463d-8839-97408ae8bce0", "nombre": "Barrial", "tipo": "Recreativo y Deporte", "elemento": "Canchas deportivas m\u00faltiples.", "tipologia": "Zonal", "gestion": "P\u00fablico", "estado": "Regular", "parroquia": "RIOBAMBA", "observaciones": ""}, "geometry": {"type": "Point", "coordinates": [-78.678517, -1.689936]}}, {"type": "Feature", "properties": {"id": "a074875f-5e5f-4dd0-8e7a-5922c806dd85", "nombre": "Contenedor de basura", "tipo": "Servicios Funerarios", "elemento": "Cementerios", "tipologia": "Cantonal", "gestion": "P\u00fablico", "estado": "Bueno", "parroquia": "RIOBAMBA", "observaciones": "Se requiere ubicar un contenedor en el ingreso"}, "geometry": {"type": "Point", "coordinates": [-78.679323, -1.689899]}}, {"type": "Feature", "properties": {"id": "1fa5055d-025f-4052-8f30-4c798b90d621", "nombre": "El pedregal", "tipo": "Infraestructura", "elemento": "Estaciones o subestaci\u00f3n de bombeo de agua", "tipologia": "Zonal", "gestion": "P\u00fablico", "estado": "Regular", "parroquia": "RIOBAMBA", "observaciones": ""}, "geometry": {"type": "Point", "coordinates": [-78.671038, -1.685439]}}, {"type": "Feature", "properties": {"id": "f567339f-6d72-45c4-8651-288119324900", "nombre": "Pozo Santa Anita", "tipo": "Administraci\u00f3n P\u00fablica", "elemento": "Oficinas de agua potable, energ\u00eda el\u00e9ctrica, tel\u00e9fonos", "tipologia": "Zonal", "gestion": "P\u00fablico", "estado": "Regular", "parroquia": "RIOBAMBA", "observaciones": "Esquinero"}, "geometry": {"type": "Point", "coordinates": [-78.681827, -1.633885]}}, {"type": "Feature", "properties": {"id": "92268180-31d4-48b0-8197-00c457a49370", "nombre": "El estadio", "tipo": "Infraestructura", "elemento": "Estaciones o subestaci\u00f3n de bombeo de agua", "tipologia": "Zonal", "gestion": "P\u00fablico", "estado": "Bueno", "parroquia": "RIOBAMBA", "observaciones": ""}, "geometry": {"type": "Point", "coordinates": [-78.671844, -1.685889]}}, {"type": "Feature", "properties": {"id": "c584035a-d379-4d41-8813-058b04ec9f3f", "nombre": "Parada de Taxis", "tipo": "Transporte", "elemento": "Parada de taxis", "tipologia": "Zonal", "gestion": "Privado", "estado": "Regular", "parroquia": "RIOBAMBA", "observaciones": ""}, "geometry": {"type": "Point", "coordinates": [-78.67636, -1.68854]}}, {"type": "Feature", "properties": {"id": "085d8201-ccb8-4a6f-8861-3208d1a89b34", "nombre": "UPC Yaruquies", "tipo": "Seguridad", "elemento": "Unidad de vigilancia de polic\u00eda (UPC)", "tipologia": "Zonal", "gestion": "P\u00fablico", "estado": "Regular", "parroquia": "RIOBAMBA", "observaciones": ""}, "geometry": {"type": "Point", "coordinates": [-78.67636, -1.68854]}}, {"type": "Feature", "properties": {"id": "7d8d416f-30f2-46ad-8c07-9493f790bd96", "nombre": "Estadio AFNACH", "tipo": "Administraci\u00f3n P\u00fablica", "elemento": "Sedes de gremios y federaciones de profesionales", "tipologia": "Zonal", "gestion": "P\u00fablico", "estado": "Bueno", "parroquia": "RIOBAMBA", "observaciones": ""}, "geometry": {"type": "Point", "coordinates": [-78.672361, -1.686148]}}, {"type": "Feature", "properties": {"id": "536921c3-be37-4d2c-89e2-e4a52e4a22b9", "nombre": "Parada de buses", "tipo": "Transporte", "elemento": "Parada de transporte p\u00fablico, buses", "tipologia": "Zonal", "gestion": "P\u00fablico", "estado": "Regular", "parroquia": "RIOBAMBA", "observaciones": ""}, "geometry": {"type": "Point", "coordinates": [-78.678574, -1.689087]}}, {"type": "Feature", "properties": {"id": "4c38fd5d-42e7-4566-86ab-8ba0dbf0b330", "nombre": "Parada Estadio Afnach", "tipo": "Transporte", "elemento": "Parada de transporte p\u00fablico, buses", "tipologia": "Zonal", "gestion": "P\u00fablico", "estado": "Regular", "parroquia": "RIOBAMBA", "observaciones": ""}, "geometry": {"type": "Point", "coordinates": [-78.673021, -1.683483]}}, {"type": "Feature", "properties": {"id": "ede80468-39f5-4794-87b6-4cc8a11d351a", "nombre": "Congregaci\u00f3n yaruquies", "tipo": "Religioso", "elemento": "Iglesias hasta 200 puestos", "tipologia": "Barrial", "gestion": "Privado", "estado": "Bueno", "parroquia": "RIOBAMBA", "observaciones": ""}, "geometry": {"type": "Point", "coordinates": [-78.678572, -1.689074]}}, {"type": "Feature", "properties": {"id": "26b747c3-2dc1-4615-9f1a-19944b879de1", "nombre": "Academia barselona riobamba", "tipo": "Recreativo y Deporte", "elemento": "Estadios ol\u00edmpicos", "tipologia": "Cantonal", "gestion": "Privado", "estado": "Malo", "parroquia": "RIOBAMBA", "observaciones": ""}, "geometry": {"type": "Point", "coordinates": [-78.671674, -1.651402]}}, {"type": "Feature", "properties": {"id": "b6561cdc-79b5-4187-8591-0de45dad7a14", "nombre": "Parada AFNACH", "tipo": "Transporte", "elemento": "Parada de transporte p\u00fablico, buses", "tipologia": "Zonal", "gestion": "P\u00fablico", "estado": "Regular", "parroquia": "RIOBAMBA", "observaciones": "Existe infraestructura de parada pero no cuenta con cubierta para el sol"}, "geometry": {"type": "Point", "coordinates": [-78.673053, -1.686458]}}, {"type": "Feature", "properties": {"id": "8abf262d-9708-400e-852a-37d11e75f280", "nombre": "Escuela Abandonada", "tipo": "Educaci\u00f3n", "elemento": "Escuelas", "tipologia": "Barrial", "gestion": "P\u00fablico", "estado": "Malo", "parroquia": "RIOBAMBA", "observaciones": ""}, "geometry": {"type": "Point", "coordinates": [-78.679302, -1.689995]}}, {"type": "Feature", "properties": {"id": "e49b7ab6-f711-481b-8c43-46b4531dc7c4", "nombre": "Iglesia pentecostal unida internacional", "tipo": "Religioso", "elemento": "Iglesias hasta 200 puestos", "tipologia": "Barrial", "gestion": "Privado", "estado": "Regular", "parroquia": "RIOBAMBA", "observaciones": ""}, "geometry": {"type": "Point", "coordinates": [-78.67758, -1.689997]}}, {"type": "Feature", "properties": {"id": "c298dcb2-3343-4c92-80eb-499e982640eb", "nombre": "Parada de buses", "tipo": "Transporte", "elemento": "Parada de transporte p\u00fablico, buses", "tipologia": "Zonal", "gestion": "P\u00fablico", "estado": "Bueno", "parroquia": "RIOBAMBA", "observaciones": ""}, "geometry": {"type": "Point", "coordinates": [-78.676063, -1.688864]}}, {"type": "Feature", "properties": {"id": "8af364a8-8760-49dd-8827-d6a99380203a", "nombre": "Cancha Deportiva", "tipo": "Recreativo y Deporte", "elemento": "Canchas deportivas m\u00faltiples.", "tipologia": "Zonal", "gestion": "P\u00fablico", "estado": "Regular", "parroquia": "RIOBAMBA", "observaciones": "Falta de mantenimiento"}, "geometry": {"type": "Point", "coordinates": [-78.676502, -1.6934]}}, {"type": "Feature", "properties": {"id": "70dabb30-5243-4fd6-8056-a322f9fab806", "nombre": "Club Deportivo B\u00e1sico Barrial The Master of Puppets", "tipo": "Cultural", "elemento": "Casas comunales o barriales", "tipologia": "Barrial", "gestion": "Privado", "estado": "Malo", "parroquia": "RIOBAMBA", "observaciones": ""}, "geometry": {"type": "Point", "coordinates": [-78.67636, -1.68854]}}, {"type": "Feature", "properties": {"id": "04f0eb48-b62e-4626-8ca7-f4691c07c09b", "nombre": "Centro de Desarrollo Infantil Ernesto Beck", "tipo": "Educaci\u00f3n", "elemento": "Unidades educativas (niveles b\u00e1sico y bachillerato)", "tipologia": "Zonal", "gestion": "P\u00fablico", "estado": "Regular", "parroquia": "RIOBAMBA", "observaciones": ""}, "geometry": {"type": "Point", "coordinates": [-78.676486, -1.693516]}}, {"type": "Feature", "properties": {"id": "67daea0b-c6e8-4591-8af7-6588bd97cab4", "nombre": "Unidad Educativa Adolfo Kolping", "tipo": "Educaci\u00f3n", "elemento": "Unidades educativas (niveles b\u00e1sico y bachillerato)", "tipologia": "Zonal", "gestion": "Privado", "estado": "Bueno", "parroquia": "RIOBAMBA", "observaciones": ""}, "geometry": {"type": "Point", "coordinates": [-78.675548, -1.693932]}}, {"type": "Feature", "properties": {"id": "387f92ca-ef1f-430f-8da0-b97e0b0e8f59", "nombre": "Punto de Recaudaci\u00f3n Municipal", "tipo": "Administraci\u00f3n P\u00fablica", "elemento": "Municipio", "tipologia": "Cantonal", "gestion": "P\u00fablico", "estado": "Regular", "parroquia": "RIOBAMBA", "observaciones": "Se desconoce si el predio es p\u00fablico o arrendado"}, "geometry": {"type": "Point", "coordinates": [-78.675883, -1.688621]}}, {"type": "Feature", "properties": {"id": "7e3a665d-0b1e-4031-8e24-b8e1bd9cf663", "nombre": "Cancha de voley", "tipo": "Recreativo y Deporte", "elemento": "Canchas de v\u00f3ley", "tipologia": "Zonal", "gestion": "Privado", "estado": "Regular", "parroquia": "RIOBAMBA", "observaciones": ""}, "geometry": {"type": "Point", "coordinates": [-78.676036, -1.688279]}}, {"type": "Feature", "properties": {"id": "7b0ac496-138a-46aa-8ac6-88a56de2c593", "nombre": "Pasi\u00f3n por el ecuavoley Canchas de Ecuavoley", "tipo": "Recreativo y Deporte", "elemento": "Canchas de v\u00f3ley", "tipologia": "Zonal", "gestion": "Privado", "estado": "Bueno", "parroquia": "RIOBAMBA", "observaciones": ""}, "geometry": {"type": "Point", "coordinates": [-78.67627, -1.688558]}}, {"type": "Feature", "properties": {"id": "fb9b39ad-235b-446e-8c48-f5680515bd66", "nombre": "Piscina Abandonada Yaruquies", "tipo": "Recreativo y Deporte", "elemento": "Piscinas", "tipologia": "Zonal", "gestion": "P\u00fablico", "estado": "Malo", "parroquia": "RIOBAMBA", "observaciones": "Toda su infraestructura en estado de descomposici\u00f3n"}, "geometry": {"type": "Point", "coordinates": [-78.67636, -1.68854]}}, {"type": "Feature", "properties": {"id": "87cb4a4e-c61f-44c6-8e03-6aff3ba9fc78", "nombre": "Parque", "tipo": "Recreativo y Deporte", "elemento": "Canchas deportivas m\u00faltiples.", "tipologia": "Zonal", "gestion": "P\u00fablico", "estado": "Regular", "parroquia": "RIOBAMBA", "observaciones": ""}, "geometry": {"type": "Point", "coordinates": [-78.679036, -1.685268]}}, {"type": "Feature", "properties": {"id": "ef75620d-6e3b-4b7d-8b49-b5e88bc71aa1", "nombre": "Casa Barrial San Antonio", "tipo": "Cultural", "elemento": "Casas comunales o barriales", "tipologia": "Barrial", "gestion": "Privado", "estado": "Malo", "parroquia": "RIOBAMBA", "observaciones": ""}, "geometry": {"type": "Point", "coordinates": [-78.679399, -1.685821]}}, {"type": "Feature", "properties": {"id": "f5a7feca-e1f5-4617-87c5-b1c8e464b803", "nombre": "Antena de Recepci\u00f3n", "tipo": "Infraestructura", "elemento": "Antenas centrales de transmisi\u00f3n y recepci\u00f3n de telecomunicaciones", "tipologia": "Zonal", "gestion": "Privado", "estado": "Bueno", "parroquia": "RIOBAMBA", "observaciones": ""}, "geometry": {"type": "Point", "coordinates": [-78.678374, -1.686468]}}, {"type": "Feature", "properties": {"id": "a5a92f67-dea1-4fcb-aa37-595ac7f91512", "nombre": "Mantenimiento ,alumbrado publico ,falta de bomba de agu", "tipo": "Recreativo y Deporte", "elemento": "Parques infantiles con jardines sin canchas", "tipologia": "Barrial", "gestion": "P\u00fablico", "estado": "Regular", "parroquia": "RIOBAMBA", "observaciones": "Ubicado calles Manabi entre araucanos y arrawuacos"}, "geometry": {"type": "Point", "coordinates": [-78.683967, -1.646295]}}, {"type": "Feature", "properties": {"id": "98116831-fd86-452a-8c60-24ec15b0a383", "nombre": "Parque Las Acacias", "tipo": "Recreativo y Deporte", "elemento": "Parque con gimnasio al aire libre", "tipologia": "Zonal", "gestion": "P\u00fablico", "estado": "Bueno", "parroquia": "RIOBAMBA", "observaciones": "El parque se encuentra en su segunda etapa de intervenci\u00f3n, en buen estado, se recomienda una intervenci\u00f3n en los mobiliarios urbanos (gimnasio)"}, "geometry": {"type": "Point", "coordinates": [-78.675462, -1.637634]}}, {"type": "Feature", "properties": {"id": "c26e4075-a690-4323-86cb-1e77dd05ebbc", "nombre": "Parque Calle Rio Bulubulu", "tipo": "Recreativo y Deporte", "elemento": "Canchas deportivas m\u00faltiples.", "tipologia": "Zonal", "gestion": "P\u00fablico", "estado": "Malo", "parroquia": "RIOBAMBA", "observaciones": "Parque en mal estado, con vegetaci\u00f3n invasiva, juegos infantiles en mal estado, mobiliario de canchas deportivas en mal estado, caminer\u00edas con vegetaci\u00f3n no permite una buena circulaci\u00f3n"}, "geometry": {"type": "Point", "coordinates": [-78.675959, -1.63659]}}, {"type": "Feature", "properties": {"id": "6871d473-032d-4ac1-8bad-7b3cbd180795", "nombre": "Casa Barrial Ecuatoriana de Ceramica", "tipo": "Cultural", "elemento": "Casas comunales o barriales", "tipologia": "Barrial", "gestion": "Privado", "estado": "Regular", "parroquia": "RIOBAMBA", "observaciones": "Casa Barrial Ecuatoriana de Cer\u00e1mica, no abierto el p\u00fablico, infraestructura en estado aceptable, recomendado para espacios de cohesi\u00f3n social barrial"}, "geometry": {"type": "Point", "coordinates": [-78.674576, -1.639362]}}, {"type": "Feature", "properties": {"id": "2bbf1a8d-30ef-4053-8acb-383c153774f0", "nombre": "Montessori", "tipo": "Educaci\u00f3n", "elemento": "Unidades educativas (niveles b\u00e1sico y bachillerato)", "tipologia": "Zonal", "gestion": "Privado", "estado": "Bueno", "parroquia": "RIOBAMBA", "observaciones": "Unidad educativa privada Montessori"}, "geometry": {"type": "Point", "coordinates": [-78.677294, -1.635832]}}, {"type": "Feature", "properties": {"id": "4a220c24-7962-45f7-8345-a54cb3f9c19f", "nombre": "Estaci\u00f3n de agua", "tipo": "Infraestructura", "elemento": "Estaciones o subestaci\u00f3n de bombeo de agua", "tipologia": "Zonal", "gestion": "P\u00fablico", "estado": "Regular", "parroquia": "RIOBAMBA", "observaciones": ""}, "geometry": {"type": "Point", "coordinates": [-78.677168, -1.635801]}}, {"type": "Feature", "properties": {"id": "1260ed0b-c303-4bcf-8215-3de911cb5858", "nombre": "Compa\u00f1\u00eda 10 de Octubre", "tipo": "Seguridad", "elemento": "Estaci\u00f3n de bomberos", "tipologia": "Zonal", "gestion": "P\u00fablico", "estado": "Bueno", "parroquia": "RIOBAMBA", "observaciones": "Estaci\u00f3n de bomberos"}, "geometry": {"type": "Point", "coordinates": [-78.674053, -1.640165]}}, {"type": "Feature", "properties": {"id": "080d4a70-43da-4315-8098-6ec5b305aa56", "nombre": "Menydial", "tipo": "Salud", "elemento": "Hospital b\u00e1sico o cl\u00ednicas", "tipologia": "Zonal", "gestion": "Privado", "estado": "Bueno", "parroquia": "RIOBAMBA", "observaciones": "Cl\u00ednica de los Ri\u00f1ones"}, "geometry": {"type": "Point", "coordinates": [-78.674097, -1.641272]}}, {"type": "Feature", "properties": {"id": "b9e3875c-ca9f-4fa7-81df-157505fafadf", "nombre": "Estadio San Ana", "tipo": "Recreativo y Deporte", "elemento": "Estadios barriales", "tipologia": "Zonal", "gestion": "P\u00fablico", "estado": "Regular", "parroquia": "RIOBAMBA", "observaciones": "Estadio en estado considerable"}, "geometry": {"type": "Point", "coordinates": [-78.672405, -1.643914]}}, {"type": "Feature", "properties": {"id": "219928d6-5432-4921-8055-4707bb87b150", "nombre": "Centro Infantil", "tipo": "Bienestar Social", "elemento": "Centros infantiles, guarder\u00edas o wawatecas", "tipologia": "Barrial", "gestion": "P\u00fablico", "estado": "Regular", "parroquia": "RIOBAMBA", "observaciones": ""}, "geometry": {"type": "Point", "coordinates": [-78.672377, -1.643566]}}, {"type": "Feature", "properties": {"id": "025afe6c-4263-4cf2-8722-dda949920283", "nombre": "Casa Barrial Santa Ana", "tipo": "Cultural", "elemento": "Casas comunales o barriales", "tipologia": "Barrial", "gestion": "P\u00fablico", "estado": "Bueno", "parroquia": "RIOBAMBA", "observaciones": ""}, "geometry": {"type": "Point", "coordinates": [-78.672141, -1.644637]}}, {"type": "Feature", "properties": {"id": "c7ff35ec-2035-4d79-81d7-23837f7d8e6f", "nombre": "Iglesia San Miguel de Tapi", "tipo": "Religioso", "elemento": "Iglesias hasta 200 puestos", "tipologia": "Barrial", "gestion": "P\u00fablico", "estado": "Bueno", "parroquia": "RIOBAMBA", "observaciones": ""}, "geometry": {"type": "Point", "coordinates": [-78.671998, -1.644443]}}, {"type": "Feature", "properties": {"id": "239a982b-aeb5-4cef-8852-63933f862d6f", "nombre": "UPC By Pass", "tipo": "Seguridad", "elemento": "Unidad de vigilancia de polic\u00eda (UPC)", "tipologia": "Zonal", "gestion": "P\u00fablico", "estado": "Regular", "parroquia": "RIOBAMBA", "observaciones": ""}, "geometry": {"type": "Point", "coordinates": [-78.673653, -1.644669]}}, {"type": "Feature", "properties": {"id": "1633ba24-6aa3-4f1f-879c-daee21946495", "nombre": "ESCUELA DE EDUCACI\u00d3N B\u00c1SICA SAN FELIPE NERI", "tipo": "Educaci\u00f3n", "elemento": "Escuelas", "tipologia": "Barrial", "gestion": "P\u00fablico", "estado": "Bueno", "parroquia": "RIOBAMBA", "observaciones": "Sin Observaciones"}, "geometry": {"type": "Point", "coordinates": [-78.66929, -1.661564]}}, {"type": "Feature", "properties": {"id": "bc0b9c80-bfc1-435b-89f0-771497b9223d", "nombre": "IGLESIA MINISTERIAL EL BUEN PASTOR", "tipo": "Religioso", "elemento": "Iglesias hasta 200 puestos", "tipologia": "Barrial", "gestion": "Privado", "estado": "Bueno", "parroquia": "RIOBAMBA", "observaciones": ""}, "geometry": {"type": "Point", "coordinates": [-78.666153, -1.664864]}}, {"type": "Feature", "properties": {"id": "31addacc-a7d7-4784-8c95-a233c103c189", "nombre": "IGLESIA CRISTIANA VERBO", "tipo": "Religioso", "elemento": "Iglesias hasta 500 puestos", "tipologia": "Zonal", "gestion": "Privado", "estado": "Bueno", "parroquia": "RIOBAMBA", "observaciones": ""}, "geometry": {"type": "Point", "coordinates": [-78.666562, -1.662122]}}, {"type": "Feature", "properties": {"id": "10d651b5-e099-46f7-8737-2277f6563e7f", "nombre": "CANCHA SINTETICA", "tipo": "Recreativo y Deporte", "elemento": "Cancha de futbol sint\u00e9tica", "tipologia": "Zonal", "gestion": "P\u00fablico", "estado": "Regular", "parroquia": "RIOBAMBA", "observaciones": ""}, "geometry": {"type": "Point", "coordinates": [-78.667751, -1.661191]}}, {"type": "Feature", "properties": {"id": "4a6f7a3e-4d5b-4d9f-856d-960f7f8f0070", "nombre": "IGLESIA CRISTIANA MENONITA", "tipo": "Religioso", "elemento": "Iglesias hasta 200 puestos", "tipologia": "Barrial", "gestion": "Privado", "estado": "Bueno", "parroquia": "RIOBAMBA", "observaciones": ""}, "geometry": {"type": "Point", "coordinates": [-78.66776, -1.659409]}}, {"type": "Feature", "properties": {"id": "0894be00-ae2e-4e54-80b6-9ed2009900e3", "nombre": "IGLESIA EVANGELICA ASAMBLEA DE DIOS", "tipo": "Religioso", "elemento": "Iglesias hasta 500 puestos", "tipologia": "Zonal", "gestion": "Privado", "estado": "Bueno", "parroquia": "RIOBAMBA", "observaciones": ""}, "geometry": {"type": "Point", "coordinates": [-78.667234, -1.659824]}}, {"type": "Feature", "properties": {"id": "7d5b8be8-cf26-4c9e-87f1-1f6c05d84489", "nombre": "UNEDECH", "tipo": "Administraci\u00f3n P\u00fablica", "elemento": "Edificios administrativos gobierno central o provincial", "tipologia": "Cantonal", "gestion": "P\u00fablico", "estado": "Bueno", "parroquia": "RIOBAMBA", "observaciones": ""}, "geometry": {"type": "Point", "coordinates": [-78.666068, -1.660471]}}, {"type": "Feature", "properties": {"id": "aaea01d4-77d3-4cb5-8ddc-d7b4cca4bd91", "nombre": "UNIDAD EDUCATIVA RIOBAMBA INICIAL", "tipo": "Educaci\u00f3n", "elemento": "Establecimientos de educaci\u00f3n inicial", "tipologia": "Barrial", "gestion": "P\u00fablico", "estado": "Bueno", "parroquia": "RIOBAMBA", "observaciones": ""}, "geometry": {"type": "Point", "coordinates": [-78.665715, -1.659777]}}, {"type": "Feature", "properties": {"id": "d8dccfe6-daee-4bc0-8374-4e560ecc9ac4", "nombre": "DIRECCION DE EDUCACION", "tipo": "Administraci\u00f3n P\u00fablica", "elemento": "Edificios administrativos gobierno central o provincial", "tipologia": "Cantonal", "gestion": "P\u00fablico", "estado": "Bueno", "parroquia": "RIOBAMBA", "observaciones": ""}, "geometry": {"type": "Point", "coordinates": [-78.665618, -1.66029]}}, {"type": "Feature", "properties": {"id": "14677913-0c84-4d58-8b5f-1d6677350430", "nombre": "INSTITUTO TECNOLOGICO SAN LUIS", "tipo": "Educaci\u00f3n", "elemento": "Centros e institutos tecnol\u00f3gicos superiores", "tipologia": "Cantonal", "gestion": "Privado", "estado": "Bueno", "parroquia": "RIOBAMBA", "observaciones": ""}, "geometry": {"type": "Point", "coordinates": [-78.66409, -1.661121]}}, {"type": "Feature", "properties": {"id": "9bc7e7bc-1a61-40cc-892e-3be84ea6abe0", "nombre": "COPERATIVA DE TRASNPORTES PATRIA", "tipo": "Transporte", "elemento": "Parada de transporte p\u00fablico, buses", "tipologia": "Zonal", "gestion": "Privado", "estado": "Bueno", "parroquia": "RIOBAMBA", "observaciones": ""}, "geometry": {"type": "Point", "coordinates": [-78.663765, -1.662856]}}, {"type": "Feature", "properties": {"id": "4018616f-d562-4bf0-8ca0-74b0daa662dd", "nombre": "ISNTITUTO RIOBAMBA", "tipo": "Educaci\u00f3n", "elemento": "Centros e institutos tecnol\u00f3gicos superiores", "tipologia": "Cantonal", "gestion": "P\u00fablico", "estado": "Bueno", "parroquia": "RIOBAMBA", "observaciones": ""}, "geometry": {"type": "Point", "coordinates": [-78.664064, -1.662404]}}, {"type": "Feature", "properties": {"id": "b4c4d58c-4411-48a7-80ad-8cacd0191936", "nombre": "PARQUE DE LAS RETAMAS", "tipo": "Recreativo y Deporte", "elemento": "Parques infantiles con jardines sin canchas", "tipologia": "Barrial", "gestion": "P\u00fablico", "estado": "Regular", "parroquia": "RIOBAMBA", "observaciones": ""}, "geometry": {"type": "Point", "coordinates": [-78.665771, -1.66293]}}, {"type": "Feature", "properties": {"id": "565504a8-4654-4320-86ca-262dc90441ab", "nombre": "I.T.S VICENTE ANDA AGUIRRE", "tipo": "Educaci\u00f3n", "elemento": "Centros e institutos tecnol\u00f3gicos superiores", "tipologia": "Cantonal", "gestion": "P\u00fablico", "estado": "Bueno", "parroquia": "RIOBAMBA", "observaciones": ""}, "geometry": {"type": "Point", "coordinates": [-78.665093, -1.659703]}}, {"type": "Feature", "properties": {"id": "ecd4f247-842f-458f-86f8-4521a18cbba7", "nombre": "COLEGIO NUEVO MUNDO", "tipo": "Educaci\u00f3n", "elemento": "Unidades educativas (niveles b\u00e1sico y bachillerato)", "tipologia": "Zonal", "gestion": "Privado", "estado": "Bueno", "parroquia": "RIOBAMBA", "observaciones": ""}, "geometry": {"type": "Point", "coordinates": [-78.665662, -1.656815]}}, {"type": "Feature", "properties": {"id": "87b0967f-9ba5-4cf0-84d6-c042291acd20", "nombre": "IGLESIA EVANGELICA EMANUEL", "tipo": "Religioso", "elemento": "Iglesias hasta 200 puestos", "tipologia": "Barrial", "gestion": "Privado", "estado": "Bueno", "parroquia": "RIOBAMBA", "observaciones": ""}, "geometry": {"type": "Point", "coordinates": [-78.665946, -1.657116]}}, {"type": "Feature", "properties": {"id": "393b8f1e-382f-4d06-821c-bad9e6fc2a3d", "nombre": "ESCUELA ARNALDO MERINO", "tipo": "Educaci\u00f3n", "elemento": "Escuelas", "tipologia": "Barrial", "gestion": "Privado", "estado": "Bueno", "parroquia": "RIOBAMBA", "observaciones": ""}, "geometry": {"type": "Point", "coordinates": [-78.665065, -1.659166]}}, {"type": "Feature", "properties": {"id": "02aa1bd3-3939-4804-8989-61c5e015e99e", "nombre": "UNIVERSIDAD TECNICA PARTICULAR DE LOJA", "tipo": "Educaci\u00f3n", "elemento": "Universidades y escuelas polit\u00e9cnicas", "tipologia": "Cantonal", "gestion": "Privado", "estado": "Bueno", "parroquia": "RIOBAMBA", "observaciones": ""}, "geometry": {"type": "Point", "coordinates": [-78.665971, -1.659095]}}, {"type": "Feature", "properties": {"id": "19ad3473-4e24-4962-88a7-7038a4fd2193", "nombre": "CASA BARRIAL LOS ALAMOS", "tipo": "Cultural", "elemento": "Casas comunales o barriales", "tipologia": "Barrial", "gestion": "Privado", "estado": "Bueno", "parroquia": "RIOBAMBA", "observaciones": ""}, "geometry": {"type": "Point", "coordinates": [-78.664154, -1.657577]}}, {"type": "Feature", "properties": {"id": "866a8b4c-f6f4-4435-8fc6-7c0561f7366e", "nombre": "ZAFARI KIDS", "tipo": "Educaci\u00f3n", "elemento": "Establecimientos de educaci\u00f3n inicial", "tipologia": "Barrial", "gestion": "Privado", "estado": "Bueno", "parroquia": "RIOBAMBA", "observaciones": ""}, "geometry": {"type": "Point", "coordinates": [-78.665225, -1.657859]}}, {"type": "Feature", "properties": {"id": "ac42b4c0-4069-4974-8c66-e26f6ff649e7", "nombre": "CLUB DE LEONES RIOBAMBA", "tipo": "Bienestar Social", "elemento": "Casa del Bienestar o Centro de protecci\u00f3n de mujeres o menores", "tipologia": "Cantonal", "gestion": "Privado", "estado": "Bueno", "parroquia": "RIOBAMBA", "observaciones": ""}, "geometry": {"type": "Point", "coordinates": [-78.665183, -1.657]}}, {"type": "Feature", "properties": {"id": "3f03257c-b2a2-4154-896f-273be0df7cf4", "nombre": "IGLESIA DE DIOS RIOBAMBA", "tipo": "Religioso", "elemento": "Iglesias hasta 200 puestos", "tipologia": "Barrial", "gestion": "Privado", "estado": "Bueno", "parroquia": "RIOBAMBA", "observaciones": ""}, "geometry": {"type": "Point", "coordinates": [-78.664805, -1.657731]}}, {"type": "Feature", "properties": {"id": "9fbb53bb-9f60-4b73-8f1e-645f1b1dc7e5", "nombre": "PARQUE CDL. CEMENTO CHIMBORAZO", "tipo": "Recreativo y Deporte", "elemento": "Parque con gimnasio al aire libre", "tipologia": "Zonal", "gestion": "P\u00fablico", "estado": "Bueno", "parroquia": "RIOBAMBA", "observaciones": ""}, "geometry": {"type": "Point", "coordinates": [-78.667008, -1.653888]}}, {"type": "Feature", "properties": {"id": "d1d1e26b-6c1d-4c70-8ce8-966b10c16660", "nombre": "CASA BARRIAL CDLA. CEMENTO CHIMBORAZO", "tipo": "Cultural", "elemento": "Casas comunales o barriales", "tipologia": "Barrial", "gestion": "Privado", "estado": "Bueno", "parroquia": "RIOBAMBA", "observaciones": ""}, "geometry": {"type": "Point", "coordinates": [-78.667127, -1.654376]}}, {"type": "Feature", "properties": {"id": "9ad2a39f-7249-4dfa-88b6-0d93d1c66685", "nombre": "INSTITUTO BQC", "tipo": "Educaci\u00f3n", "elemento": "Centros e institutos tecnol\u00f3gicos superiores", "tipologia": "Cantonal", "gestion": "Privado", "estado": "Bueno", "parroquia": "RIOBAMBA", "observaciones": ""}, "geometry": {"type": "Point", "coordinates": [-78.66715, -1.655513]}}, {"type": "Feature", "properties": {"id": "1f26a585-00e1-4540-812e-15c04c990168", "nombre": "PISTA DE BICI CROSS", "tipo": "Recreativo y Deporte", "elemento": "Parques tem\u00e1ticos", "tipologia": "Cantonal", "gestion": "P\u00fablico", "estado": "Bueno", "parroquia": "RIOBAMBA", "observaciones": ""}, "geometry": {"type": "Point", "coordinates": [-78.670563, -1.658696]}}, {"type": "Feature", "properties": {"id": "4dcf67c8-1b43-40d8-86f7-0fa91fbd6b17", "nombre": "PARQUE SESQUICENTENARIO", "tipo": "Recreativo y Deporte", "elemento": "Parque de ciudad con \u00e1rea verde y m\u00e1s de 5 canchas de uso m\u00faltiple", "tipologia": "Cantonal", "gestion": "P\u00fablico", "estado": "Bueno", "parroquia": "RIOBAMBA", "observaciones": ""}, "geometry": {"type": "Point", "coordinates": [-78.669805, -1.657718]}}, {"type": "Feature", "properties": {"id": "b8a8080a-49f3-41cb-837b-8fc3b1a359af", "nombre": "CANCHAS GASOLINERA BRITO", "tipo": "Recreativo y Deporte", "elemento": "Cancha de futbol sint\u00e9tica", "tipologia": "Zonal", "gestion": "Privado", "estado": "Bueno", "parroquia": "RIOBAMBA", "observaciones": ""}, "geometry": {"type": "Point", "coordinates": [-78.669697, -1.662916]}}, {"type": "Feature", "properties": {"id": "4e2e5f59-25a9-4729-8278-c3f5d27dc03e", "nombre": "UNIDAD EDUCTIVA CAMILO GALLEGOS", "tipo": "Educaci\u00f3n", "elemento": "Unidades educativas (niveles b\u00e1sico y bachillerato)", "tipologia": "Zonal", "gestion": "P\u00fablico", "estado": "Bueno", "parroquia": "RIOBAMBA", "observaciones": ""}, "geometry": {"type": "Point", "coordinates": [-78.670614, -1.65652]}}, {"type": "Feature", "properties": {"id": "b3df7b7e-63a7-4d7b-8670-e2d3b37adae2", "nombre": "CENTRO DE EDUCACION INFANTIL JEAN PIAGET KIDS", "tipo": "Educaci\u00f3n", "elemento": "Establecimientos de educaci\u00f3n inicial", "tipologia": "Barrial", "gestion": "Privado", "estado": "Bueno", "parroquia": "RIOBAMBA", "observaciones": ""}, "geometry": {"type": "Point", "coordinates": [-78.669641, -1.658679]}}, {"type": "Feature", "properties": {"id": "110dfb4b-c6b4-464a-8af4-e6f29d05d11a", "nombre": "PARQUE SULTANA DE LOS ANDES", "tipo": "Recreativo y Deporte", "elemento": "Parques infantiles con jardines sin canchas", "tipologia": "Barrial", "gestion": "P\u00fablico", "estado": "Malo", "parroquia": "RIOBAMBA", "observaciones": ""}, "geometry": {"type": "Point", "coordinates": [-78.672995, -1.662254]}}, {"type": "Feature", "properties": {"id": "99d7128f-bce3-4b6a-821c-c89dda524775", "nombre": "TALLERES MUNICIPALES", "tipo": "Administraci\u00f3n P\u00fablica", "elemento": "Edificios administrativos gobierno central o provincial", "tipologia": "Cantonal", "gestion": "P\u00fablico", "estado": "Bueno", "parroquia": "RIOBAMBA", "observaciones": ""}, "geometry": {"type": "Point", "coordinates": [-78.667471, -1.666474]}}, {"type": "Feature", "properties": {"id": "891ec11b-f50e-4644-8291-f66292571694", "nombre": "IGLESIA CRISTIANA CAMINO DE DIOS", "tipo": "Religioso", "elemento": "Iglesias hasta 200 puestos", "tipologia": "Barrial", "gestion": "Privado", "estado": "Bueno", "parroquia": "RIOBAMBA", "observaciones": ""}, "geometry": {"type": "Point", "coordinates": [-78.667738, -1.666881]}}, {"type": "Feature", "properties": {"id": "963040e0-2026-4a50-8afc-acdd8035950a", "nombre": "GRUTA DE LOURDES", "tipo": "Recreativo y Deporte", "elemento": "Parques infantiles con jardines sin canchas", "tipologia": "Barrial", "gestion": "P\u00fablico", "estado": "Malo", "parroquia": "RIOBAMBA", "observaciones": ""}, "geometry": {"type": "Point", "coordinates": [-78.67194, -1.664855]}}, {"type": "Feature", "properties": {"id": "311b9737-4f2f-410e-80c6-1bdcc23a9bfa", "nombre": "IGLESIA GRUTA DE LOURDES", "tipo": "Religioso", "elemento": "Iglesias hasta 200 puestos", "tipologia": "Barrial", "gestion": "Privado", "estado": "Bueno", "parroquia": "RIOBAMBA", "observaciones": ""}, "geometry": {"type": "Point", "coordinates": [-78.671739, -1.6655]}}, {"type": "Feature", "properties": {"id": "58a9a6e4-4290-474b-8665-0979bab3faf1", "nombre": "PARQUE DEL BARRIO AV. PEDRO VICENTE MALDONADO", "tipo": "Recreativo y Deporte", "elemento": "Cancha de futbol sint\u00e9tica", "tipologia": "Zonal", "gestion": "P\u00fablico", "estado": "Regular", "parroquia": "RIOBAMBA", "observaciones": ""}, "geometry": {"type": "Point", "coordinates": [-78.679727, -1.660766]}}, {"type": "Feature", "properties": {"id": "a55071a6-b837-4d17-8c6d-426ca091fdd7", "nombre": "CANCHA 15 DE NOVIEMBRE", "tipo": "Recreativo y Deporte", "elemento": "Cancha de futbol sint\u00e9tica", "tipologia": "Zonal", "gestion": "P\u00fablico", "estado": "Regular", "parroquia": "RIOBAMBA", "observaciones": ""}, "geometry": {"type": "Point", "coordinates": [-78.679778, -1.66167]}}, {"type": "Feature", "properties": {"id": "d7d7f6dd-3734-448d-8dd8-1dba95dab13e", "nombre": "Colegio Nacional Pedro Vicente Maldonado", "tipo": "Educaci\u00f3n", "elemento": "Colegios secundarios", "tipologia": "Zonal", "gestion": "P\u00fablico", "estado": "Regular", "parroquia": "RIOBAMBA", "observaciones": "Ok"}, "geometry": {"type": "Point", "coordinates": [-78.646859, -1.658735]}}, {"type": "Feature", "properties": {"id": "cb19a819-7199-41e5-81b5-12d9a202b803", "nombre": "Unach", "tipo": "Educaci\u00f3n", "elemento": "Universidades y escuelas polit\u00e9cnicas", "tipologia": "Cantonal", "gestion": "P\u00fablico", "estado": "Bueno", "parroquia": "RIOBAMBA", "observaciones": "Todo se cuenta en buenas condiciones"}, "geometry": {"type": "Point", "coordinates": [-78.643837, -1.652882]}}, {"type": "Feature", "properties": {"id": "15f9a179-f3b0-4668-8b63-d21adaec6f84", "nombre": "Centro Evang\u00e9lico \"La Grey de Dios\"", "tipo": "Religioso", "elemento": "Iglesias hasta 200 puestos", "tipologia": "Barrial", "gestion": "Privado", "estado": "Regular", "parroquia": "RIOBAMBA", "observaciones": ""}, "geometry": {"type": "Point", "coordinates": [-78.641083, -1.661274]}}, {"type": "Feature", "properties": {"id": "be855a15-44c0-4a40-8786-19c2f0762a62", "nombre": "CDI Gotitas de Dulzura", "tipo": "Bienestar Social", "elemento": "Centros infantiles, guarder\u00edas o wawatecas", "tipologia": "Barrial", "gestion": "P\u00fablico", "estado": "Bueno", "parroquia": "RIOBAMBA", "observaciones": "Est\u00e1 en buenas condiciones"}, "geometry": {"type": "Point", "coordinates": [-78.644601, -1.655715]}}, {"type": "Feature", "properties": {"id": "49c6b0fb-524f-4159-b180-1085b018ea9e", "nombre": "Bateria Sanitaria Esperanza 2", "tipo": "Infraestructura", "elemento": "Bater\u00edas sanitarias", "tipologia": "Barrial", "gestion": "P\u00fablico", "estado": "Regular", "parroquia": "RIOBAMBA", "observaciones": "Ubicado alado de la adminsitracion, atiende miercoles y viernes en ferias"}, "geometry": {"type": "Point", "coordinates": [-78.639995, -1.66076]}}, {"type": "Feature", "properties": {"id": "43b05aa5-eeed-4fc4-8c9b-3883a3bd9143", "nombre": "Barrio 21 de Abril", "tipo": "Recreativo y Deporte", "elemento": "Canchas deportivas m\u00faltiples.", "tipologia": "Zonal", "gestion": "P\u00fablico", "estado": "Regular", "parroquia": "RIOBAMBA", "observaciones": "El piso en mal estado ,y la cancha en mal estado"}, "geometry": {"type": "Point", "coordinates": [-78.645319, -1.658512]}}, {"type": "Feature", "properties": {"id": "5d0bc927-4330-43fa-87e8-3d7c05615ce8", "nombre": "Barrio 21 de abril", "tipo": "Recreativo y Deporte", "elemento": "Canchas deportivas m\u00faltiples.", "tipologia": "Zonal", "gestion": "P\u00fablico", "estado": "Regular", "parroquia": "RIOBAMBA", "observaciones": "Por las afueras de la cancha en m\u00e1s estado lleno de polvo el piso canchas en regular estado"}, "geometry": {"type": "Point", "coordinates": [-78.6442, -1.659934]}}, {"type": "Feature", "properties": {"id": "c87d0320-114b-493c-85f5-94b961aae5ea", "nombre": "Odonto cent", "tipo": "Salud", "elemento": "Hospital b\u00e1sico o cl\u00ednicas", "tipologia": "Zonal", "gestion": "Privado", "estado": "Bueno", "parroquia": "RIOBAMBA", "observaciones": ""}, "geometry": {"type": "Point", "coordinates": [-78.638901, -1.659336]}}, {"type": "Feature", "properties": {"id": "ca8e2812-753b-4115-8d94-91a42f7a0a6f", "nombre": "Sede de la cooperativa de taxis Los Altares", "tipo": "Transporte", "elemento": "Parada de taxis", "tipologia": "Zonal", "gestion": "P\u00fablico", "estado": "Regular", "parroquia": "RIOBAMBA", "observaciones": ""}, "geometry": {"type": "Point", "coordinates": [-78.640162, -1.661001]}}, {"type": "Feature", "properties": {"id": "33947ca8-1e45-4984-81c4-31eefc77772e", "nombre": "IGLESIA DE DIOS DE LA BIBLIA", "tipo": "Religioso", "elemento": "Iglesias hasta 200 puestos", "tipologia": "Barrial", "gestion": "P\u00fablico", "estado": "Bueno", "parroquia": "RIOBAMBA", "observaciones": ""}, "geometry": {"type": "Point", "coordinates": [-78.634816, -1.658345]}}, {"type": "Feature", "properties": {"id": "95dffd46-c375-43cc-88f3-c49c01a02db4", "nombre": "Unidad educativa Comil", "tipo": "Educaci\u00f3n", "elemento": "Colegios secundarios", "tipologia": "Zonal", "gestion": "Privado", "estado": "Bueno", "parroquia": "RIOBAMBA", "observaciones": ""}, "geometry": {"type": "Point", "coordinates": [-78.649226, -1.663566]}}, {"type": "Feature", "properties": {"id": "502ea874-1fe3-4237-82f9-66da7f360884", "nombre": "Estaci\u00f3n de servicio", "tipo": "Infraestructura", "elemento": "Bater\u00edas sanitarias", "tipologia": "Barrial", "gestion": "Privado", "estado": "Regular", "parroquia": "RIOBAMBA", "observaciones": ""}, "geometry": {"type": "Point", "coordinates": [-78.647953, -1.660797]}}, {"type": "Feature", "properties": {"id": "ca804791-9bf4-49a6-8b84-c9755c963c59", "nombre": "Calles Xavier Espinoza y Alausi", "tipo": "Recreativo y Deporte", "elemento": "Parques tem\u00e1ticos", "tipologia": "Cantonal", "gestion": "P\u00fablico", "estado": "Regular", "parroquia": "RIOBAMBA", "observaciones": "El parque necesita mantenimiento en el piso"}, "geometry": {"type": "Point", "coordinates": [-78.645177, -1.660801]}}, {"type": "Feature", "properties": {"id": "bd3c58e5-7525-45f4-85da-89a37ad3c353", "nombre": "Carlos Garbay", "tipo": "Educaci\u00f3n", "elemento": "Institutos de educaci\u00f3n especial", "tipologia": "Zonal", "gestion": "P\u00fablico", "estado": "Bueno", "parroquia": "RIOBAMBA", "observaciones": "Esta en buenas condiciones"}, "geometry": {"type": "Point", "coordinates": [-78.64248, -1.656343]}}, {"type": "Feature", "properties": {"id": "47ad4d86-d73c-43e3-85c2-e00aab6a65d3", "nombre": "Plaza La Esperanza 2", "tipo": "Administraci\u00f3n P\u00fablica", "elemento": "Municipio", "tipologia": "Cantonal", "gestion": "P\u00fablico", "estado": "Regular", "parroquia": "RIOBAMBA", "observaciones": "No hay nada como plaza o mercado"}, "geometry": {"type": "Point", "coordinates": [-78.640449, -1.660789]}}, {"type": "Feature", "properties": {"id": "10ed16dd-712b-48ad-815b-4a5009a35ac9", "nombre": "Calles Javier Espinoza y alausi ( barrio 21 de abril )", "tipo": "Recreativo y Deporte", "elemento": "Parques tem\u00e1ticos", "tipologia": "Cantonal", "gestion": "P\u00fablico", "estado": "Malo", "parroquia": "RIOBAMBA", "observaciones": "Se requiere del piso en mantenimiento eh iluminar\u00eda"}, "geometry": {"type": "Point", "coordinates": [-78.687288, -1.634005]}}, {"type": "Feature", "properties": {"id": "abb74e39-0a9f-49d2-8208-8346865afb1d", "nombre": "Bater\u00eda Sanitaria La Esperanza 2", "tipo": "Infraestructura", "elemento": "Bater\u00edas sanitarias", "tipologia": "Barrial", "gestion": "P\u00fablico", "estado": "Regular", "parroquia": "RIOBAMBA", "observaciones": ""}, "geometry": {"type": "Point", "coordinates": [-78.640135, -1.660579]}}, {"type": "Feature", "properties": {"id": "92413d1d-5c25-40de-8c08-e764f996a7b3", "nombre": "Jer\u00f3nimo Carrion y sn", "tipo": "Recreativo y Deporte", "elemento": "Cancha de futbol sint\u00e9tica", "tipologia": "Zonal", "gestion": "P\u00fablico", "estado": "Regular", "parroquia": "RIOBAMBA", "observaciones": ""}, "geometry": {"type": "Point", "coordinates": [-78.645974, -1.658652]}}, {"type": "Feature", "properties": {"id": "3af4c612-0ece-42a5-8c5b-048b884f3226", "nombre": "Iglesia tras de la unach", "tipo": "Religioso", "elemento": "Iglesias hasta 200 puestos", "tipologia": "Barrial", "gestion": "P\u00fablico", "estado": "Regular", "parroquia": "RIOBAMBA", "observaciones": "Necesita cuidado y limpieza al rededor de la iglesia"}, "geometry": {"type": "Point", "coordinates": [-78.640476, -1.653775]}}, {"type": "Feature", "properties": {"id": "1255b732-5d83-4ad2-852f-c93538649f61", "nombre": "Canchas de la 21 de abril", "tipo": "Recreativo y Deporte", "elemento": "Canchas deportivas m\u00faltiples.", "tipologia": "Zonal", "gestion": "P\u00fablico", "estado": "Malo", "parroquia": "RIOBAMBA", "observaciones": ""}, "geometry": {"type": "Point", "coordinates": [-78.645775, -1.658359]}}, {"type": "Feature", "properties": {"id": "c5d126f6-a880-447f-80c6-80036ecd7092", "nombre": "Plaza esperanza 1", "tipo": "Administraci\u00f3n P\u00fablica", "elemento": "Municipio", "tipologia": "Cantonal", "gestion": "P\u00fablico", "estado": "Regular", "parroquia": "RIOBAMBA", "observaciones": "No existe bater\u00eda sanitaria y se activa mi\u00e9rcoles y s\u00e1bado"}, "geometry": {"type": "Point", "coordinates": [-78.641447, -1.661712]}}, {"type": "Feature", "properties": {"id": "b0e8133d-38b6-486a-8ba2-ab67df6effb8", "nombre": "Sede social Aso. Emprendedores 21 de abril", "tipo": "Administraci\u00f3n P\u00fablica", "elemento": "Sedes de gremios y federaciones de profesionales", "tipologia": "Zonal", "gestion": "Privado", "estado": "Regular", "parroquia": "RIOBAMBA", "observaciones": ""}, "geometry": {"type": "Point", "coordinates": [-78.645871, -1.658308]}}, {"type": "Feature", "properties": {"id": "bbe56116-ab5d-4af0-8df6-ea5a188df91c", "nombre": "Canchas de Voley de la 21 de abril", "tipo": "Recreativo y Deporte", "elemento": "Canchas de v\u00f3ley", "tipologia": "Zonal", "gestion": "Privado", "estado": "Regular", "parroquia": "RIOBAMBA", "observaciones": ""}, "geometry": {"type": "Point", "coordinates": [-78.645867, -1.65827]}}, {"type": "Feature", "properties": {"id": "3554b2b9-be05-46a0-9a9a-2d3a9ec21ded", "nombre": "Centro evangelico la grey de Dios", "tipo": "Religioso", "elemento": "Conventos y monasterios", "tipologia": "Cantonal", "gestion": "Privado", "estado": "Regular", "parroquia": "RIOBAMBA", "observaciones": ""}, "geometry": {"type": "Point", "coordinates": [-78.641227, -1.661138]}}, {"type": "Feature", "properties": {"id": "b32671e5-d15d-4c37-84b2-4309a41c4517", "nombre": "Dr. German Aabdo touma", "tipo": "Educaci\u00f3n", "elemento": "Escuelas", "tipologia": "Barrial", "gestion": "P\u00fablico", "estado": "Regular", "parroquia": "RIOBAMBA", "observaciones": ""}, "geometry": {"type": "Point", "coordinates": [-78.641295, -1.661128]}}, {"type": "Feature", "properties": {"id": "7eabeadf-db91-4cb7-8c5c-945ec743b1e5", "nombre": "Iglesia del Nazareno", "tipo": "Religioso", "elemento": "Iglesias hasta 200 puestos", "tipologia": "Barrial", "gestion": "P\u00fablico", "estado": "Regular", "parroquia": "RIOBAMBA", "observaciones": ""}, "geometry": {"type": "Point", "coordinates": [-78.640569, -1.653718]}}, {"type": "Feature", "properties": {"id": "d123e3be-5bb5-428f-8b3a-7043d357e247", "nombre": "Estaci\u00f3n de la Empresa El\u00e9ctrica", "tipo": "Administraci\u00f3n P\u00fablica", "elemento": "Oficinas de agua potable, energ\u00eda el\u00e9ctrica, tel\u00e9fonos", "tipologia": "Zonal", "gestion": "Privado", "estado": "Regular", "parroquia": "RIOBAMBA", "observaciones": ""}, "geometry": {"type": "Point", "coordinates": [-78.645144, -1.655996]}}, {"type": "Feature", "properties": {"id": "869e0652-c059-4c79-8524-32eba1f0ad6a", "nombre": "Esperanza 2", "tipo": "Especial", "elemento": "Mercado", "tipologia": "Cantonal", "gestion": "P\u00fablico", "estado": "Regular", "parroquia": "RIOBAMBA", "observaciones": "Apertura miercoles y sabado"}, "geometry": {"type": "Point", "coordinates": [-78.640751, -1.660725]}}, {"type": "Feature", "properties": {"id": "cb999234-5828-49ed-877e-3b09026a6c9a", "nombre": "Canchas del esfuerzo 2", "tipo": "Recreativo y Deporte", "elemento": "Parque con gimnasio al aire libre", "tipologia": "Zonal", "gestion": "P\u00fablico", "estado": "Bueno", "parroquia": "RIOBAMBA", "observaciones": ""}, "geometry": {"type": "Point", "coordinates": [-78.643233, -1.663062]}}, {"type": "Feature", "properties": {"id": "669a52cb-d989-470d-8181-229d9fb3976f", "nombre": "Federaci\u00f3n", "tipo": "Recreativo y Deporte", "elemento": "Termas y balnearios", "tipologia": "Cantonal", "gestion": "Privado", "estado": "Regular", "parroquia": "RIOBAMBA", "observaciones": ""}, "geometry": {"type": "Point", "coordinates": [-78.644173, -1.656658]}}, {"type": "Feature", "properties": {"id": "45d46cb1-6c6e-4ebf-8ac8-05a88e798b60", "nombre": "Centro de especialidades medicas Mosquera", "tipo": "Salud", "elemento": "Hospital b\u00e1sico o cl\u00ednicas", "tipologia": "Zonal", "gestion": "Privado", "estado": "Bueno", "parroquia": "RIOBAMBA", "observaciones": ""}, "geometry": {"type": "Point", "coordinates": [-78.640088, -1.660188]}}, {"type": "Feature", "properties": {"id": "a9b739b6-8d29-4d8d-8900-5d9b1894a4f9", "nombre": "Federaci\u00f3n", "tipo": "Recreativo y Deporte", "elemento": "Canchas deportivas m\u00faltiples.", "tipologia": "Zonal", "gestion": "Privado", "estado": "Regular", "parroquia": "RIOBAMBA", "observaciones": ""}, "geometry": {"type": "Point", "coordinates": [-78.644184, -1.656696]}}, {"type": "Feature", "properties": {"id": "17d63bbe-8d97-4d5a-83b6-64f32163f09e", "nombre": "Santa Monica", "tipo": "Salud", "elemento": "Centros de rehabilitaci\u00f3n f\u00edsica integral", "tipologia": "Zonal", "gestion": "Privado", "estado": "Bueno", "parroquia": "RIOBAMBA", "observaciones": ""}, "geometry": {"type": "Point", "coordinates": [-78.643877, -1.6573]}}, {"type": "Feature", "properties": {"id": "dcd44c6e-b88d-4ec9-8eff-3eb7e14e0fb6", "nombre": "Canchas El Maravilla", "tipo": "Recreativo y Deporte", "elemento": "Canchas de v\u00f3ley", "tipologia": "Zonal", "gestion": "Privado", "estado": "Regular", "parroquia": "RIOBAMBA", "observaciones": ""}, "geometry": {"type": "Point", "coordinates": [-78.649137, -1.663665]}}, {"type": "Feature", "properties": {"id": "bd9e18d4-8f47-4bc9-a64e-182a68839c43", "nombre": "SN", "tipo": "Recreativo y Deporte", "elemento": "Canchas deportivas m\u00faltiples.", "tipologia": "Zonal", "gestion": "P\u00fablico", "estado": "Malo", "parroquia": "RIOBAMBA", "observaciones": "En mal estado y abandomo"}, "geometry": {"type": "Point", "coordinates": [-78.638066, -1.660211]}}, {"type": "Feature", "properties": {"id": "0847daba-cc74-4dc7-89b6-bef355952a0f", "nombre": "Mercado Bol\u00edvar Chiriboga", "tipo": "Especial", "elemento": "Mercado", "tipologia": "Cantonal", "gestion": "P\u00fablico", "estado": "Regular", "parroquia": "RIOBAMBA", "observaciones": "Estado Regular pintar locales arreglo de rejillas de desague gradas a la avenida Cordovez estado malo."}, "geometry": {"type": "Point", "coordinates": [-78.643972, -1.665726]}}, {"type": "Feature", "properties": {"id": "833a1bab-1368-4e0e-8737-f5ba2d4381c5", "nombre": "Cooperativa de transporte pesado Sultana", "tipo": "Transporte", "elemento": "Parada de transporte p\u00fablico, buses", "tipologia": "Zonal", "gestion": "Privado", "estado": "Regular", "parroquia": "RIOBAMBA", "observaciones": "Servicio de encomiendas y mudanzas a todo el\nPa\u00eds"}, "geometry": {"type": "Point", "coordinates": [-78.641105, -1.653805]}}, {"type": "Feature", "properties": {"id": "7ed4dba2-ad83-4032-bcc7-df92033e8868", "nombre": "Coop los altares", "tipo": "Transporte", "elemento": "Parada de taxis", "tipologia": "Zonal", "gestion": "Privado", "estado": "Regular", "parroquia": "RIOBAMBA", "observaciones": ""}, "geometry": {"type": "Point", "coordinates": [-78.640122, -1.661098]}}, {"type": "Feature", "properties": {"id": "67c36093-960c-4743-840c-273a0001f9c0", "nombre": "Galo plaza lazo", "tipo": "Recreativo y Deporte", "elemento": "Parques tem\u00e1ticos", "tipologia": "Cantonal", "gestion": "P\u00fablico", "estado": "Malo", "parroquia": "RIOBAMBA", "observaciones": "Parque en las estado"}, "geometry": {"type": "Point", "coordinates": [-78.645785, -1.658409]}}, {"type": "Feature", "properties": {"id": "9448fe44-c2f1-442e-87f0-53616cab5c70", "nombre": "Parque sin nombre", "tipo": "Recreativo y Deporte", "elemento": "Parques infantiles con jardines sin canchas", "tipologia": "Barrial", "gestion": "P\u00fablico", "estado": "Malo", "parroquia": "RIOBAMBA", "observaciones": "Mal estado acudir con urgencia"}, "geometry": {"type": "Point", "coordinates": [-78.63956, -1.655395]}}, {"type": "Feature", "properties": {"id": "5a5b867b-832e-4cee-8730-32e032906001", "nombre": "Canchas el esfuerzo 2", "tipo": "Recreativo y Deporte", "elemento": "Canchas deportivas m\u00faltiples.", "tipologia": "Zonal", "gestion": "P\u00fablico", "estado": "Bueno", "parroquia": "RIOBAMBA", "observaciones": ""}, "geometry": {"type": "Point", "coordinates": [-78.6444, -1.663108]}}, {"type": "Feature", "properties": {"id": "c32520df-889f-431e-8e34-1aab57f32782", "nombre": "Cancha el esfuerzo 1", "tipo": "Recreativo y Deporte", "elemento": "Parque con gimnasio al aire libre", "tipologia": "Zonal", "gestion": "P\u00fablico", "estado": "Bueno", "parroquia": "RIOBAMBA", "observaciones": ""}, "geometry": {"type": "Point", "coordinates": [-78.643531, -1.663144]}}, {"type": "Feature", "properties": {"id": "bb6dbff9-f264-4bf0-842f-85f999052e70", "nombre": "Parque", "tipo": "Recreativo y Deporte", "elemento": "Canchas deportivas m\u00faltiples.", "tipologia": "Zonal", "gestion": "P\u00fablico", "estado": "Bueno", "parroquia": "RIOBAMBA", "observaciones": ""}, "geometry": {"type": "Point", "coordinates": [-78.642796, -1.658513]}}, {"type": "Feature", "properties": {"id": "fdfc9ea3-b95e-4b2d-8770-6bd2b78d5a79", "nombre": "OG-VET", "tipo": "Especial", "elemento": "Hospitales veterinarios", "tipologia": "Zonal", "gestion": "Privado", "estado": "Bueno", "parroquia": "RIOBAMBA", "observaciones": "Sin observaciones"}, "geometry": {"type": "Point", "coordinates": [-78.639036, -1.657718]}}, {"type": "Feature", "properties": {"id": "c0872dcb-49e0-4c6c-8325-752e1200d9c0", "nombre": "Parada de bus", "tipo": "Transporte", "elemento": "Parada de transporte p\u00fablico, buses", "tipologia": "Zonal", "gestion": "P\u00fablico", "estado": "Regular", "parroquia": "RIOBAMBA", "observaciones": "Sin observaciones"}, "geometry": {"type": "Point", "coordinates": [-78.638683, -1.658265]}}, {"type": "Feature", "properties": {"id": "87016a51-2443-4d60-8299-9fa4e3f2f8ca", "nombre": "Pozo Los \u00c1ngeles", "tipo": "Infraestructura", "elemento": "Estaciones o subestaci\u00f3n de bombeo de agua", "tipologia": "Zonal", "gestion": "P\u00fablico", "estado": "Regular", "parroquia": "RIOBAMBA", "observaciones": "Puertas oxidada"}, "geometry": {"type": "Point", "coordinates": [-78.636951, -1.656242]}}, {"type": "Feature", "properties": {"id": "1856ab2a-0024-46dd-8e69-ab7417b1a7b6", "nombre": "Clinica Odontologica San Nicol\u00e1s", "tipo": "Salud", "elemento": "Hospital b\u00e1sico o cl\u00ednicas", "tipologia": "Zonal", "gestion": "Privado", "estado": "Regular", "parroquia": "RIOBAMBA", "observaciones": ""}, "geometry": {"type": "Point", "coordinates": [-78.627499, -1.657658]}}, {"type": "Feature", "properties": {"id": "ceceaf17-7313-414f-81dd-ee8d601c0b1e", "nombre": "Parque 21 de abril", "tipo": "Recreativo y Deporte", "elemento": "Canchas deportivas m\u00faltiples.", "tipologia": "Zonal", "gestion": "P\u00fablico", "estado": "Regular", "parroquia": "RIOBAMBA", "observaciones": "Se requiere de m\u00e1s cuidado y pongan juegos para los ni\u00f1os"}, "geometry": {"type": "Point", "coordinates": [-78.640399, -1.657112]}}, {"type": "Feature", "properties": {"id": "9a54ddc4-7708-4dc9-823a-b34d57a98ac8", "nombre": "Terminal oriental", "tipo": "Transporte", "elemento": "Terminal terrestre cantonal y regional", "tipologia": "Cantonal", "gestion": "P\u00fablico", "estado": "Regular", "parroquia": "RIOBAMBA", "observaciones": "Estado regular  los parqueaderos alado de encuentra cooperativa de carga pesada rey del oriente"}, "geometry": {"type": "Point", "coordinates": [-78.643493, -1.666339]}}, {"type": "Feature", "properties": {"id": "321c161e-4747-4c34-8465-0c46c46d8d43", "nombre": "Compa\u00f1\u00eda de taxis ejecutivos \u201cCiclontaxi S.A.\u201d", "tipo": "Transporte", "elemento": "Parada de taxis", "tipologia": "Zonal", "gestion": "Privado", "estado": "Bueno", "parroquia": "RIOBAMBA", "observaciones": "Sin observaciones"}, "geometry": {"type": "Point", "coordinates": [-78.638318, -1.658464]}}, {"type": "Feature", "properties": {"id": "2f6857ff-ee77-482a-8515-8b088cab404f", "nombre": "Sovi kids Nursery School", "tipo": "Educaci\u00f3n", "elemento": "Establecimientos de educaci\u00f3n inicial", "tipologia": "Barrial", "gestion": "Privado", "estado": "Bueno", "parroquia": "RIOBAMBA", "observaciones": "Esquinero casa de 2 pisos"}, "geometry": {"type": "Point", "coordinates": [-78.642258, -1.657339]}}, {"type": "Feature", "properties": {"id": "26dbfe26-2f57-4800-821d-e32b2f008127", "nombre": "Centro de apoyo pedag\u00f3gico Nido del saber", "tipo": "Educaci\u00f3n", "elemento": "Establecimientos de educaci\u00f3n inicial", "tipologia": "Barrial", "gestion": "Privado", "estado": "Regular", "parroquia": "RIOBAMBA", "observaciones": ""}, "geometry": {"type": "Point", "coordinates": [-78.627499, -1.657658]}}, {"type": "Feature", "properties": {"id": "c658d413-e501-47ec-880d-e3ac0f392c08", "nombre": "Sovikids", "tipo": "Educaci\u00f3n", "elemento": "Establecimientos de educaci\u00f3n inicial", "tipologia": "Barrial", "gestion": "P\u00fablico", "estado": "Bueno", "parroquia": "", "observaciones": "Casa de 2 pisos color marr\u00f3n"}, "geometry": {"type": "Point", "coordinates": [-78.679559, -1.640475]}}, {"type": "Feature", "properties": {"id": "0e6b1a57-7b47-4486-861a-d91484309e0d", "nombre": "Parque Gal\u00e1pagos", "tipo": "Recreativo y Deporte", "elemento": "Parque con gimnasio al aire libre", "tipologia": "Zonal", "gestion": "P\u00fablico", "estado": "Bueno", "parroquia": "RIOBAMBA", "observaciones": "En buen estado"}, "geometry": {"type": "Point", "coordinates": [-78.644481, -1.65659]}}, {"type": "Feature", "properties": {"id": "72f841bb-918e-473d-8a95-23c80217e87d", "nombre": "Pista de patinaje", "tipo": "Recreativo y Deporte", "elemento": "Pista de patinaje", "tipologia": "Cantonal", "gestion": "Privado", "estado": "Bueno", "parroquia": "RIOBAMBA", "observaciones": "Sin novedad"}, "geometry": {"type": "Point", "coordinates": [-78.642114, -1.660207]}}, {"type": "Feature", "properties": {"id": "14cc6bb7-7bc8-4a8e-8280-b01b840efb3a", "nombre": "Unidad Educativa San Pablo Campus Nivel Inicial", "tipo": "Educaci\u00f3n", "elemento": "Establecimientos de educaci\u00f3n inicial", "tipologia": "Barrial", "gestion": "Privado", "estado": "Bueno", "parroquia": "RIOBAMBA", "observaciones": "Institucion de una planta con ventanas de colores"}, "geometry": {"type": "Point", "coordinates": [-78.642119, -1.655815]}}, {"type": "Feature", "properties": {"id": "969f974c-ded4-41db-8f61-c5f629349f8d", "nombre": "Iglesia Cristiana Evang\u00e9lica Campo Blanco Riobamba", "tipo": "Religioso", "elemento": "Conventos y monasterios", "tipologia": "Cantonal", "gestion": "Privado", "estado": "Bueno", "parroquia": "RIOBAMBA", "observaciones": "Edificaci\u00f3n de 2 pisos"}, "geometry": {"type": "Point", "coordinates": [-78.642222, -1.655877]}}, {"type": "Feature", "properties": {"id": "7330b319-3111-4231-887b-7b2ac301e8e6", "nombre": "Coop Monse\u00f1or Leonidas Proa\u00f1o", "tipo": "Transporte", "elemento": "Parada de taxis", "tipologia": "Zonal", "gestion": "Privado", "estado": "Bueno", "parroquia": "RIOBAMBA", "observaciones": ""}, "geometry": {"type": "Point", "coordinates": [-78.642669, -1.65681]}}, {"type": "Feature", "properties": {"id": "9506db5d-d9b4-47bd-881d-ba09d5aace88", "nombre": "Unidad Educativa Especializada Carlos Garbay Montesdeoca", "tipo": "Educaci\u00f3n", "elemento": "Institutos de educaci\u00f3n especial", "tipologia": "Zonal", "gestion": "P\u00fablico", "estado": "Bueno", "parroquia": "RIOBAMBA", "observaciones": ""}, "geometry": {"type": "Point", "coordinates": [-78.642514, -1.656369]}}, {"type": "Feature", "properties": {"id": "8ffde667-4a89-4666-86a3-0db7a2fd41c9", "nombre": "Estadio Unach", "tipo": "Recreativo y Deporte", "elemento": "Canchas deportivas m\u00faltiples.", "tipologia": "Zonal", "gestion": "Privado", "estado": "Regular", "parroquia": "RIOBAMBA", "observaciones": ""}, "geometry": {"type": "Point", "coordinates": [-78.641473, -1.654113]}}, {"type": "Feature", "properties": {"id": "071be756-8ab7-44d4-82ed-3f61be9da8af", "nombre": "Plaza la Esperanza", "tipo": "Especial", "elemento": "Mercado", "tipologia": "Cantonal", "gestion": "P\u00fablico", "estado": "Bueno", "parroquia": "", "observaciones": ""}, "geometry": {"type": "Point", "coordinates": [-78.640627, -1.661055]}}, {"type": "Feature", "properties": {"id": "d00133b3-9f64-4084-892a-395e58b0ca43", "nombre": "Miguel \u00c1ngel Leon", "tipo": "Educaci\u00f3n", "elemento": "Escuelas", "tipologia": "Barrial", "gestion": "P\u00fablico", "estado": "Regular", "parroquia": "RIOBAMBA", "observaciones": ""}, "geometry": {"type": "Point", "coordinates": [-78.644386, -1.665276]}}, {"type": "Feature", "properties": {"id": "022a0177-31d9-438b-811d-52f445136973", "nombre": "Desconocido- Bien Mostrenco", "tipo": "Recreativo y Deporte", "elemento": "Canchas deportivas m\u00faltiples.", "tipologia": "Zonal", "gestion": "P\u00fablico", "estado": "Regular", "parroquia": "RIOBAMBA", "observaciones": "Parque y casa barrial"}, "geometry": {"type": "Point", "coordinates": [-78.639657, -1.656912]}}, {"type": "Feature", "properties": {"id": "d79ef14b-fefb-49a7-8871-fdc2e1382baf", "nombre": "Plaza de las Hierbas", "tipo": "Especial", "elemento": "Mercado", "tipologia": "Cantonal", "gestion": "P\u00fablico", "estado": "Bueno", "parroquia": "RIOBAMBA", "observaciones": "Plaza de las Hierbas y Cancha deportiva"}, "geometry": {"type": "Point", "coordinates": [-78.644525, -1.662653]}}, {"type": "Feature", "properties": {"id": "e7c453f6-c012-4397-8af2-d85a0d93398e", "nombre": "Desconocido", "tipo": "Recreativo y Deporte", "elemento": "Parques infantiles con jardines sin canchas", "tipologia": "Barrial", "gestion": "P\u00fablico", "estado": "Malo", "parroquia": "RIOBAMBA", "observaciones": "Malas condiciones"}, "geometry": {"type": "Point", "coordinates": [-78.639997, -1.655438]}}, {"type": "Feature", "properties": {"id": "5e0ed1e0-b3c2-4d9d-8f39-a7ce129df76e", "nombre": "Estad\u00edo de la UNACH", "tipo": "Recreativo y Deporte", "elemento": "Estadios ol\u00edmpicos", "tipologia": "Cantonal", "gestion": "Privado", "estado": "Regular", "parroquia": "", "observaciones": ""}, "geometry": {"type": "Point", "coordinates": [-78.641651, -1.653739]}}, {"type": "Feature", "properties": {"id": "4dcd7ad5-5353-4d2f-83f2-2ab21e9670d4", "nombre": "Canchas de f\u00fatbol Gal\u00e1pagos", "tipo": "Recreativo y Deporte", "elemento": "Estadios barriales", "tipologia": "Zonal", "gestion": "P\u00fablico", "estado": "Malo", "parroquia": "", "observaciones": ""}, "geometry": {"type": "Point", "coordinates": [-78.642702, -1.658827]}}, {"type": "Feature", "properties": {"id": "a6e049a1-b303-433e-8021-ae088b3a2364", "nombre": "Piscinas evora", "tipo": "Recreativo y Deporte", "elemento": "Piscinas", "tipologia": "Zonal", "gestion": "P\u00fablico", "estado": "Bueno", "parroquia": "", "observaciones": ""}, "geometry": {"type": "Point", "coordinates": [-78.642807, -1.660357]}}, {"type": "Feature", "properties": {"id": "9338dc0f-05d0-4b08-8784-a25d54505ddc", "nombre": "Estad\u00edo 21 de abril", "tipo": "Recreativo y Deporte", "elemento": "Estadios barriales", "tipologia": "Zonal", "gestion": "P\u00fablico", "estado": "Bueno", "parroquia": "", "observaciones": ""}, "geometry": {"type": "Point", "coordinates": [-78.643282, -1.662]}}, {"type": "Feature", "properties": {"id": "40b1d9d4-8caf-4881-8e03-ef8440e7e384", "nombre": "Parque canchas", "tipo": "Recreativo y Deporte", "elemento": "Canchas deportivas m\u00faltiples.", "tipologia": "Zonal", "gestion": "Privado", "estado": "Regular", "parroquia": "RIOBAMBA", "observaciones": "Cancha basket"}, "geometry": {"type": "Point", "coordinates": [-78.669593, -1.65499]}}, {"type": "Feature", "properties": {"id": "b12cdb9b-da81-4cae-8cdf-e0ee2f6685d2", "nombre": "Cancha ciudadela Ingenierios Civiles", "tipo": "Recreativo y Deporte", "elemento": "Canchas deportivas m\u00faltiples.", "tipologia": "Zonal", "gestion": "Privado", "estado": "Regular", "parroquia": "RIOBAMBA", "observaciones": "Explanada descuidada \u00e1rea verde sector Cdla. Ingenieros Civiles"}, "geometry": {"type": "Point", "coordinates": [-78.669689, -1.653434]}}, {"type": "Feature", "properties": {"id": "c0f924c5-8f64-40f5-8540-46555e796368", "nombre": "Rinconcitos de amor", "tipo": "Bienestar Social", "elemento": "Centros infantiles, guarder\u00edas o wawatecas", "tipologia": "Barrial", "gestion": "P\u00fablico", "estado": "Bueno", "parroquia": "RIOBAMBA", "observaciones": "Centro CDI en buen estado"}, "geometry": {"type": "Point", "coordinates": [-78.671701, -1.651358]}}, {"type": "Feature", "properties": {"id": "8a84a156-e06a-4afc-8262-c0b1cee07239", "nombre": "Canchas El Retamal", "tipo": "Recreativo y Deporte", "elemento": "Canchas deportivas m\u00faltiples.", "tipologia": "Zonal", "gestion": "P\u00fablico", "estado": "", "parroquia": "RIOBAMBA", "observaciones": "Canchas de futbol"}, "geometry": {"type": "Point", "coordinates": [-78.671699, -1.651361]}}, {"type": "Feature", "properties": {"id": "3518eb50-1ecf-417d-88b1-58066bf582bb", "nombre": "Escucha General La Valle", "tipo": "Educaci\u00f3n", "elemento": "Establecimientos de educaci\u00f3n inicial", "tipologia": "Barrial", "gestion": "P\u00fablico", "estado": "Bueno", "parroquia": "RIOBAMBA", "observaciones": "Escuela Inicial ll"}, "geometry": {"type": "Point", "coordinates": [-78.670671, -1.651504]}}, {"type": "Feature", "properties": {"id": "10291bc5-c86b-4ce5-809f-46f1a48c2f98", "nombre": "Parque Maestros 13 de Abril", "tipo": "Recreativo y Deporte", "elemento": "Parque con gimnasio al aire libre", "tipologia": "Zonal", "gestion": "P\u00fablico", "estado": "Bueno", "parroquia": "RIOBAMBA", "observaciones": "Hace falta pintar grader\u00edos vegetaci\u00f3n regular"}, "geometry": {"type": "Point", "coordinates": [-78.672097, -1.656561]}}, {"type": "Feature", "properties": {"id": "d15534d0-86dc-4a58-83b7-8b68140896e2", "nombre": "Parque 11 de Agosto", "tipo": "Recreativo y Deporte", "elemento": "Canchas deportivas m\u00faltiples.", "tipologia": "Zonal", "gestion": "P\u00fablico", "estado": "Bueno", "parroquia": "RIOBAMBA", "observaciones": ""}, "geometry": {"type": "Point", "coordinates": [-78.669246, -1.652152]}}, {"type": "Feature", "properties": {"id": "41360249-0534-43fe-8768-f709a3886b8d", "nombre": "Centro comercial la Condamine", "tipo": "Especial", "elemento": "Mercado", "tipologia": "Cantonal", "gestion": "P\u00fablico", "estado": "Bueno", "parroquia": "RIOBAMBA", "observaciones": "Sin observaciones"}, "geometry": {"type": "Point", "coordinates": [-78.65624, -1.673328]}}, {"type": "Feature", "properties": {"id": "91e12210-8d6f-4f75-8436-1d54cd87975c", "nombre": "Coop. Monse\u00f1or Leonidas Proa\u00f1o", "tipo": "Transporte", "elemento": "Parada de taxis", "tipologia": "Zonal", "gestion": "Privado", "estado": "Regular", "parroquia": "RIOBAMBA", "observaciones": ""}, "geometry": {"type": "Point", "coordinates": [-78.657153, -1.674411]}}, {"type": "Feature", "properties": {"id": "bb4938dd-09c9-4fea-8c07-1cc8e4cfee2d", "nombre": "Compa\u00f1\u00eda Shiry Cacha", "tipo": "Transporte", "elemento": "Parada de camionetas", "tipologia": "Zonal", "gestion": "P\u00fablico", "estado": "Bueno", "parroquia": "RIOBAMBA", "observaciones": "Sin observaciones"}, "geometry": {"type": "Point", "coordinates": [-78.656985, -1.674372]}}, {"type": "Feature", "properties": {"id": "346de588-0a4c-4908-815b-087183e6cbee", "nombre": "Cooperativa la Condamine", "tipo": "Transporte", "elemento": "Parada de taxis", "tipologia": "Zonal", "gestion": "Privado", "estado": "Bueno", "parroquia": "RIOBAMBA", "observaciones": "Sin observaciones"}, "geometry": {"type": "Point", "coordinates": [-78.65628, -1.673664]}}, {"type": "Feature", "properties": {"id": "735146a2-cd9b-4f85-89ad-5f4e3ab421dd", "nombre": "A mas de cien", "tipo": "Salud", "elemento": "Centros de rehabilitaci\u00f3n f\u00edsica integral", "tipologia": "Zonal", "gestion": "Privado", "estado": "Regular", "parroquia": "RIOBAMBA", "observaciones": "Centro de rehabilitaci\u00f3n fisica"}, "geometry": {"type": "Point", "coordinates": [-78.64059, -1.674166]}}, {"type": "Feature", "properties": {"id": "b8ea0ea2-8f59-458c-8771-738f3e2fe7e3", "nombre": "ESTADIO OLIMPICO FERNANDO GUERRERO GUERRERO", "tipo": "Recreativo y Deporte", "elemento": "Estadios ol\u00edmpicos", "tipologia": "Cantonal", "gestion": "Privado", "estado": "Regular", "parroquia": "RIOBAMBA", "observaciones": ""}, "geometry": {"type": "Point", "coordinates": [-78.659621, -1.666454]}}, {"type": "Feature", "properties": {"id": "d6124303-7057-4727-8377-71aa022a6202", "nombre": "San Felipe Neri", "tipo": "Educaci\u00f3n", "elemento": "Unidades educativas (niveles b\u00e1sico y bachillerato)", "tipologia": "Zonal", "gestion": "P\u00fablico", "estado": "Bueno", "parroquia": "RIOBAMBA", "observaciones": ""}, "geometry": {"type": "Point", "coordinates": [-78.645429, -1.673635]}}, {"type": "Feature", "properties": {"id": "590ccfbb-0f67-46d7-88b8-1ed3d4b7e1f1", "nombre": "COLEGIO JEFFERSON INSTITUTO A.B.C", "tipo": "Educaci\u00f3n", "elemento": "Centros e institutos tecnol\u00f3gicos superiores", "tipologia": "Cantonal", "gestion": "Privado", "estado": "", "parroquia": "RIOBAMBA", "observaciones": ""}, "geometry": {"type": "Point", "coordinates": [-78.670297, -1.668542]}}, {"type": "Feature", "properties": {"id": "86edfe03-4195-4081-89d8-e439b85409d9", "nombre": "COLEGIO JEFFERSON INSTITUTO A.B.C", "tipo": "Educaci\u00f3n", "elemento": "Centros e institutos tecnol\u00f3gicos superiores", "tipologia": "Cantonal", "gestion": "Privado", "estado": "Bueno", "parroquia": "RIOBAMBA", "observaciones": ""}, "geometry": {"type": "Point", "coordinates": [-78.670235, -1.66852]}}, {"type": "Feature", "properties": {"id": "072436c2-d2c1-430f-8c84-7c51d122f5fb", "nombre": "Parque ubicado entre la Juan Montalvo y 12 de octubre", "tipo": "Recreativo y Deporte", "elemento": "Canchas deportivas m\u00faltiples.", "tipologia": "Zonal", "gestion": "P\u00fablico", "estado": "Malo", "parroquia": "RIOBAMBA", "observaciones": "Sin observaciones"}, "geometry": {"type": "Point", "coordinates": [-78.658925, -1.675821]}}, {"type": "Feature", "properties": {"id": "89843885-7536-47c5-8665-118f0c55014a", "nombre": "COLEGIO DE INGENIEROS CIVILES DE CHIMBORAZO", "tipo": "Educaci\u00f3n", "elemento": "Centros e institutos tecnol\u00f3gicos superiores", "tipologia": "Cantonal", "gestion": "Privado", "estado": "Regular", "parroquia": "RIOBAMBA", "observaciones": ""}, "geometry": {"type": "Point", "coordinates": [-78.669735, -1.669374]}}, {"type": "Feature", "properties": {"id": "4c6ec55f-fb8a-4165-8fb0-7efe50de9f84", "nombre": "Agencia de regulaci\u00f3n y control minero", "tipo": "Administraci\u00f3n P\u00fablica", "elemento": "Edificios administrativos gobierno central o provincial", "tipologia": "Cantonal", "gestion": "P\u00fablico", "estado": "Regular", "parroquia": "RIOBAMBA", "observaciones": ""}, "geometry": {"type": "Point", "coordinates": [-78.669048, -1.667866]}}, {"type": "Feature", "properties": {"id": "5b9f858a-b773-4611-88dd-b17ae80ad610", "nombre": "Parque Bonilla Abarca", "tipo": "Recreativo y Deporte", "elemento": "Parque con gimnasio al aire libre", "tipologia": "Zonal", "gestion": "P\u00fablico", "estado": "Regular", "parroquia": "RIOBAMBA", "observaciones": "Sin observaciones"}, "geometry": {"type": "Point", "coordinates": [-78.658541, -1.673521]}}, {"type": "Feature", "properties": {"id": "9684b7e3-8c39-4729-8eda-74a87777bb6b", "nombre": "Hospital del dia", "tipo": "Salud", "elemento": "Hospital b\u00e1sico o cl\u00ednicas", "tipologia": "Zonal", "gestion": "Privado", "estado": "", "parroquia": "RIOBAMBA", "observaciones": ""}, "geometry": {"type": "Point", "coordinates": [-78.651925, -1.672023]}}, {"type": "Feature", "properties": {"id": "ae036d79-40fd-4788-8642-ef74d1a7e145", "nombre": "QUINTA MACAJI", "tipo": "Cultural", "elemento": "Centros de convenciones y exposiciones", "tipologia": "Zonal", "gestion": "P\u00fablico", "estado": "Bueno", "parroquia": "RIOBAMBA", "observaciones": ""}, "geometry": {"type": "Point", "coordinates": [-78.66623, -1.669927]}}, {"type": "Feature", "properties": {"id": "127ea95e-132e-4d3e-8116-bb9700c3c5ac", "nombre": "AMFAMED", "tipo": "Salud", "elemento": "Hospital b\u00e1sico o cl\u00ednicas", "tipologia": "Zonal", "gestion": "Privado", "estado": "Bueno", "parroquia": "RIOBAMBA", "observaciones": ""}, "geometry": {"type": "Point", "coordinates": [-78.661843, -1.667075]}}, {"type": "Feature", "properties": {"id": "986e9384-8d86-4a62-86ed-8535f9f1bb5c", "nombre": "Centro de Educaci\u00f3n B\u00e1sica 21 Abril", "tipo": "Educaci\u00f3n", "elemento": "Establecimientos de educaci\u00f3n inicial", "tipologia": "Barrial", "gestion": "P\u00fablico", "estado": "Regular", "parroquia": "RIOBAMBA", "observaciones": ""}, "geometry": {"type": "Point", "coordinates": [-78.658161, -1.673396]}}, {"type": "Feature", "properties": {"id": "622fd4e8-7c78-4e34-8e2a-e12a0ba4363a", "nombre": "Ministerio de agricultura, ganader\u00eda y pesca", "tipo": "Administraci\u00f3n P\u00fablica", "elemento": "Edificios administrativos gobierno central o provincial", "tipologia": "Cantonal", "gestion": "P\u00fablico", "estado": "Bueno", "parroquia": "RIOBAMBA", "observaciones": ""}, "geometry": {"type": "Point", "coordinates": [-78.665223, -1.670634]}}, {"type": "Feature", "properties": {"id": "c5d7cfca-3fb2-47c0-84b3-aacc7182cc22", "nombre": "PARQUE PURUHA", "tipo": "Recreativo y Deporte", "elemento": "Parques infantiles con jardines sin canchas", "tipologia": "Barrial", "gestion": "P\u00fablico", "estado": "Regular", "parroquia": "RIOBAMBA", "observaciones": ""}, "geometry": {"type": "Point", "coordinates": [-78.662504, -1.667093]}}, {"type": "Feature", "properties": {"id": "b0f056ec-20d5-4ede-89fa-e77569d3b959", "nombre": "UPC la Condamine, junto al parque Bonilla Abarca", "tipo": "Seguridad", "elemento": "Unidad de vigilancia de polic\u00eda (UPC)", "tipologia": "Zonal", "gestion": "P\u00fablico", "estado": "Regular", "parroquia": "RIOBAMBA", "observaciones": "Sin observaciones"}, "geometry": {"type": "Point", "coordinates": [-78.658481, -1.674127]}}, {"type": "Feature", "properties": {"id": "7227bac7-76a2-4a39-829c-3d4c2d01adf2", "nombre": "Sagrado corazon de jesus", "tipo": "Religioso", "elemento": "Iglesias hasta 200 puestos", "tipologia": "Barrial", "gestion": "P\u00fablico", "estado": "Bueno", "parroquia": "RIOBAMBA", "observaciones": ""}, "geometry": {"type": "Point", "coordinates": [-78.645945, -1.674156]}}, {"type": "Feature", "properties": {"id": "bd043e2e-e288-4330-8f02-7816a39ab1be", "nombre": "Iglesia templo expiatorio", "tipo": "Religioso", "elemento": "Iglesias hasta 200 puestos", "tipologia": "Barrial", "gestion": "P\u00fablico", "estado": "Bueno", "parroquia": "RIOBAMBA", "observaciones": ""}, "geometry": {"type": "Point", "coordinates": [-78.646294, -1.674163]}}, {"type": "Feature", "properties": {"id": "1ba6516c-d46e-4a4c-8278-bfa6946eefa7", "nombre": "DEFENSORIA DEL PUEBLO DELEGACION PROVINCIAL CHIMBORAZO", "tipo": "Administraci\u00f3n P\u00fablica", "elemento": "Edificios administrativos gobierno central o provincial", "tipologia": "Cantonal", "gestion": "P\u00fablico", "estado": "Regular", "parroquia": "RIOBAMBA", "observaciones": ""}, "geometry": {"type": "Point", "coordinates": [-78.662262, -1.66697]}}, {"type": "Feature", "properties": {"id": "c5115a58-4513-48c4-815a-2e560b7fe822", "nombre": "MERCADO ORGANICO", "tipo": "Especial", "elemento": "Mercado", "tipologia": "Cantonal", "gestion": "P\u00fablico", "estado": "Regular", "parroquia": "RIOBAMBA", "observaciones": ""}, "geometry": {"type": "Point", "coordinates": [-78.664449, -1.671024]}}, {"type": "Feature", "properties": {"id": "89a8e710-fe2a-4ab6-8ca1-f40199d666c8", "nombre": "Agencia de regulaci\u00f3n, control y vigilancia sanitaria", "tipo": "Administraci\u00f3n P\u00fablica", "elemento": "Edificios administrativos gobierno central o provincial", "tipologia": "Cantonal", "gestion": "P\u00fablico", "estado": "Regular", "parroquia": "RIOBAMBA", "observaciones": ""}, "geometry": {"type": "Point", "coordinates": [-78.66487, -1.671552]}}, {"type": "Feature", "properties": {"id": "21927c14-a0de-42d8-854b-7238888d7448", "nombre": "Visi\u00f3n Med", "tipo": "Salud", "elemento": "Hospital b\u00e1sico o cl\u00ednicas", "tipologia": "Zonal", "gestion": "Privado", "estado": "Bueno", "parroquia": "RIOBAMBA", "observaciones": ""}, "geometry": {"type": "Point", "coordinates": [-78.652028, -1.676654]}}, {"type": "Feature", "properties": {"id": "6a2c767f-4165-4545-8a11-853e77b60307", "nombre": "PARADA DE BUS EN LA INTERSECCI\u00d3N AV UNIDAD NACIONAL y CALICUCHIMA", "tipo": "Transporte", "elemento": "Parada de transporte p\u00fablico, buses", "tipologia": "Zonal", "gestion": "P\u00fablico", "estado": "Bueno", "parroquia": "RIOBAMBA", "observaciones": ""}, "geometry": {"type": "Point", "coordinates": [-78.662815, -1.666783]}}, {"type": "Feature", "properties": {"id": "8d871eda-9243-48d9-8b2b-2aadadc09228", "nombre": "Escuela de educaci\u00f3n b\u00e1sica 21 de abril", "tipo": "Educaci\u00f3n", "elemento": "Unidades educativas (niveles b\u00e1sico y bachillerato)", "tipologia": "Zonal", "gestion": "P\u00fablico", "estado": "Regular", "parroquia": "RIOBAMBA", "observaciones": "Sin observaciones"}, "geometry": {"type": "Point", "coordinates": [-78.657596, -1.670936]}}, {"type": "Feature", "properties": {"id": "5a751d00-db00-4be9-8034-33d230bde0ef", "nombre": "Centro de salud tipo b Santa Rosa", "tipo": "Salud", "elemento": "Centro de salud Tipo B", "tipologia": "Zonal", "gestion": "P\u00fablico", "estado": "Bueno", "parroquia": "RIOBAMBA", "observaciones": ""}, "geometry": {"type": "Point", "coordinates": [-78.665244, -1.672369]}}, {"type": "Feature", "properties": {"id": "7a66393c-187e-4065-8c1f-6836ee78a95f", "nombre": "Unidad Educativa Fiscomisional Jos\u00e9 Maria Velaz S.J", "tipo": "Educaci\u00f3n", "elemento": "Unidades educativas (niveles b\u00e1sico y bachillerato)", "tipologia": "Zonal", "gestion": "P\u00fablico", "estado": "Regular", "parroquia": "RIOBAMBA", "observaciones": ""}, "geometry": {"type": "Point", "coordinates": [-78.650706, -1.67647]}}, {"type": "Feature", "properties": {"id": "ea0528b0-5d72-479c-89d4-49c46b91bf0f", "nombre": "COOPERATIVA MACAJI", "tipo": "Transporte", "elemento": "Parada de taxis", "tipologia": "Zonal", "gestion": "P\u00fablico", "estado": "Bueno", "parroquia": "RIOBAMBA", "observaciones": ""}, "geometry": {"type": "Point", "coordinates": [-78.664701, -1.672314]}}, {"type": "Feature", "properties": {"id": "27ecba6f-521e-4432-88d4-d79a860442d9", "nombre": "Sindicato de ch\u00f3feres profesionales chimborazo", "tipo": "Educaci\u00f3n", "elemento": "Centros o institutos de capacitaci\u00f3n", "tipologia": "Zonal", "gestion": "Privado", "estado": "Bueno", "parroquia": "RIOBAMBA", "observaciones": ""}, "geometry": {"type": "Point", "coordinates": [-78.647858, -1.67399]}}, {"type": "Feature", "properties": {"id": "3b00ae52-34ef-4d66-821d-a2b24f3235ef", "nombre": "VITA FARM", "tipo": "Especial", "elemento": "Hospitales veterinarios", "tipologia": "Zonal", "gestion": "Privado", "estado": "Bueno", "parroquia": "RIOBAMBA", "observaciones": ""}, "geometry": {"type": "Point", "coordinates": [-78.650846, -1.676927]}}, {"type": "Feature", "properties": {"id": "40ea374b-1609-4b08-836c-aa8b6c08ced2", "nombre": "Sindicato de ch\u00f3feres profesionales chimborazo", "tipo": "Educaci\u00f3n", "elemento": "Centros de ense\u00f1anza para conductores profesionales", "tipologia": "Zonal", "gestion": "Privado", "estado": "Bueno", "parroquia": "RIOBAMBA", "observaciones": ""}, "geometry": {"type": "Point", "coordinates": [-78.647768, -1.673893]}}, {"type": "Feature", "properties": {"id": "1e823067-03f9-4416-81c0-e7b2b6c4b231", "nombre": "Unidad Educativa Isabel de Godin", "tipo": "Educaci\u00f3n", "elemento": "Unidades educativas (niveles b\u00e1sico y bachillerato)", "tipologia": "Zonal", "gestion": "P\u00fablico", "estado": "Regular", "parroquia": "RIOBAMBA", "observaciones": "Verificar si es instituto tecnol\u00f3gico"}, "geometry": {"type": "Point", "coordinates": [-78.651434, -1.67976]}}, {"type": "Feature", "properties": {"id": "4114421f-f836-442e-8e27-1deeb6481000", "nombre": "L\u00edderes de los Andes", "tipo": "Educaci\u00f3n", "elemento": "Centros e institutos tecnol\u00f3gicos superiores", "tipologia": "Cantonal", "gestion": "Privado", "estado": "Bueno", "parroquia": "RIOBAMBA", "observaciones": ""}, "geometry": {"type": "Point", "coordinates": [-78.647739, -1.67381]}}, {"type": "Feature", "properties": {"id": "fef7083a-279d-42a4-8656-427e1d6753b9", "nombre": "Iglesia san francisco", "tipo": "Religioso", "elemento": "Iglesias hasta 200 puestos", "tipologia": "Barrial", "gestion": "P\u00fablico", "estado": "Regular", "parroquia": "RIOBAMBA", "observaciones": ""}, "geometry": {"type": "Point", "coordinates": [-78.64775, -1.673863]}}, {"type": "Feature", "properties": {"id": "08122071-7f3b-4fcf-8e85-8ee3d75c9671", "nombre": "Parada de transporte publico de MAGAP", "tipo": "Transporte", "elemento": "Parada de transporte p\u00fablico, buses", "tipologia": "Zonal", "gestion": "P\u00fablico", "estado": "Regular", "parroquia": "RIOBAMBA", "observaciones": ""}, "geometry": {"type": "Point", "coordinates": [-78.66475, -1.670553]}}, {"type": "Feature", "properties": {"id": "a5fe2608-0df7-4781-8926-ca240b6db5d9", "nombre": "Mercado pedro de lizarzaburu san francisco", "tipo": "Especial", "elemento": "Mercado", "tipologia": "Cantonal", "gestion": "P\u00fablico", "estado": "Bueno", "parroquia": "RIOBAMBA", "observaciones": ""}, "geometry": {"type": "Point", "coordinates": [-78.647303, -1.674514]}}, {"type": "Feature", "properties": {"id": "9fce4db4-ee9e-4e65-855e-11b577507d6d", "nombre": "Chibunga mirador", "tipo": "Recreativo y Deporte", "elemento": "Parques infantiles con jardines sin canchas", "tipologia": "Barrial", "gestion": "P\u00fablico", "estado": "Regular", "parroquia": "RIOBAMBA", "observaciones": "Espacios con poca higiene."}, "geometry": {"type": "Point", "coordinates": [-78.659661, -1.682744]}}, {"type": "Feature", "properties": {"id": "07e5246d-0150-4e18-82eb-d9e4bc025952", "nombre": "Parque la Delicia/ sector Redondel del libro", "tipo": "Recreativo y Deporte", "elemento": "Canchas deportivas m\u00faltiples.", "tipologia": "Zonal", "gestion": "P\u00fablico", "estado": "Regular", "parroquia": "RIOBAMBA", "observaciones": ""}, "geometry": {"type": "Point", "coordinates": [-78.665088, -1.665503]}}, {"type": "Feature", "properties": {"id": "b5839871-77f2-44ed-89fd-102b7b3c71fc", "nombre": "Sal\u00f3n del Reino de los testigos de Jehova", "tipo": "Religioso", "elemento": "Iglesias hasta 200 puestos", "tipologia": "Barrial", "gestion": "P\u00fablico", "estado": "Bueno", "parroquia": "RIOBAMBA", "observaciones": ""}, "geometry": {"type": "Point", "coordinates": [-78.646507, -1.679719]}}, {"type": "Feature", "properties": {"id": "c8ae56ea-e9dc-41a2-879e-234b0c678820", "nombre": "Unidad Educativa Vigosky", "tipo": "Educaci\u00f3n", "elemento": "Unidades educativas (niveles b\u00e1sico y bachillerato)", "tipologia": "Zonal", "gestion": "Privado", "estado": "Bueno", "parroquia": "RIOBAMBA", "observaciones": ""}, "geometry": {"type": "Point", "coordinates": [-78.649135, -1.677805]}}, {"type": "Feature", "properties": {"id": "c9ac1cda-3e30-4d66-81d2-cf620fbc7ac3", "nombre": "PARADA DE BUSES EN LA INTERSECCI\u00d3N AV. LA PRENSA Y UNIDAD NACIONAL", "tipo": "Transporte", "elemento": "Parada de transporte p\u00fablico, buses", "tipologia": "Zonal", "gestion": "P\u00fablico", "estado": "Regular", "parroquia": "RIOBAMBA", "observaciones": ""}, "geometry": {"type": "Point", "coordinates": [-78.665305, -1.665399]}}, {"type": "Feature", "properties": {"id": "9c81bc8e-f266-4ccb-8e52-3b7b82cd49eb", "nombre": "Talleres consejo provincial", "tipo": "Administraci\u00f3n P\u00fablica", "elemento": "Edificios administrativos gobierno central o provincial", "tipologia": "Cantonal", "gestion": "P\u00fablico", "estado": "Regular", "parroquia": "RIOBAMBA", "observaciones": ""}, "geometry": {"type": "Point", "coordinates": [-78.664042, -1.674903]}}, {"type": "Feature", "properties": {"id": "5022c147-a803-45db-8464-6c1b53e59878", "nombre": "Parque la libertad", "tipo": "Recreativo y Deporte", "elemento": "Parques infantiles con jardines sin canchas", "tipologia": "Barrial", "gestion": "P\u00fablico", "estado": "Bueno", "parroquia": "RIOBAMBA", "observaciones": ""}, "geometry": {"type": "Point", "coordinates": [-78.647207, -1.67412]}}, {"type": "Feature", "properties": {"id": "4d0ab057-5325-418f-806c-73b9f4126cfe", "nombre": "Parque los shyris", "tipo": "Recreativo y Deporte", "elemento": "Parque con gimnasio al aire libre", "tipologia": "Zonal", "gestion": "P\u00fablico", "estado": "Bueno", "parroquia": "RIOBAMBA", "observaciones": "Operativo."}, "geometry": {"type": "Point", "coordinates": [-78.658753, -1.681148]}}, {"type": "Feature", "properties": {"id": "817efadc-2387-4304-82c2-f7d3955b253b", "nombre": "PARQUE BARRIAL 9 DE OCTUBRE", "tipo": "Recreativo y Deporte", "elemento": "Canchas deportivas m\u00faltiples.", "tipologia": "Zonal", "gestion": "P\u00fablico", "estado": "Bueno", "parroquia": "RIOBAMBA", "observaciones": ""}, "geometry": {"type": "Point", "coordinates": [-78.663974, -1.675316]}}, {"type": "Feature", "properties": {"id": "2b31d4eb-a2e6-4f78-8d5c-82479e868e65", "nombre": "Visami", "tipo": "Infraestructura", "elemento": "Plantas potabilizadoras", "tipologia": "Cantonal", "gestion": "Privado", "estado": "Bueno", "parroquia": "RIOBAMBA", "observaciones": ""}, "geometry": {"type": "Point", "coordinates": [-78.650581, -1.678718]}}, {"type": "Feature", "properties": {"id": "f6a8303a-5199-4904-8323-18c875b581ce", "nombre": "UNIDAD EDUCATIVA AMELIA GALLEGOS DIAZ", "tipo": "Educaci\u00f3n", "elemento": "Escuelas", "tipologia": "Barrial", "gestion": "P\u00fablico", "estado": "Regular", "parroquia": "RIOBAMBA", "observaciones": ""}, "geometry": {"type": "Point", "coordinates": [-78.646636, -1.67474]}}, {"type": "Feature", "properties": {"id": "a8d8d2ab-31e8-498f-810f-637d14f5572c", "nombre": "CDI GUARDIANES DE LA ESPERANZA", "tipo": "Educaci\u00f3n", "elemento": "Establecimientos de educaci\u00f3n inicial", "tipologia": "Barrial", "gestion": "P\u00fablico", "estado": "Bueno", "parroquia": "RIOBAMBA", "observaciones": "Operativo."}, "geometry": {"type": "Point", "coordinates": [-78.660532, -1.679667]}}, {"type": "Feature", "properties": {"id": "67977225-8582-4cf8-8060-b93cfd680e44", "nombre": "ORATORIO DR JOSE GREGORIO HERNANDEZ CISNEROS BEATO", "tipo": "Religioso", "elemento": "Iglesias hasta 200 puestos", "tipologia": "Barrial", "gestion": "Privado", "estado": "Regular", "parroquia": "RIOBAMBA", "observaciones": ""}, "geometry": {"type": "Point", "coordinates": [-78.664225, -1.675734]}}, {"type": "Feature", "properties": {"id": "6726ffcf-801c-4bf5-8111-5967b40dd921", "nombre": "Riokuna", "tipo": "Administraci\u00f3n P\u00fablica", "elemento": "Municipio", "tipologia": "Cantonal", "gestion": "P\u00fablico", "estado": "Bueno", "parroquia": "RIOBAMBA", "observaciones": "\u00d1\u00f1\u00f1\u00f1\u00f1\u00f1\u00f1"}, "geometry": {"type": "Point", "coordinates": [-78.646217, -1.680322]}}, {"type": "Feature", "properties": {"id": "188c9b0b-4f32-448c-89b0-98289ef957c5", "nombre": "Iglesia Evang\u00e9lica Misi\u00f3n Boston Ecuador", "tipo": "Religioso", "elemento": "Iglesias hasta 200 puestos", "tipologia": "Barrial", "gestion": "Privado", "estado": "Regular", "parroquia": "RIOBAMBA", "observaciones": "Estado de la fachada regular"}, "geometry": {"type": "Point", "coordinates": [-78.650152, -1.678303]}}, {"type": "Feature", "properties": {"id": "5e1c477d-37e1-41cc-8dc2-69a7426e653f", "nombre": "Funeraria Villalva", "tipo": "Servicios Funerarios", "elemento": "Funerarias y salas de velaci\u00f3n", "tipologia": "Zonal", "gestion": "Privado", "estado": "Bueno", "parroquia": "RIOBAMBA", "observaciones": "Ninguno"}, "geometry": {"type": "Point", "coordinates": [-78.65382, -1.674218]}}, {"type": "Feature", "properties": {"id": "e5efa612-7079-42e5-8145-c95c7fa405a4", "nombre": "TERMINAL TERRESTRE INTERPROVINCIAL DE RIOBAMBA", "tipo": "Transporte", "elemento": "Terminal terrestre cantonal y regional", "tipologia": "Cantonal", "gestion": "P\u00fablico", "estado": "Regular", "parroquia": "RIOBAMBA", "observaciones": ""}, "geometry": {"type": "Point", "coordinates": [-78.663464, -1.662698]}}, {"type": "Feature", "properties": {"id": "5ab55d1c-a4e6-4f6e-8a15-b8b90e4834d0", "nombre": "Parque liberaci\u00f3n popular", "tipo": "Recreativo y Deporte", "elemento": "Canchas deportivas m\u00faltiples.", "tipologia": "Zonal", "gestion": "P\u00fablico", "estado": "Bueno", "parroquia": "RIOBAMBA", "observaciones": "Operativo"}, "geometry": {"type": "Point", "coordinates": [-78.658992, -1.679772]}}, {"type": "Feature", "properties": {"id": "6ef05f7b-17eb-4b8e-8ae1-28409a073837", "nombre": "Unidad Educativa 11 de Noviembre", "tipo": "Educaci\u00f3n", "elemento": "Establecimientos de educaci\u00f3n inicial", "tipologia": "Barrial", "gestion": "P\u00fablico", "estado": "Bueno", "parroquia": "RIOBAMBA", "observaciones": ""}, "geometry": {"type": "Point", "coordinates": [-78.649399, -1.679447]}}, {"type": "Feature", "properties": {"id": "d446b4aa-d73a-4874-8e79-271fc17c5ff4", "nombre": "Parada de taxis \u201cterminal terrestre\u201d", "tipo": "Transporte", "elemento": "Parada de taxis", "tipologia": "Zonal", "gestion": "Privado", "estado": "Bueno", "parroquia": "RIOBAMBA", "observaciones": ""}, "geometry": {"type": "Point", "coordinates": [-78.663372, -1.662752]}}, {"type": "Feature", "properties": {"id": "5ca6337b-8609-401a-8770-ada7f4ed74eb", "nombre": "Ministerio del ambiente y transici\u00f3n ecol\u00f3gica", "tipo": "Administraci\u00f3n P\u00fablica", "elemento": "Edificios administrativos gobierno central o provincial", "tipologia": "Cantonal", "gestion": "P\u00fablico", "estado": "Bueno", "parroquia": "RIOBAMBA", "observaciones": ""}, "geometry": {"type": "Point", "coordinates": [-78.644458, -1.682555]}}, {"type": "Feature", "properties": {"id": "03e71377-cdd7-4182-85b7-8ecdfa470aeb", "nombre": "PARADA DE BUSES INTERSECCI\u00d3N AV. LA PRENSA ENTRE AV. DANIEL LEON BORJA Y REY CACHA", "tipo": "Transporte", "elemento": "Parada de transporte p\u00fablico, buses", "tipologia": "Zonal", "gestion": "P\u00fablico", "estado": "Regular", "parroquia": "RIOBAMBA", "observaciones": ""}, "geometry": {"type": "Point", "coordinates": [-78.663273, -1.662393]}}, {"type": "Feature", "properties": {"id": "11686f7f-c96e-4728-8af6-81bd4d59e8c9", "nombre": "PARADISE CLUB", "tipo": "Recreativo y Deporte", "elemento": "Piscinas", "tipologia": "Zonal", "gestion": "Privado", "estado": "Bueno", "parroquia": "RIOBAMBA", "observaciones": ""}, "geometry": {"type": "Point", "coordinates": [-78.663097, -1.679684]}}, {"type": "Feature", "properties": {"id": "5ef5180c-0f39-4454-829c-f126a5b9a2d0", "nombre": "Gamboa vet", "tipo": "Especial", "elemento": "Hospitales veterinarios", "tipologia": "Zonal", "gestion": "Privado", "estado": "Bueno", "parroquia": "RIOBAMBA", "observaciones": ""}, "geometry": {"type": "Point", "coordinates": [-78.641493, -1.679281]}}, {"type": "Feature", "properties": {"id": "1310157d-5ba5-413f-8f36-dafe13bd2faa", "nombre": "UPC Terminal Terrestre", "tipo": "Seguridad", "elemento": "Unidad de vigilancia de polic\u00eda (UPC)", "tipologia": "Zonal", "gestion": "P\u00fablico", "estado": "Regular", "parroquia": "RIOBAMBA", "observaciones": ""}, "geometry": {"type": "Point", "coordinates": [-78.662881, -1.662095]}}, {"type": "Feature", "properties": {"id": "a03c81c3-c4ab-46f5-8e89-59efcad82710", "nombre": "MediGar", "tipo": "Salud", "elemento": "Hospital b\u00e1sico o cl\u00ednicas", "tipologia": "Zonal", "gestion": "Privado", "estado": "Bueno", "parroquia": "RIOBAMBA", "observaciones": ""}, "geometry": {"type": "Point", "coordinates": [-78.649668, -1.679767]}}, {"type": "Feature", "properties": {"id": "06cb798d-ca57-48d5-8a6f-31dd296ab361", "nombre": "Monasterio de Carmelitas Descalzas", "tipo": "Religioso", "elemento": "Conventos y monasterios", "tipologia": "Cantonal", "gestion": "Privado", "estado": "Regular", "parroquia": "RIOBAMBA", "observaciones": "Fachada vandalizada"}, "geometry": {"type": "Point", "coordinates": [-78.65421, -1.673963]}}, {"type": "Feature", "properties": {"id": "b0740a63-a723-42bc-875b-7ced558f425d", "nombre": "Parada de bus Atahualpa y Portoviejo", "tipo": "Transporte", "elemento": "Parada de transporte p\u00fablico, buses", "tipologia": "Zonal", "gestion": "P\u00fablico", "estado": "Regular", "parroquia": "RIOBAMBA", "observaciones": ""}, "geometry": {"type": "Point", "coordinates": [-78.661964, -1.680593]}}, {"type": "Feature", "properties": {"id": "072fed24-b075-470e-8840-e1bc43461e12", "nombre": "Para de bus calle Atahualpa", "tipo": "Transporte", "elemento": "Parada de transporte p\u00fablico, buses", "tipologia": "Zonal", "gestion": "P\u00fablico", "estado": "Malo", "parroquia": "", "observaciones": "Estructura de caseta en mal estado"}, "geometry": {"type": "Point", "coordinates": [-78.662269, -1.681198]}}, {"type": "Feature", "properties": {"id": "209d0236-2f33-4e5f-8316-6f8d7472df7c", "nombre": "IGLESIA MINISTERIOS BIBLICOS MUNDIALES", "tipo": "Religioso", "elemento": "Iglesias m\u00e1s de 500 puestos", "tipologia": "Cantonal", "gestion": "Privado", "estado": "Bueno", "parroquia": "RIOBAMBA", "observaciones": ""}, "geometry": {"type": "Point", "coordinates": [-78.66187, -1.680919]}}, {"type": "Feature", "properties": {"id": "7073b5f0-00a6-4b5e-8b3b-04926bfe18ea", "nombre": "Parada de bus Av la Prensa entre Daniel Leon Borja y Av Lizarzaburu", "tipo": "Transporte", "elemento": "Parada de transporte p\u00fablico, buses", "tipologia": "Zonal", "gestion": "P\u00fablico", "estado": "Bueno", "parroquia": "RIOBAMBA", "observaciones": ""}, "geometry": {"type": "Point", "coordinates": [-78.662257, -1.660835]}}, {"type": "Feature", "properties": {"id": "959ccd9c-0371-4229-8db1-0e8fbbcdc627", "nombre": "Super Kasa", "tipo": "Especial", "elemento": "Mercado", "tipologia": "Cantonal", "gestion": "Privado", "estado": "Bueno", "parroquia": "RIOBAMBA", "observaciones": "La fachada necesita retoque"}, "geometry": {"type": "Point", "coordinates": [-78.654921, -1.673354]}}, {"type": "Feature", "properties": {"id": "20562349-5c83-4e26-80a4-fc80af389d33", "nombre": "Hospital b\u00e1sico Moderno", "tipo": "Salud", "elemento": "Hospital b\u00e1sico o cl\u00ednicas", "tipologia": "Zonal", "gestion": "Privado", "estado": "Regular", "parroquia": "RIOBAMBA", "observaciones": "Sin observaciones"}, "geometry": {"type": "Point", "coordinates": [-78.655497, -1.670262]}}, {"type": "Feature", "properties": {"id": "3ada689b-2296-457f-8801-7900d33541b9", "nombre": "CASA IND\u00cdGENA", "tipo": "Cultural", "elemento": "Casas de la cultura", "tipologia": "Cantonal", "gestion": "P\u00fablico", "estado": "Bueno", "parroquia": "RIOBAMBA", "observaciones": ""}, "geometry": {"type": "Point", "coordinates": [-78.646273, -1.674565]}}, {"type": "Feature", "properties": {"id": "187dcc42-999a-4753-8295-2e3da3311d53", "nombre": "Parque", "tipo": "Recreativo y Deporte", "elemento": "Parque con gimnasio al aire libre", "tipologia": "Zonal", "gestion": "P\u00fablico", "estado": "Bueno", "parroquia": "RIOBAMBA", "observaciones": ""}, "geometry": {"type": "Point", "coordinates": [-78.650566, -1.681296]}}, {"type": "Feature", "properties": {"id": "bbfb584a-5d12-4985-8678-d5961cc175b5", "nombre": "PEDRETAXI S.A.", "tipo": "Transporte", "elemento": "Parada de taxis", "tipologia": "Zonal", "gestion": "P\u00fablico", "estado": "Bueno", "parroquia": "RIOBAMBA", "observaciones": ""}, "geometry": {"type": "Point", "coordinates": [-78.662301, -1.6815]}}, {"type": "Feature", "properties": {"id": "7aaf7a63-f7e2-4912-8ab9-54dbcc055c91", "nombre": "UNIDAD EDUCATIVA RIOBAMBA", "tipo": "Educaci\u00f3n", "elemento": "Unidades educativas (niveles b\u00e1sico y bachillerato)", "tipologia": "Zonal", "gestion": "P\u00fablico", "estado": "Regular", "parroquia": "RIOBAMBA", "observaciones": ""}, "geometry": {"type": "Point", "coordinates": [-78.662126, -1.659735]}}, {"type": "Feature", "properties": {"id": "ac51d401-5f48-448b-8413-2b969ee4af86", "nombre": "Parque ciudadela Primera Constituyente", "tipo": "Recreativo y Deporte", "elemento": "Parques infantiles con jardines sin canchas", "tipologia": "Barrial", "gestion": "P\u00fablico", "estado": "Bueno", "parroquia": "RIOBAMBA", "observaciones": ""}, "geometry": {"type": "Point", "coordinates": [-78.64536, -1.684768]}}, {"type": "Feature", "properties": {"id": "dfeedf15-e971-4f9a-8e24-21fae0693eb0", "nombre": "Parada de bus AV Lizarzaburu", "tipo": "Transporte", "elemento": "Parada de transporte p\u00fablico, buses", "tipologia": "Zonal", "gestion": "P\u00fablico", "estado": "Bueno", "parroquia": "RIOBAMBA", "observaciones": ""}, "geometry": {"type": "Point", "coordinates": [-78.66255, -1.659329]}}, {"type": "Feature", "properties": {"id": "fa166cd0-797b-442b-87a2-2cbea696162f", "nombre": "CENTRO DE CUIDADO DEL ADULTO MAYOR \"SAN SEBASTIAN\"", "tipo": "Bienestar Social", "elemento": "Casas de acogida, centros de formaci\u00f3n juvenil y familiar, orfanatos, asilos,", "tipologia": "Zonal", "gestion": "Privado", "estado": "Bueno", "parroquia": "RIOBAMBA", "observaciones": "casa de adulto mayor"}, "geometry": {"type": "Point", "coordinates": [-78.648318, -1.675233]}}, {"type": "Feature", "properties": {"id": "3f17e9fc-c168-4dcd-8198-019f2505d7ab", "nombre": "LEBEN", "tipo": "Especial", "elemento": "Hospitales veterinarios", "tipologia": "Zonal", "gestion": "Privado", "estado": "Bueno", "parroquia": "RIOBAMBA", "observaciones": ""}, "geometry": {"type": "Point", "coordinates": [-78.647159, -1.676303]}}, {"type": "Feature", "properties": {"id": "d8168b3b-073b-404a-80bb-20b2c1c0056e", "nombre": "Hospital B\u00e1sico San Antonio", "tipo": "Salud", "elemento": "Hospital b\u00e1sico o cl\u00ednicas", "tipologia": "Zonal", "gestion": "Privado", "estado": "Bueno", "parroquia": "RIOBAMBA", "observaciones": ""}, "geometry": {"type": "Point", "coordinates": [-78.656752, -1.670932]}}, {"type": "Feature", "properties": {"id": "145690c4-c4e3-4945-8374-21f6758ac886", "nombre": "Hospital B\u00e1sico San Marcos", "tipo": "Salud", "elemento": "Hospital b\u00e1sico o cl\u00ednicas", "tipologia": "Zonal", "gestion": "Privado", "estado": "Bueno", "parroquia": "RIOBAMBA", "observaciones": "Ninguna"}, "geometry": {"type": "Point", "coordinates": [-78.654921, -1.674469]}}, {"type": "Feature", "properties": {"id": "48c2fa93-096e-4915-8657-cb8681a95370", "nombre": "Iglesia Nuestra Se\u00f1ora de la Paz", "tipo": "Religioso", "elemento": "Iglesias hasta 200 puestos", "tipologia": "Barrial", "gestion": "Privado", "estado": "Bueno", "parroquia": "RIOBAMBA", "observaciones": ""}, "geometry": {"type": "Point", "coordinates": [-78.649834, -1.681301]}}, {"type": "Feature", "properties": {"id": "7b728f95-421e-4781-8fdb-c6c37edd838f", "nombre": "Unidad Educativa Isabel de Godin sede preparatoria y elemental", "tipo": "Educaci\u00f3n", "elemento": "Escuelas", "tipologia": "Barrial", "gestion": "P\u00fablico", "estado": "Bueno", "parroquia": "RIOBAMBA", "observaciones": "Campus sede de preparatoria b\u00e1sica y elemental"}, "geometry": {"type": "Point", "coordinates": [-78.647914, -1.679539]}}, {"type": "Feature", "properties": {"id": "97c57fb0-72d9-4587-80cf-85cb0d1cf4fe", "nombre": "Iglesia cristiana Verbo", "tipo": "Religioso", "elemento": "Iglesias hasta 200 puestos", "tipologia": "Barrial", "gestion": "Privado", "estado": "", "parroquia": "RIOBAMBA", "observaciones": "Iglesia cristiana"}, "geometry": {"type": "Point", "coordinates": [-78.644816, -1.678235]}}, {"type": "Feature", "properties": {"id": "edce0ff3-409b-4bb8-884d-f4c52c5f0f40", "nombre": "Parque Primera Constituyente", "tipo": "Recreativo y Deporte", "elemento": "Parque con gimnasio al aire libre", "tipologia": "Zonal", "gestion": "P\u00fablico", "estado": "Bueno", "parroquia": "RIOBAMBA", "observaciones": ""}, "geometry": {"type": "Point", "coordinates": [-78.646163, -1.684835]}}, {"type": "Feature", "properties": {"id": "1da7154a-835a-4f4a-888a-66ef5e0cf054", "nombre": "Capilla la inmaculada", "tipo": "Religioso", "elemento": "Iglesias hasta 200 puestos", "tipologia": "Barrial", "gestion": "P\u00fablico", "estado": "Malo", "parroquia": "RIOBAMBA", "observaciones": ""}, "geometry": {"type": "Point", "coordinates": [-78.661554, -1.678332]}}, {"type": "Feature", "properties": {"id": "81a8ec7e-4f42-4bfb-8cd4-2f77bb15838b", "nombre": "Hospital B\u00e1sico Riobamba", "tipo": "Salud", "elemento": "Hospital b\u00e1sico o cl\u00ednicas", "tipologia": "Zonal", "gestion": "Privado", "estado": "Bueno", "parroquia": "RIOBAMBA", "observaciones": ""}, "geometry": {"type": "Point", "coordinates": [-78.657594, -1.668289]}}, {"type": "Feature", "properties": {"id": "e4e8705c-66c5-46d4-83f4-42cd3b2b9717", "nombre": "Unidad educativa Isabel de Godin sede nivel inicial", "tipo": "Educaci\u00f3n", "elemento": "Escuelas", "tipologia": "Barrial", "gestion": "P\u00fablico", "estado": "Bueno", "parroquia": "RIOBAMBA", "observaciones": "Sede 2 Nivel inicial"}, "geometry": {"type": "Point", "coordinates": [-78.648262, -1.680211]}}, {"type": "Feature", "properties": {"id": "b58c5897-633a-414a-878f-e9e62ff0e964", "nombre": "Centro de convenciones LA PRIMAVERA", "tipo": "Cultural", "elemento": "Centros de convenciones y exposiciones", "tipologia": "Zonal", "gestion": "Privado", "estado": "Bueno", "parroquia": "RIOBAMBA", "observaciones": ""}, "geometry": {"type": "Point", "coordinates": [-78.662271, -1.681552]}}, {"type": "Feature", "properties": {"id": "e5b9a5d8-ee89-458b-8549-98a150684702", "nombre": "Para de taxis 1ra constituyente", "tipo": "Transporte", "elemento": "Parada de taxis", "tipologia": "Zonal", "gestion": "P\u00fablico", "estado": "Regular", "parroquia": "RIOBAMBA", "observaciones": ""}, "geometry": {"type": "Point", "coordinates": [-78.661676, -1.677373]}}, {"type": "Feature", "properties": {"id": "145a0c16-df14-4ef5-8ab8-18432ee87636", "nombre": "Sport plaza", "tipo": "Recreativo y Deporte", "elemento": "Cancha de futbol sint\u00e9tica", "tipologia": "Zonal", "gestion": "Privado", "estado": "Regular", "parroquia": "RIOBAMBA", "observaciones": ""}, "geometry": {"type": "Point", "coordinates": [-78.644114, -1.678993]}}, {"type": "Feature", "properties": {"id": "d214a75a-d720-411d-822d-b1b44c046a5c", "nombre": "Primera Constituyente", "tipo": "Recreativo y Deporte", "elemento": "Parque con gimnasio al aire libre", "tipologia": "Zonal", "gestion": "P\u00fablico", "estado": "Bueno", "parroquia": "RIOBAMBA", "observaciones": ""}, "geometry": {"type": "Point", "coordinates": [-78.64453, -1.685615]}}, {"type": "Feature", "properties": {"id": "78619271-c0d9-4b20-8fb5-f9b7207fce5d", "nombre": "U.E. \u201cCAP. EDMUNDO CHIRIBOGA\u201d", "tipo": "Educaci\u00f3n", "elemento": "Escuelas", "tipologia": "Barrial", "gestion": "P\u00fablico", "estado": "Regular", "parroquia": "RIOBAMBA", "observaciones": ""}, "geometry": {"type": "Point", "coordinates": [-78.662054, -1.677367]}}, {"type": "Feature", "properties": {"id": "717f8764-fd10-4bf0-8cd7-6d93e8504640", "nombre": "UPC LA PRIMAVERA", "tipo": "Seguridad", "elemento": "Unidad de vigilancia de polic\u00eda (UPC)", "tipologia": "Zonal", "gestion": "P\u00fablico", "estado": "Regular", "parroquia": "RIOBAMBA", "observaciones": ""}, "geometry": {"type": "Point", "coordinates": [-78.662007, -1.677051]}}, {"type": "Feature", "properties": {"id": "71c6e111-5488-4fe5-89bb-bdeb177b0797", "nombre": "San Carlos Bull's", "tipo": "Especial", "elemento": "Hospitales veterinarios", "tipologia": "Zonal", "gestion": "Privado", "estado": "Regular", "parroquia": "RIOBAMBA", "observaciones": "Sin observaciones"}, "geometry": {"type": "Point", "coordinates": [-78.657103, -1.668961]}}, {"type": "Feature", "properties": {"id": "0e2ea820-c500-4e8c-842e-8afe56db364f", "nombre": "Unidad educativa Fe y Alegria", "tipo": "Educaci\u00f3n", "elemento": "Establecimientos de educaci\u00f3n inicial", "tipologia": "Barrial", "gestion": "P\u00fablico", "estado": "", "parroquia": "RIOBAMBA", "observaciones": ""}, "geometry": {"type": "Point", "coordinates": [-78.643494, -1.67945]}}, {"type": "Feature", "properties": {"id": "8f65244a-c4d6-4f9f-8a80-23bc250de9e2", "nombre": "Parque la primavera", "tipo": "Recreativo y Deporte", "elemento": "Parque con gimnasio al aire libre", "tipologia": "Zonal", "gestion": "P\u00fablico", "estado": "Bueno", "parroquia": "RIOBAMBA", "observaciones": ""}, "geometry": {"type": "Point", "coordinates": [-78.662303, -1.677472]}}, {"type": "Feature", "properties": {"id": "de82c9c3-0e5b-421a-8ec4-ef1b14a02071", "nombre": "COOP PRIMERA CONSTITUYENTE", "tipo": "Transporte", "elemento": "Parada de taxis", "tipologia": "Zonal", "gestion": "P\u00fablico", "estado": "Regular", "parroquia": "RIOBAMBA", "observaciones": ""}, "geometry": {"type": "Point", "coordinates": [-78.662225, -1.676828]}}, {"type": "Feature", "properties": {"id": "90843008-2aa0-48de-86f9-885c60b070be", "nombre": "Unidad Educativa Isabel de Godin Sergio Quirola", "tipo": "Educaci\u00f3n", "elemento": "Escuelas", "tipologia": "Barrial", "gestion": "P\u00fablico", "estado": "Bueno", "parroquia": "RIOBAMBA", "observaciones": ""}, "geometry": {"type": "Point", "coordinates": [-78.650311, -1.678059]}}, {"type": "Feature", "properties": {"id": "627d5ab6-f55b-4ad5-8e93-423731f304c2", "nombre": "Centro de educaci\u00f3n inicial la primavera", "tipo": "Educaci\u00f3n", "elemento": "Establecimientos de educaci\u00f3n inicial", "tipologia": "Barrial", "gestion": "P\u00fablico", "estado": "Regular", "parroquia": "RIOBAMBA", "observaciones": ""}, "geometry": {"type": "Point", "coordinates": [-78.662727, -1.677644]}}, {"type": "Feature", "properties": {"id": "8c857328-adc3-4c51-849a-5df29f50df30", "nombre": "PARADA DE BUSES INTERSECCI\u00d3N AV. LA PRENSA ENTRE AV. DANIEL LEON BORJA Y MANUEL ELICIO FLOR", "tipo": "Transporte", "elemento": "Parada de transporte p\u00fablico, buses", "tipologia": "Zonal", "gestion": "P\u00fablico", "estado": "Malo", "parroquia": "RIOBAMBA", "observaciones": "NO EXISTE CASETA DE PARADA O ESTRUCTURA, SOLO LETRERO"}, "geometry": {"type": "Point", "coordinates": [-78.662018, -1.660365]}}, {"type": "Feature", "properties": {"id": "53d7940d-cb7f-4d5a-88f4-7c3f4a4cd349", "nombre": "Parque barrio Primera Constituyente", "tipo": "Recreativo y Deporte", "elemento": "Parque con gimnasio al aire libre", "tipologia": "Zonal", "gestion": "P\u00fablico", "estado": "Bueno", "parroquia": "RIOBAMBA", "observaciones": "Existes 3 parques del barrio Primera Constituyente en el sector"}, "geometry": {"type": "Point", "coordinates": [-78.646511, -1.685118]}}, {"type": "Feature", "properties": {"id": "0fda712c-2348-4066-89b4-19e985594781", "nombre": "Hospital B\u00e1sico San Pedro", "tipo": "Salud", "elemento": "Hospital b\u00e1sico o cl\u00ednicas", "tipologia": "Zonal", "gestion": "Privado", "estado": "Bueno", "parroquia": "RIOBAMBA", "observaciones": ""}, "geometry": {"type": "Point", "coordinates": [-78.660385, -1.67225]}}, {"type": "Feature", "properties": {"id": "14beb2e0-57b2-4be8-836b-f70e4e67908b", "nombre": "PARQUE JESUS OBRERO", "tipo": "Recreativo y Deporte", "elemento": "Parque con gimnasio al aire libre", "tipologia": "Zonal", "gestion": "P\u00fablico", "estado": "Bueno", "parroquia": "RIOBAMBA", "observaciones": ""}, "geometry": {"type": "Point", "coordinates": [-78.662849, -1.677401]}}, {"type": "Feature", "properties": {"id": "b8e35fcb-3bf9-4d33-8ac4-1ff7687d4840", "nombre": "Centro de rehabilitaci\u00f3n f\u00edsica y deportiva", "tipo": "Salud", "elemento": "Centros de rehabilitaci\u00f3n f\u00edsica integral", "tipologia": "Zonal", "gestion": "Privado", "estado": "Bueno", "parroquia": "RIOBAMBA", "observaciones": "Se aprecia un poco de humedad"}, "geometry": {"type": "Point", "coordinates": [-78.651916, -1.676851]}}, {"type": "Feature", "properties": {"id": "80e223d2-775f-46aa-8fb9-c5e112eeec51", "nombre": "Iglesia cristiana evang\u00e9lica El poder de la restauraci\u00f3n", "tipo": "Religioso", "elemento": "Iglesias hasta 200 puestos", "tipologia": "Barrial", "gestion": "P\u00fablico", "estado": "Regular", "parroquia": "RIOBAMBA", "observaciones": "Sin observaciones"}, "geometry": {"type": "Point", "coordinates": [-78.660341, -1.672868]}}, {"type": "Feature", "properties": {"id": "c04421a9-c078-48eb-8ca2-c73220ecf61c", "nombre": "Auditorio Lcdo Pedro Morales", "tipo": "Cultural", "elemento": "Centros de convenciones y exposiciones", "tipologia": "Zonal", "gestion": "Privado", "estado": "Bueno", "parroquia": "RIOBAMBA", "observaciones": ""}, "geometry": {"type": "Point", "coordinates": [-78.64781, -1.685058]}}, {"type": "Feature", "properties": {"id": "a23627c0-14b4-4861-856f-a2473742756d", "nombre": "Rio salud", "tipo": "Salud", "elemento": "Centros de rehabilitaci\u00f3n f\u00edsica integral", "tipologia": "Zonal", "gestion": "Privado", "estado": "Bueno", "parroquia": "RIOBAMBA", "observaciones": ""}, "geometry": {"type": "Point", "coordinates": [-78.645488, -1.681282]}}, {"type": "Feature", "properties": {"id": "9f0de8ed-9c5f-4a9b-8390-76a2988d138d", "nombre": "IGLESIA DE SANTA FAZ", "tipo": "Religioso", "elemento": "Iglesias hasta 200 puestos", "tipologia": "Barrial", "gestion": "Privado", "estado": "Bueno", "parroquia": "RIOBAMBA", "observaciones": ""}, "geometry": {"type": "Point", "coordinates": [-78.66246, -1.662097]}}, {"type": "Feature", "properties": {"id": "b4c97fe3-5c1f-4720-88c6-a245dc9d6d11", "nombre": "Cachas sint\u00e9ticas JES\u00daS OBRERO", "tipo": "Recreativo y Deporte", "elemento": "Cancha de futbol sint\u00e9tica", "tipologia": "Zonal", "gestion": "P\u00fablico", "estado": "Regular", "parroquia": "RIOBAMBA", "observaciones": ""}, "geometry": {"type": "Point", "coordinates": [-78.660999, -1.675839]}}, {"type": "Feature", "properties": {"id": "6a5996e1-b963-4e47-803c-163442929033", "nombre": "Centro Cristiano de la Comunidad Para Las Naciones", "tipo": "Religioso", "elemento": "Iglesias m\u00e1s de 500 puestos", "tipologia": "Cantonal", "gestion": "Privado", "estado": "Bueno", "parroquia": "RIOBAMBA", "observaciones": ""}, "geometry": {"type": "Point", "coordinates": [-78.659552, -1.670637]}}, {"type": "Feature", "properties": {"id": "93a6cd6e-493c-4548-8e59-9a82ce878117", "nombre": "CASA BARRIAL", "tipo": "Cultural", "elemento": "Casas comunales o barriales", "tipologia": "Barrial", "gestion": "P\u00fablico", "estado": "Bueno", "parroquia": "RIOBAMBA", "observaciones": "CASA BARRIAL"}, "geometry": {"type": "Point", "coordinates": [-78.642657, -1.680288]}}, {"type": "Feature", "properties": {"id": "90b88303-088b-4267-8d87-db0b3e5b1856", "nombre": "Federaci\u00f3n provincial de trabajadores de chimborazo", "tipo": "Cultural", "elemento": "Casas comunales o barriales", "tipologia": "Barrial", "gestion": "P\u00fablico", "estado": "Regular", "parroquia": "RIOBAMBA", "observaciones": ""}, "geometry": {"type": "Point", "coordinates": [-78.648696, -1.675826]}}, {"type": "Feature", "properties": {"id": "aa615c3c-e696-45ba-8a48-2c29ea0ef7ca", "nombre": "S/n", "tipo": "Recreativo y Deporte", "elemento": "Canchas deportivas m\u00faltiples.", "tipologia": "Zonal", "gestion": "P\u00fablico", "estado": "Bueno", "parroquia": "RIOBAMBA", "observaciones": ""}, "geometry": {"type": "Point", "coordinates": [-78.647926, -1.684487]}}, {"type": "Feature", "properties": {"id": "758fbf9d-43f2-431a-8fa6-68602ef307cf", "nombre": "PARADA DE BUSES INTERSECCI\u00d3N AV. DANIEL LEON BORJA Y EPLICACHIMA", "tipo": "Transporte", "elemento": "Parada de transporte p\u00fablico, buses", "tipologia": "Zonal", "gestion": "P\u00fablico", "estado": "Malo", "parroquia": "RIOBAMBA", "observaciones": "SIN ESTRUCTURA FISICA O CASETA SOLO LETRERO"}, "geometry": {"type": "Point", "coordinates": [-78.662024, -1.662119]}}, {"type": "Feature", "properties": {"id": "458fee08-0e96-4e71-81a6-5b6fefa3b2ea", "nombre": "IGLESIA JESUS OBRERO", "tipo": "Religioso", "elemento": "Iglesias hasta 500 puestos", "tipologia": "Zonal", "gestion": "Privado", "estado": "Bueno", "parroquia": "RIOBAMBA", "observaciones": ""}, "geometry": {"type": "Point", "coordinates": [-78.660454, -1.675778]}}, {"type": "Feature", "properties": {"id": "493af100-b5b2-4cf7-8c89-55a9c3360915", "nombre": "CENTRO BIBLICO DE RENOVACI\u00d3N FAMILIAR", "tipo": "Religioso", "elemento": "Iglesias hasta 200 puestos", "tipologia": "Barrial", "gestion": "Privado", "estado": "Bueno", "parroquia": "RIOBAMBA", "observaciones": ""}, "geometry": {"type": "Point", "coordinates": [-78.661772, -1.662275]}}, {"type": "Feature", "properties": {"id": "05aadd79-b188-49f1-82d3-1ebc8a3411c7", "nombre": "Unidad educativa Alvanor college", "tipo": "Educaci\u00f3n", "elemento": "Unidades educativas (niveles b\u00e1sico y bachillerato)", "tipologia": "Zonal", "gestion": "Privado", "estado": "Bueno", "parroquia": "RIOBAMBA", "observaciones": ""}, "geometry": {"type": "Point", "coordinates": [-78.648365, -1.684139]}}, {"type": "Feature", "properties": {"id": "98ba5928-2ea2-4d58-821a-fc983f53333f", "nombre": "Golden Players", "tipo": "Recreativo y Deporte", "elemento": "Canchas deportivas m\u00faltiples.", "tipologia": "Zonal", "gestion": "Privado", "estado": "Regular", "parroquia": "RIOBAMBA", "observaciones": ""}, "geometry": {"type": "Point", "coordinates": [-78.65789, -1.670335]}}, {"type": "Feature", "properties": {"id": "a4da88bd-b1c1-428d-8ba5-e41890e0493d", "nombre": "PARADA DE TAXIS COOP. EL VERGEL", "tipo": "Transporte", "elemento": "Parada de taxis", "tipologia": "Zonal", "gestion": "Privado", "estado": "Bueno", "parroquia": "RIOBAMBA", "observaciones": ""}, "geometry": {"type": "Point", "coordinates": [-78.661674, -1.662516]}}, {"type": "Feature", "properties": {"id": "1f551373-e151-4fd2-8ad2-dae9f8737527", "nombre": "Casa barrial la joya", "tipo": "Cultural", "elemento": "Casas comunales o barriales", "tipologia": "Barrial", "gestion": "P\u00fablico", "estado": "", "parroquia": "RIOBAMBA", "observaciones": ""}, "geometry": {"type": "Point", "coordinates": [-78.648916, -1.674429]}}, {"type": "Feature", "properties": {"id": "eaacd5d1-2d63-49b0-8dbe-cccfdad72903", "nombre": "CENTRO DE FORMACI\u00d3N EFRENS", "tipo": "Educaci\u00f3n", "elemento": "Centros o institutos de capacitaci\u00f3n", "tipologia": "Zonal", "gestion": "Privado", "estado": "Bueno", "parroquia": "RIOBAMBA", "observaciones": ""}, "geometry": {"type": "Point", "coordinates": [-78.648285, -1.676178]}}, {"type": "Feature", "properties": {"id": "9539b943-fae7-4253-878c-70d8eea17d2d", "nombre": "PARADA DE TAXIS COOP. EL VERGEL", "tipo": "Transporte", "elemento": "Parada de taxis", "tipologia": "Zonal", "gestion": "Privado", "estado": "Bueno", "parroquia": "RIOBAMBA", "observaciones": ""}, "geometry": {"type": "Point", "coordinates": [-78.66157, -1.66253]}}, {"type": "Feature", "properties": {"id": "7f2418a3-5e10-45a4-812d-def3fea01829", "nombre": "PARADA DE BUSES INTERSECCI\u00d3N AV. DANIEL LEON BORJA Y JACINTO GONZ\u00c1LEZ", "tipo": "Transporte", "elemento": "Parada de transporte p\u00fablico, buses", "tipologia": "Zonal", "gestion": "P\u00fablico", "estado": "Regular", "parroquia": "RIOBAMBA", "observaciones": ""}, "geometry": {"type": "Point", "coordinates": [-78.661555, -1.662778]}}, {"type": "Feature", "properties": {"id": "1f9ddcf8-ffa3-4b87-84f3-e883d9006806", "nombre": "Iglesia el Bel\u00e9n", "tipo": "Religioso", "elemento": "Iglesias hasta 200 puestos", "tipologia": "Barrial", "gestion": "P\u00fablico", "estado": "Regular", "parroquia": "RIOBAMBA", "observaciones": "Sin observacion"}, "geometry": {"type": "Point", "coordinates": [-78.65873, -1.669956]}}, {"type": "Feature", "properties": {"id": "ec63c2e8-b5ca-4052-85e0-8577b7181e66", "nombre": "Coop Riobamba", "tipo": "Recreativo y Deporte", "elemento": "Canchas deportivas m\u00faltiples.", "tipologia": "Zonal", "gestion": "P\u00fablico", "estado": "Malo", "parroquia": "RIOBAMBA", "observaciones": ""}, "geometry": {"type": "Point", "coordinates": [-78.647933, -1.683737]}}, {"type": "Feature", "properties": {"id": "3a14a629-c236-4fae-8735-120b0c4b31f0", "nombre": "Espacio de socializaci\u00f3n y encuentro Santa Bertilla Boscardini", "tipo": "Bienestar Social", "elemento": "Casa del Bienestar o Centro de protecci\u00f3n de mujeres o menores", "tipologia": "Cantonal", "gestion": "P\u00fablico", "estado": "Regular", "parroquia": "RIOBAMBA", "observaciones": "Sin observaciones"}, "geometry": {"type": "Point", "coordinates": [-78.658778, -1.670148]}}, {"type": "Feature", "properties": {"id": "d6273ac2-04f9-49f9-8096-56645888a179", "nombre": "UPC", "tipo": "Seguridad", "elemento": "Unidad de vigilancia de polic\u00eda (UPC)", "tipologia": "Zonal", "gestion": "P\u00fablico", "estado": "", "parroquia": "RIOBAMBA", "observaciones": "No se puede verificar el nombre del UPC"}, "geometry": {"type": "Point", "coordinates": [-78.648749, -1.675803]}}, {"type": "Feature", "properties": {"id": "a034e005-7123-4921-8c48-f24a2a5e2c6b", "nombre": "Centro Cristiano Evangelico Libertad Divina", "tipo": "Religioso", "elemento": "Iglesias hasta 200 puestos", "tipologia": "Barrial", "gestion": "Privado", "estado": "Bueno", "parroquia": "RIOBAMBA", "observaciones": ""}, "geometry": {"type": "Point", "coordinates": [-78.650689, -1.684947]}}, {"type": "Feature", "properties": {"id": "55be5f6c-d31c-46a1-84ca-accde86008b2", "nombre": "Parada de buses La Primavera", "tipo": "Transporte", "elemento": "Parada de transporte p\u00fablico, buses", "tipologia": "Zonal", "gestion": "P\u00fablico", "estado": "Regular", "parroquia": "RIOBAMBA", "observaciones": ""}, "geometry": {"type": "Point", "coordinates": [-78.661558, -1.677402]}}, {"type": "Feature", "properties": {"id": "75e96d76-c603-430a-87ff-16c82afe7676", "nombre": "PARADA DE BUSES CALLE OLMEDO Y MORONA", "tipo": "Transporte", "elemento": "Parada de transporte p\u00fablico, buses", "tipologia": "Zonal", "gestion": "P\u00fablico", "estado": "Bueno", "parroquia": "RIOBAMBA", "observaciones": ""}, "geometry": {"type": "Point", "coordinates": [-78.646685, -1.677636]}}, {"type": "Feature", "properties": {"id": "ae4c65f0-43d4-4d4d-8ce7-9b6f8030f893", "nombre": "Taxis pedretaxi s.a", "tipo": "Transporte", "elemento": "Parada de taxis", "tipologia": "Zonal", "gestion": "P\u00fablico", "estado": "Bueno", "parroquia": "RIOBAMBA", "observaciones": "Operativo"}, "geometry": {"type": "Point", "coordinates": [-78.662459, -1.681849]}}, {"type": "Feature", "properties": {"id": "8ced730a-f159-4d8a-8fe4-96bf4925164f", "nombre": "SEDE DE UNIDAD NACIONAL DE EDUCADORES", "tipo": "Administraci\u00f3n P\u00fablica", "elemento": "Sedes de gremios y federaciones de profesionales", "tipologia": "Zonal", "gestion": "Privado", "estado": "Regular", "parroquia": "RIOBAMBA", "observaciones": ""}, "geometry": {"type": "Point", "coordinates": [-78.659839, -1.664068]}}, {"type": "Feature", "properties": {"id": "77ec2b1f-f3a3-4ab9-8bf4-4d42bbbc8513", "nombre": "Cooperativa de Taxis el Estadio", "tipo": "Transporte", "elemento": "Parada de taxis", "tipologia": "Zonal", "gestion": "Privado", "estado": "Regular", "parroquia": "RIOBAMBA", "observaciones": ""}, "geometry": {"type": "Point", "coordinates": [-78.659183, -1.668752]}}, {"type": "Feature", "properties": {"id": "6015f2ec-8383-4ad7-8e40-36fd67260ac2", "nombre": "Hospital General Riobamba", "tipo": "Salud", "elemento": "Hospital provincial", "tipologia": "Cantonal", "gestion": "P\u00fablico", "estado": "Bueno", "parroquia": "RIOBAMBA", "observaciones": "Sin observaciones"}, "geometry": {"type": "Point", "coordinates": [-78.659181, -1.668747]}}, {"type": "Feature", "properties": {"id": "2f32c8bb-5379-4442-8773-51f6f2ae6e4d", "nombre": "HOSPITAL PROVINCIAL GENERAL DOCENTE RIOBAMBA", "tipo": "Salud", "elemento": "Hospital provincial", "tipologia": "Cantonal", "gestion": "P\u00fablico", "estado": "Bueno", "parroquia": "RIOBAMBA", "observaciones": ""}, "geometry": {"type": "Point", "coordinates": [-78.643113, -1.681647]}}, {"type": "Feature", "properties": {"id": "d92735fe-f1a8-4078-8c79-261d65ebf275", "nombre": "Parada", "tipo": "Transporte", "elemento": "Parada de transporte p\u00fablico, buses", "tipologia": "Zonal", "gestion": "P\u00fablico", "estado": "Bueno", "parroquia": "RIOBAMBA", "observaciones": "Operativo"}, "geometry": {"type": "Point", "coordinates": [-78.662459, -1.681849]}}, {"type": "Feature", "properties": {"id": "66776ae8-23de-4a58-891f-8bf93a8fff40", "nombre": "Parada de taxis la dolorosa", "tipo": "Transporte", "elemento": "Parada de taxis", "tipologia": "Zonal", "gestion": "Privado", "estado": "Bueno", "parroquia": "RIOBAMBA", "observaciones": ""}, "geometry": {"type": "Point", "coordinates": [-78.643063, -1.682025]}}, {"type": "Feature", "properties": {"id": "7e75268a-221c-43bc-8e3b-aafbea0c3887", "nombre": "CLINICA INGINOST", "tipo": "Salud", "elemento": "Hospital b\u00e1sico o cl\u00ednicas", "tipologia": "Zonal", "gestion": "Privado", "estado": "Bueno", "parroquia": "RIOBAMBA", "observaciones": ""}, "geometry": {"type": "Point", "coordinates": [-78.660981, -1.665028]}}, {"type": "Feature", "properties": {"id": "90deda4f-1962-49c8-819e-6e2412ba228c", "nombre": "Lavadora shyris", "tipo": "Infraestructura", "elemento": "Lavander\u00edas p\u00fablicas", "tipologia": "Barrial", "gestion": "P\u00fablico", "estado": "Bueno", "parroquia": "RIOBAMBA", "observaciones": "Operativo"}, "geometry": {"type": "Point", "coordinates": [-78.66129, -1.679615]}}, {"type": "Feature", "properties": {"id": "a26ebfcc-3353-4811-8af4-142844c92358", "nombre": "U.E. Ebenezer", "tipo": "Educaci\u00f3n", "elemento": "Unidades educativas (niveles b\u00e1sico y bachillerato)", "tipologia": "Zonal", "gestion": "Privado", "estado": "", "parroquia": "RIOBAMBA", "observaciones": ""}, "geometry": {"type": "Point", "coordinates": [-78.659665, -1.669962]}}, {"type": "Feature", "properties": {"id": "4935fb61-b2d1-4414-8e75-266b53c4f05e", "nombre": "UNIDAD EDUCATIVA AMELIA GALLEGOS DIAZ", "tipo": "Educaci\u00f3n", "elemento": "Unidades educativas (niveles b\u00e1sico y bachillerato)", "tipologia": "Zonal", "gestion": "P\u00fablico", "estado": "Bueno", "parroquia": "RIOBAMBA", "observaciones": ""}, "geometry": {"type": "Point", "coordinates": [-78.645066, -1.681987]}}, {"type": "Feature", "properties": {"id": "f8f82255-32c6-46a1-822a-bf5f2f483b7c", "nombre": "UNIVERSIDAD NACIONAL DE CHIMBORAZO CAMPUS CENTRO", "tipo": "Educaci\u00f3n", "elemento": "Universidades y escuelas polit\u00e9cnicas", "tipologia": "Cantonal", "gestion": "P\u00fablico", "estado": "Bueno", "parroquia": "RIOBAMBA", "observaciones": ""}, "geometry": {"type": "Point", "coordinates": [-78.661527, -1.666381]}}, {"type": "Feature", "properties": {"id": "eefcfe73-fc87-4c12-83c3-9de1e0da89d5", "nombre": "Parque San Mart\u00edn", "tipo": "Recreativo y Deporte", "elemento": "Parque con gimnasio al aire libre", "tipologia": "Zonal", "gestion": "P\u00fablico", "estado": "Regular", "parroquia": "RIOBAMBA", "observaciones": ""}, "geometry": {"type": "Point", "coordinates": [-78.660149, -1.671135]}}, {"type": "Feature", "properties": {"id": "649e4850-299b-47bc-8d4b-8dc9dd95eb4c", "nombre": "Centro de Especialidades M\u00e9dicas San Mart\u00edn", "tipo": "Salud", "elemento": "Hospital b\u00e1sico o cl\u00ednicas", "tipologia": "Zonal", "gestion": "Privado", "estado": "Bueno", "parroquia": "RIOBAMBA", "observaciones": ""}, "geometry": {"type": "Point", "coordinates": [-78.660421, -1.670843]}}, {"type": "Feature", "properties": {"id": "0ca7cbc2-8f4e-4390-8fca-19360870e6fe", "nombre": "UNIDAD EDUCATIVA EVEREST", "tipo": "Educaci\u00f3n", "elemento": "Unidades educativas (niveles b\u00e1sico y bachillerato)", "tipologia": "Zonal", "gestion": "Privado", "estado": "Bueno", "parroquia": "RIOBAMBA", "observaciones": ""}, "geometry": {"type": "Point", "coordinates": [-78.653985, -1.682705]}}, {"type": "Feature", "properties": {"id": "08266cf4-46c5-48f2-84e4-db28f6e437cd", "nombre": "Talleres del tren", "tipo": "Transporte", "elemento": "Estaciones de ferrocarril de pasajeros", "tipologia": "Cantonal", "gestion": "P\u00fablico", "estado": "Malo", "parroquia": "RIOBAMBA", "observaciones": "Talleres ferroviarios sin uso"}, "geometry": {"type": "Point", "coordinates": [-78.666185, -1.66605]}}, {"type": "Feature", "properties": {"id": "603932fb-e089-463f-8361-ee750622fd0f", "nombre": "Unidad educativa The Oxford Gardens school", "tipo": "Educaci\u00f3n", "elemento": "Establecimientos de educaci\u00f3n inicial", "tipologia": "Barrial", "gestion": "Privado", "estado": "Bueno", "parroquia": "RIOBAMBA", "observaciones": ""}, "geometry": {"type": "Point", "coordinates": [-78.647098, -1.683057]}}, {"type": "Feature", "properties": {"id": "5b7f0a83-074f-4318-89d0-b7b5e67154bd", "nombre": "Parada de Bus Linea 11", "tipo": "Transporte", "elemento": "Parada de transporte p\u00fablico, buses", "tipologia": "Zonal", "gestion": "P\u00fablico", "estado": "Malo", "parroquia": "RIOBAMBA", "observaciones": ""}, "geometry": {"type": "Point", "coordinates": [-78.66269, -1.672136]}}, {"type": "Feature", "properties": {"id": "6289a511-4385-4312-87f2-535f9af48797", "nombre": "Unidad educativa PCEI OXFORD", "tipo": "Educaci\u00f3n", "elemento": "Unidades educativas (niveles b\u00e1sico y bachillerato)", "tipologia": "Zonal", "gestion": "Privado", "estado": "Bueno", "parroquia": "RIOBAMBA", "observaciones": ""}, "geometry": {"type": "Point", "coordinates": [-78.646642, -1.682999]}}, {"type": "Feature", "properties": {"id": "9a787cb2-c91e-4614-8611-b66a461e9bd2", "nombre": "Jose Maria Velasco", "tipo": "Educaci\u00f3n", "elemento": "Escuelas", "tipologia": "Barrial", "gestion": "P\u00fablico", "estado": "Regular", "parroquia": "RIOBAMBA", "observaciones": ""}, "geometry": {"type": "Point", "coordinates": [-78.650558, -1.676271]}}, {"type": "Feature", "properties": {"id": "1095d5fe-af8c-45d8-8ec9-e4fc43404dea", "nombre": "Unidad Educativa La Providencia", "tipo": "Educaci\u00f3n", "elemento": "Unidades educativas (niveles b\u00e1sico y bachillerato)", "tipologia": "Zonal", "gestion": "P\u00fablico", "estado": "Bueno", "parroquia": "RIOBAMBA", "observaciones": ""}, "geometry": {"type": "Point", "coordinates": [-78.662392, -1.672171]}}, {"type": "Feature", "properties": {"id": "12c36d68-cdba-45d7-8725-a0b9bde0e61d", "nombre": "Subestaci\u00f3n 1", "tipo": "Infraestructura", "elemento": "Estaciones o subestaciones el\u00e9ctricas", "tipologia": "Zonal", "gestion": "P\u00fablico", "estado": "Bueno", "parroquia": "RIOBAMBA", "observaciones": ""}, "geometry": {"type": "Point", "coordinates": [-78.655141, -1.681191]}}, {"type": "Feature", "properties": {"id": "4bc7d334-7515-4272-8f4e-1743d1639607", "nombre": "Unidad educativa Alvanor College", "tipo": "Educaci\u00f3n", "elemento": "Unidades educativas (niveles b\u00e1sico y bachillerato)", "tipologia": "Zonal", "gestion": "Privado", "estado": "Bueno", "parroquia": "RIOBAMBA", "observaciones": ""}, "geometry": {"type": "Point", "coordinates": [-78.646397, -1.68253]}}, {"type": "Feature", "properties": {"id": "70785320-c522-463d-89bc-be398f1f6fc7", "nombre": "IINSTITUTO  VIGOTSKY", "tipo": "Educaci\u00f3n", "elemento": "Escuelas", "tipologia": "Barrial", "gestion": "Privado", "estado": "Bueno", "parroquia": "RIOBAMBA", "observaciones": ""}, "geometry": {"type": "Point", "coordinates": [-78.649315, -1.677438]}}, {"type": "Feature", "properties": {"id": "b1b0418a-a8c2-4861-822c-e1358ab4e1c2", "nombre": "HOSPITAL GENERAL IESS", "tipo": "Salud", "elemento": "Hospital provincial", "tipologia": "Cantonal", "gestion": "P\u00fablico", "estado": "Regular", "parroquia": "RIOBAMBA", "observaciones": ""}, "geometry": {"type": "Point", "coordinates": [-78.659496, -1.668775]}}, {"type": "Feature", "properties": {"id": "7ce492b7-0a01-479d-8145-31d0fdeb42b7", "nombre": "Quinta la Rosita", "tipo": "Recreativo y Deporte", "elemento": "Canchas deportivas m\u00faltiples.", "tipologia": "Zonal", "gestion": "P\u00fablico", "estado": "Bueno", "parroquia": "RIOBAMBA", "observaciones": "Falta nombres en los parque para una mejor identificaci\u00f3n"}, "geometry": {"type": "Point", "coordinates": [-78.646166, -1.681459]}}, {"type": "Feature", "properties": {"id": "5132743e-09f4-4af7-8156-cfd3b0c3de10", "nombre": "MENU DIAL CLINICA DE LOS RI\u00d1ONES", "tipo": "Salud", "elemento": "Hospital b\u00e1sico o cl\u00ednicas", "tipologia": "Zonal", "gestion": "Privado", "estado": "Bueno", "parroquia": "RIOBAMBA", "observaciones": ""}, "geometry": {"type": "Point", "coordinates": [-78.647166, -1.6789]}}, {"type": "Feature", "properties": {"id": "cd386405-024a-442e-822a-c15f390406ab", "nombre": "Parque Guayaquil", "tipo": "Recreativo y Deporte", "elemento": "Parques tem\u00e1ticos", "tipologia": "Cantonal", "gestion": "P\u00fablico", "estado": "Bueno", "parroquia": "RIOBAMBA", "observaciones": ""}, "geometry": {"type": "Point", "coordinates": [-78.659217, -1.666874]}}, {"type": "Feature", "properties": {"id": "d571de4a-689d-4b6b-88fc-92954815f834", "nombre": "HOSPITAL DEL D\u00cdA LA DOLOROSA", "tipo": "Salud", "elemento": "Hospital b\u00e1sico o cl\u00ednicas", "tipologia": "Zonal", "gestion": "Privado", "estado": "Bueno", "parroquia": "RIOBAMBA", "observaciones": "CL\u00cdNICA PARTICULAR"}, "geometry": {"type": "Point", "coordinates": [-78.646646, -1.679601]}}, {"type": "Feature", "properties": {"id": "3dee65c4-9b89-4e7e-844f-3ee6e9117e6b", "nombre": "Cementerio Vera Aequalitas", "tipo": "Servicios Funerarios", "elemento": "Cementerios", "tipologia": "Cantonal", "gestion": "P\u00fablico", "estado": "Bueno", "parroquia": "RIOBAMBA", "observaciones": ""}, "geometry": {"type": "Point", "coordinates": [-78.655485, -1.681299]}}, {"type": "Feature", "properties": {"id": "d8213560-fdda-4f6b-85d8-db5acdd7d3a7", "nombre": "Parada de buses Parque Guayaquil", "tipo": "Transporte", "elemento": "Parada de transporte p\u00fablico, buses", "tipologia": "Zonal", "gestion": "P\u00fablico", "estado": "Regular", "parroquia": "RIOBAMBA", "observaciones": "Sin observaciones"}, "geometry": {"type": "Point", "coordinates": [-78.65978, -1.667743]}}, {"type": "Feature", "properties": {"id": "3c1dad7f-a120-4a02-86cb-b24402ed7797", "nombre": "Unidad Educativa Ebenezer", "tipo": "Educaci\u00f3n", "elemento": "Unidades educativas (niveles b\u00e1sico y bachillerato)", "tipologia": "Zonal", "gestion": "Privado", "estado": "Bueno", "parroquia": "RIOBAMBA", "observaciones": ""}, "geometry": {"type": "Point", "coordinates": [-78.659602, -1.669757]}}, {"type": "Feature", "properties": {"id": "71a18475-1f79-4fb8-8f14-6fa3cc718ed8", "nombre": "Sal\u00f3n del reino de los testigos de jehova", "tipo": "Religioso", "elemento": "Iglesias hasta 200 puestos", "tipologia": "Barrial", "gestion": "Privado", "estado": "Bueno", "parroquia": "RIOBAMBA", "observaciones": "Iglesia cristiana"}, "geometry": {"type": "Point", "coordinates": [-78.646586, -1.679951]}}, {"type": "Feature", "properties": {"id": "b24b323c-2b4b-4012-87c4-9397755b1668", "nombre": "Coordinaci\u00f3n zonal 3 - Salud", "tipo": "Administraci\u00f3n P\u00fablica", "elemento": "Edificios administrativos gobierno central o provincial", "tipologia": "Cantonal", "gestion": "P\u00fablico", "estado": "Bueno", "parroquia": "RIOBAMBA", "observaciones": "Ninguna"}, "geometry": {"type": "Point", "coordinates": [-78.652484, -1.678432]}}, {"type": "Feature", "properties": {"id": "50567d91-d2d8-4892-8976-0c3ed26195cd", "nombre": "Centro de especialidades m\u00e9dicas", "tipo": "Salud", "elemento": "Hospital b\u00e1sico o cl\u00ednicas", "tipologia": "Zonal", "gestion": "Privado", "estado": "Bueno", "parroquia": "RIOBAMBA", "observaciones": ""}, "geometry": {"type": "Point", "coordinates": [-78.659764, -1.670222]}}, {"type": "Feature", "properties": {"id": "fa60c5c3-11d2-41b4-89ea-3a9b02246f17", "nombre": "Barrio quinta la Rosita", "tipo": "Recreativo y Deporte", "elemento": "Canchas deportivas m\u00faltiples.", "tipologia": "Zonal", "gestion": "P\u00fablico", "estado": "Regular", "parroquia": "RIOBAMBA", "observaciones": "Segundo parque del barrio quinta la Rosita"}, "geometry": {"type": "Point", "coordinates": [-78.647181, -1.681091]}}, {"type": "Feature", "properties": {"id": "770808ea-a3d2-4cf9-8fea-1ba29f4ba6d4", "nombre": "UNIDAD EDUCATIVA CAPITAN EDMUNDO CHIRIBOGA", "tipo": "Educaci\u00f3n", "elemento": "Colegios secundarios", "tipologia": "Zonal", "gestion": "P\u00fablico", "estado": "Bueno", "parroquia": "RIOBAMBA", "observaciones": ""}, "geometry": {"type": "Point", "coordinates": [-78.658407, -1.67755]}}, {"type": "Feature", "properties": {"id": "2baa8a00-7e41-4b20-8456-f6cc65614718", "nombre": "Parada de bus", "tipo": "Transporte", "elemento": "Parada de transporte p\u00fablico, buses", "tipologia": "Zonal", "gestion": "P\u00fablico", "estado": "Malo", "parroquia": "RIOBAMBA", "observaciones": "Vandalizado y sin cubierta"}, "geometry": {"type": "Point", "coordinates": [-78.652065, -1.678764]}}, {"type": "Feature", "properties": {"id": "1e27d69d-ee6a-4b31-803b-b7b21a04b40a", "nombre": "MINISTERIO DE AMBIENTE AGUA Y TRANSICI\u00d3N ECOLOGICA", "tipo": "Administraci\u00f3n P\u00fablica", "elemento": "Edificios administrativos gobierno central o provincial", "tipologia": "Cantonal", "gestion": "P\u00fablico", "estado": "Bueno", "parroquia": "RIOBAMBA", "observaciones": "DIRECCI\u00d3N ZONAL 3 CHIMBORAZO"}, "geometry": {"type": "Point", "coordinates": [-78.644606, -1.682438]}}, {"type": "Feature", "properties": {"id": "f058d398-ef2b-4a1e-82ee-798032daf089", "nombre": "Escuela de educaci\u00f3n b\u00e1sica leche y miel", "tipo": "Educaci\u00f3n", "elemento": "Establecimientos de educaci\u00f3n inicial", "tipologia": "Barrial", "gestion": "Privado", "estado": "Bueno", "parroquia": "RIOBAMBA", "observaciones": ""}, "geometry": {"type": "Point", "coordinates": [-78.645152, -1.681901]}}, {"type": "Feature", "properties": {"id": "847f06a3-d000-4a34-89c9-618fbbeaa5e8", "nombre": "Antena de telecomunicacion", "tipo": "Infraestructura", "elemento": "Antenas centrales de transmisi\u00f3n y recepci\u00f3n de telecomunicaciones", "tipologia": "Zonal", "gestion": "P\u00fablico", "estado": "Bueno", "parroquia": "RIOBAMBA", "observaciones": ""}, "geometry": {"type": "Point", "coordinates": [-78.657974, -1.678993]}}, {"type": "Feature", "properties": {"id": "eca6008c-4a4a-45b7-8457-30166414d6f5", "nombre": "Psicomedic Salud", "tipo": "Salud", "elemento": "Hospital b\u00e1sico o cl\u00ednicas", "tipologia": "Zonal", "gestion": "Privado", "estado": "Bueno", "parroquia": "RIOBAMBA", "observaciones": ""}, "geometry": {"type": "Point", "coordinates": [-78.664627, -1.66914]}}, {"type": "Feature", "properties": {"id": "fce15c8e-0a94-436a-820a-e4ae7834422a", "nombre": "CENCAP", "tipo": "Educaci\u00f3n", "elemento": "Centros o institutos de capacitaci\u00f3n", "tipologia": "Zonal", "gestion": "Privado", "estado": "Bueno", "parroquia": "RIOBAMBA", "observaciones": ""}, "geometry": {"type": "Point", "coordinates": [-78.665131, -1.668931]}}, {"type": "Feature", "properties": {"id": "82dd0aa1-352d-4732-816d-fdfe348a5ccb", "nombre": "Hospital geri\u00e1trico", "tipo": "Salud", "elemento": "Hospital provincial", "tipologia": "Cantonal", "gestion": "P\u00fablico", "estado": "Bueno", "parroquia": "RIOBAMBA", "observaciones": "Ninguna"}, "geometry": {"type": "Point", "coordinates": [-78.653999, -1.679128]}}, {"type": "Feature", "properties": {"id": "7948c04d-ed88-433f-8745-5e19099f373d", "nombre": "Centro de capacitaci\u00f3n artesanal San Juan Evangelista", "tipo": "Educaci\u00f3n", "elemento": "Centros o institutos de capacitaci\u00f3n", "tipologia": "Zonal", "gestion": "P\u00fablico", "estado": "Regular", "parroquia": "RIOBAMBA", "observaciones": ""}, "geometry": {"type": "Point", "coordinates": [-78.665064, -1.668813]}}, {"type": "Feature", "properties": {"id": "dcc4f1df-2fdd-4339-825c-0aac31134d44", "nombre": "Iglesia Redil de Cristo", "tipo": "Religioso", "elemento": "Iglesias hasta 200 puestos", "tipologia": "Barrial", "gestion": "Privado", "estado": "Regular", "parroquia": "RIOBAMBA", "observaciones": ""}, "geometry": {"type": "Point", "coordinates": [-78.665279, -1.668857]}}, {"type": "Feature", "properties": {"id": "c9c6825f-43e1-4881-8ac0-671fe53ce41a", "nombre": "Hospital Oncol\u00f3gico SOLCA", "tipo": "Salud", "elemento": "Hospital regional- especializaci\u00f3n -docente", "tipologia": "Cantonal", "gestion": "Privado", "estado": "Bueno", "parroquia": "RIOBAMBA", "observaciones": ""}, "geometry": {"type": "Point", "coordinates": [-78.664406, -1.668458]}}, {"type": "Feature", "properties": {"id": "fe5fc27e-3449-4725-8657-966dd70e1ae5", "nombre": "Centro de educaci\u00f3n  inicial Eloy Alfaro", "tipo": "Educaci\u00f3n", "elemento": "Establecimientos de educaci\u00f3n inicial", "tipologia": "Barrial", "gestion": "P\u00fablico", "estado": "Regular", "parroquia": "RIOBAMBA", "observaciones": ""}, "geometry": {"type": "Point", "coordinates": [-78.66267, -1.669118]}}, {"type": "Feature", "properties": {"id": "74b8c429-84a1-4b8e-8649-dcc2276afa70", "nombre": "Sindicato de trabajadores del municipio de Riobamba", "tipo": "Recreativo y Deporte", "elemento": "Canchas deportivas m\u00faltiples.", "tipologia": "Zonal", "gestion": "P\u00fablico", "estado": "Regular", "parroquia": "RIOBAMBA", "observaciones": "Se requiere dar mantenimiento a la fachada"}, "geometry": {"type": "Point", "coordinates": [-78.655524, -1.68076]}}, {"type": "Feature", "properties": {"id": "62be46cc-06e1-4aef-8dd2-6e68aecc3082", "nombre": "Cl\u00ednica Chimborazo", "tipo": "Salud", "elemento": "Hospital b\u00e1sico o cl\u00ednicas", "tipologia": "Zonal", "gestion": "Privado", "estado": "Bueno", "parroquia": "RIOBAMBA", "observaciones": ""}, "geometry": {"type": "Point", "coordinates": [-78.658192, -1.66456]}}, {"type": "Feature", "properties": {"id": "2e87200a-abff-455f-8196-e9ff31f63e21", "nombre": "Canchas San Mart\u00edn", "tipo": "Recreativo y Deporte", "elemento": "Canchas deportivas m\u00faltiples.", "tipologia": "Zonal", "gestion": "P\u00fablico", "estado": "Regular", "parroquia": "", "observaciones": ""}, "geometry": {"type": "Point", "coordinates": [-78.662203, -1.66929]}}, {"type": "Feature", "properties": {"id": "768f1f4d-3ecc-409d-81fc-924ed03bf068", "nombre": "Centro Forense Riobamba", "tipo": "Salud", "elemento": "Hospital regional- especializaci\u00f3n -docente", "tipologia": "Cantonal", "gestion": "P\u00fablico", "estado": "Bueno", "parroquia": "RIOBAMBA", "observaciones": "Mantenimiento a la fachada"}, "geometry": {"type": "Point", "coordinates": [-78.656264, -1.679851]}}, {"type": "Feature", "properties": {"id": "1ac36d89-a989-4f40-85a6-6bb93698b36f", "nombre": "Comagopare", "tipo": "Administraci\u00f3n P\u00fablica", "elemento": "Edificios administrativos gobierno central o provincial", "tipologia": "Cantonal", "gestion": "P\u00fablico", "estado": "Regular", "parroquia": "RIOBAMBA", "observaciones": ""}, "geometry": {"type": "Point", "coordinates": [-78.656771, -1.665834]}}, {"type": "Feature", "properties": {"id": "eeeb500b-8ca8-47a7-8746-e060f7722f97", "nombre": "Upc SAN MARTIN", "tipo": "Seguridad", "elemento": "Unidad de vigilancia de polic\u00eda (UPC)", "tipologia": "Zonal", "gestion": "P\u00fablico", "estado": "Regular", "parroquia": "RIOBAMBA", "observaciones": ""}, "geometry": {"type": "Point", "coordinates": [-78.662217, -1.669243]}}, {"type": "Feature", "properties": {"id": "d5d2863d-4653-4443-81c9-cd542c71ed25", "nombre": "Fisio Alban", "tipo": "Salud", "elemento": "Centros de rehabilitaci\u00f3n f\u00edsica integral", "tipologia": "Zonal", "gestion": "Privado", "estado": "Bueno", "parroquia": "RIOBAMBA", "observaciones": ""}, "geometry": {"type": "Point", "coordinates": [-78.661835, -1.66961]}}, {"type": "Feature", "properties": {"id": "43b7d3d3-836a-4145-8613-495471715515", "nombre": "Cancha deportiva municipal", "tipo": "Recreativo y Deporte", "elemento": "Canchas deportivas m\u00faltiples.", "tipologia": "Zonal", "gestion": "P\u00fablico", "estado": "Bueno", "parroquia": "RIOBAMBA", "observaciones": "Ninguna"}, "geometry": {"type": "Point", "coordinates": [-78.656458, -1.67971]}}, {"type": "Feature", "properties": {"id": "42d0c1fe-b8ca-4ced-890a-c4e639b67534", "nombre": "Unidad Educativa Dr. Nicanor Larrea", "tipo": "Educaci\u00f3n", "elemento": "Unidades educativas (niveles b\u00e1sico y bachillerato)", "tipologia": "Zonal", "gestion": "P\u00fablico", "estado": "Regular", "parroquia": "RIOBAMBA", "observaciones": ""}, "geometry": {"type": "Point", "coordinates": [-78.656856, -1.667319]}}, {"type": "Feature", "properties": {"id": "6981cf9d-e4da-4c14-88ff-2d3a2e10197c", "nombre": "LA COMICH", "tipo": "Cultural", "elemento": "Info centros", "tipologia": "Barrial", "gestion": "P\u00fablico", "estado": "Regular", "parroquia": "RIOBAMBA", "observaciones": ""}, "geometry": {"type": "Point", "coordinates": [-78.662604, -1.669907]}}, {"type": "Feature", "properties": {"id": "39d1c568-1ddb-4f5d-86ad-a0272be0f4d6", "nombre": "Florister\u00edas ilustre municipio de Riobamba", "tipo": "Especial", "elemento": "Mercado", "tipologia": "Cantonal", "gestion": "P\u00fablico", "estado": "Regular", "parroquia": "RIOBAMBA", "observaciones": "Fachada vandalizada"}, "geometry": {"type": "Point", "coordinates": [-78.65678, -1.679206]}}, {"type": "Feature", "properties": {"id": "2aa5184f-baf4-47b3-87c1-16b70192a6e3", "nombre": "CDI Guardianes de La Paz", "tipo": "Bienestar Social", "elemento": "CDI", "tipologia": "Zonal", "gestion": "P\u00fablico", "estado": "Bueno", "parroquia": "RIOBAMBA", "observaciones": "Ninguna"}, "geometry": {"type": "Point", "coordinates": [-78.656895, -1.678952]}}, {"type": "Feature", "properties": {"id": "db0e8886-52be-4af7-8fe8-0bed00ca3a03", "nombre": "Hospital B\u00e1sico San Pedro de Riobamba", "tipo": "Salud", "elemento": "Hospital b\u00e1sico o cl\u00ednicas", "tipologia": "Zonal", "gestion": "Privado", "estado": "Bueno", "parroquia": "RIOBAMBA", "observaciones": ""}, "geometry": {"type": "Point", "coordinates": [-78.66028, -1.672003]}}, {"type": "Feature", "properties": {"id": "7b1aeb81-d04c-40e8-8883-6498c3993329", "nombre": "Cancha Santa Fas", "tipo": "Recreativo y Deporte", "elemento": "Canchas deportivas m\u00faltiples.", "tipologia": "Zonal", "gestion": "P\u00fablico", "estado": "Regular", "parroquia": "RIOBAMBA", "observaciones": "Falta mantenimiento"}, "geometry": {"type": "Point", "coordinates": [-78.652711, -1.680762]}}, {"type": "Feature", "properties": {"id": "f1c00c6d-222d-49b8-884d-439dfa3f7d1c", "nombre": "Iglesia cristiana Maranatha", "tipo": "Religioso", "elemento": "Iglesias hasta 200 puestos", "tipologia": "Barrial", "gestion": "Privado", "estado": "Regular", "parroquia": "RIOBAMBA", "observaciones": ""}, "geometry": {"type": "Point", "coordinates": [-78.660275, -1.671828]}}, {"type": "Feature", "properties": {"id": "559a5f64-2ed3-40d3-8385-19105df64a4c", "nombre": "Escuela de Capacitaci\u00f3n Profesional Somec Chimborazo", "tipo": "Educaci\u00f3n", "elemento": "Centros o institutos de capacitaci\u00f3n", "tipologia": "Zonal", "gestion": "Privado", "estado": "Regular", "parroquia": "RIOBAMBA", "observaciones": ""}, "geometry": {"type": "Point", "coordinates": [-78.65731, -1.66779]}}, {"type": "Feature", "properties": {"id": "5450b5b0-e88b-4053-88b0-551e07301bab", "nombre": "Unidad educativa Le\u00f3nidas Garc\u00eda", "tipo": "Educaci\u00f3n", "elemento": "Escuelas", "tipologia": "Barrial", "gestion": "P\u00fablico", "estado": "Bueno", "parroquia": "RIOBAMBA", "observaciones": "El letrero est\u00e1 desgastado y no se aprecia el nombre"}, "geometry": {"type": "Point", "coordinates": [-78.657343, -1.678568]}}, {"type": "Feature", "properties": {"id": "eddcc3b7-ec98-4fad-8a37-2db6c68dbdaf", "nombre": "Espacio de desarrollo integral casa de Bienestar", "tipo": "Bienestar Social", "elemento": "Casa del Bienestar o Centro de protecci\u00f3n de mujeres o menores", "tipologia": "Cantonal", "gestion": "P\u00fablico", "estado": "Bueno", "parroquia": "RIOBAMBA", "observaciones": ""}, "geometry": {"type": "Point", "coordinates": [-78.651312, -1.681377]}}, {"type": "Feature", "properties": {"id": "089ebf87-d419-4594-8f23-60d1ef484382", "nombre": "Escuela de Conducci\u00f3n Frankart", "tipo": "Educaci\u00f3n", "elemento": "Centros de ense\u00f1anza para conductores profesionales", "tipologia": "Zonal", "gestion": "Privado", "estado": "Regular", "parroquia": "RIOBAMBA", "observaciones": ""}, "geometry": {"type": "Point", "coordinates": [-78.65783, -1.667219]}}, {"type": "Feature", "properties": {"id": "91e2f5c9-3a32-4e03-8d15-28a094e5ace8", "nombre": "U E LA PROVIDENCIA", "tipo": "Educaci\u00f3n", "elemento": "Unidades educativas (niveles b\u00e1sico y bachillerato)", "tipologia": "Zonal", "gestion": "Privado", "estado": "Bueno", "parroquia": "RIOBAMBA", "observaciones": ""}, "geometry": {"type": "Point", "coordinates": [-78.662061, -1.672159]}}, {"type": "Feature", "properties": {"id": "d5ff40ec-063b-4d6e-8447-f49296274a60", "nombre": "Unidad Educativa Isabel de Godin sede 1", "tipo": "Educaci\u00f3n", "elemento": "Unidades educativas (niveles b\u00e1sico y bachillerato)", "tipologia": "Zonal", "gestion": "P\u00fablico", "estado": "Bueno", "parroquia": "RIOBAMBA", "observaciones": ""}, "geometry": {"type": "Point", "coordinates": [-78.651302, -1.67923]}}, {"type": "Feature", "properties": {"id": "ac81af9a-8d71-4d94-8b09-cf83e96d4a60", "nombre": "Hospital Geri\u00e1trico Doctor Bolivar Aguello P.", "tipo": "Salud", "elemento": "Hospital provincial", "tipologia": "Cantonal", "gestion": "P\u00fablico", "estado": "Bueno", "parroquia": "RIOBAMBA", "observaciones": ""}, "geometry": {"type": "Point", "coordinates": [-78.653837, -1.679324]}}, {"type": "Feature", "properties": {"id": "e0ca8b50-a666-47d2-8e10-994b1e80e852", "nombre": "Parque la Paz", "tipo": "Recreativo y Deporte", "elemento": "Canchas deportivas m\u00faltiples.", "tipologia": "Zonal", "gestion": "P\u00fablico", "estado": "Regular", "parroquia": "RIOBAMBA", "observaciones": ""}, "geometry": {"type": "Point", "coordinates": [-78.651144, -1.681461]}}, {"type": "Feature", "properties": {"id": "d13c81c3-fff3-47b1-8f33-6cefb6f06bcd", "nombre": "Fisionatural fitness", "tipo": "Salud", "elemento": "Centros de rehabilitaci\u00f3n f\u00edsica integral", "tipologia": "Zonal", "gestion": "Privado", "estado": "Bueno", "parroquia": "RIOBAMBA", "observaciones": "Ninguna"}, "geometry": {"type": "Point", "coordinates": [-78.656727, -1.676574]}}, {"type": "Feature", "properties": {"id": "160b3e33-6a44-4b25-8a07-3a8e8e59365a", "nombre": "Desarrollo social y Humano", "tipo": "Administraci\u00f3n P\u00fablica", "elemento": "Municipio", "tipologia": "Cantonal", "gestion": "P\u00fablico", "estado": "Regular", "parroquia": "RIOBAMBA", "observaciones": ""}, "geometry": {"type": "Point", "coordinates": [-78.662544, -1.670872]}}, {"type": "Feature", "properties": {"id": "28104f31-dfa6-442f-8a1a-7ee6f34c011f", "nombre": "Dr. Le\u00f3nidas Garc\u00eda Ortiz", "tipo": "Educaci\u00f3n", "elemento": "Unidades educativas (niveles b\u00e1sico y bachillerato)", "tipologia": "Zonal", "gestion": "P\u00fablico", "estado": "Bueno", "parroquia": "RIOBAMBA", "observaciones": "Ninguna"}, "geometry": {"type": "Point", "coordinates": [-78.656291, -1.676282]}}, {"type": "Feature", "properties": {"id": "1e614bbe-844a-41e1-84c7-f3c90f3c3875", "nombre": "Jesucristo el Libertador", "tipo": "Religioso", "elemento": "Iglesias hasta 500 puestos", "tipologia": "Zonal", "gestion": "Privado", "estado": "Bueno", "parroquia": "RIOBAMBA", "observaciones": ""}, "geometry": {"type": "Point", "coordinates": [-78.66234, -1.670554]}}, {"type": "Feature", "properties": {"id": "676f6194-ae9e-4f58-8d0b-d7c8aaa96f07", "nombre": "Unidad Educativa Intercultural Bilingue Monse\u00f1or Leonidas Proa\u00f1o", "tipo": "Educaci\u00f3n", "elemento": "Unidades educativas (niveles b\u00e1sico y bachillerato)", "tipologia": "Zonal", "gestion": "P\u00fablico", "estado": "Regular", "parroquia": "RIOBAMBA", "observaciones": ""}, "geometry": {"type": "Point", "coordinates": [-78.649981, -1.683385]}}, {"type": "Feature", "properties": {"id": "3115e145-1df6-4eef-8e66-9272dbb143f9", "nombre": "Coordinaci\u00f3n Zonal 3- Salud", "tipo": "Salud", "elemento": "Hospital provincial", "tipologia": "Cantonal", "gestion": "P\u00fablico", "estado": "Regular", "parroquia": "RIOBAMBA", "observaciones": "Ares Administrativa"}, "geometry": {"type": "Point", "coordinates": [-78.652673, -1.678416]}}, {"type": "Feature", "properties": {"id": "4098c445-99c5-464b-8ea7-bcd6bc02aba4", "nombre": "Hospivet", "tipo": "Especial", "elemento": "Hospitales veterinarios", "tipologia": "Zonal", "gestion": "Privado", "estado": "Bueno", "parroquia": "RIOBAMBA", "observaciones": "Ninguna"}, "geometry": {"type": "Point", "coordinates": [-78.655581, -1.675123]}}, {"type": "Feature", "properties": {"id": "2b425708-1fa1-492b-80d4-adfedb7debb1", "nombre": "Kinesiomay", "tipo": "Salud", "elemento": "Centros de rehabilitaci\u00f3n f\u00edsica integral", "tipologia": "Zonal", "gestion": "Privado", "estado": "Bueno", "parroquia": "RIOBAMBA", "observaciones": ""}, "geometry": {"type": "Point", "coordinates": [-78.665885, -1.668816]}}, {"type": "Feature", "properties": {"id": "8e039ae0-5ef6-4a43-812d-0555e0ac88fd", "nombre": "Antena de Telecomunicaci\u00f3n", "tipo": "Infraestructura", "elemento": "Antenas centrales de transmisi\u00f3n y recepci\u00f3n de telecomunicaciones", "tipologia": "Zonal", "gestion": "P\u00fablico", "estado": "Bueno", "parroquia": "RIOBAMBA", "observaciones": ""}, "geometry": {"type": "Point", "coordinates": [-78.650075, -1.683299]}}, {"type": "Feature", "properties": {"id": "9ccf9f67-0fdd-4348-821c-623baccb3a5e", "nombre": "Parque", "tipo": "Recreativo y Deporte", "elemento": "Canchas deportivas m\u00faltiples.", "tipologia": "Zonal", "gestion": "P\u00fablico", "estado": "Malo", "parroquia": "RIOBAMBA", "observaciones": "Parque en mal estado, frente a la boleter\u00eda de Macaji"}, "geometry": {"type": "Point", "coordinates": [-78.665466, -1.66952]}}, {"type": "Feature", "properties": {"id": "10b71247-290e-400f-8545-ee43f326b0f4", "nombre": "Monte de los olivos", "tipo": "Servicios Funerarios", "elemento": "Funerarias y salas de velaci\u00f3n", "tipologia": "Zonal", "gestion": "Privado", "estado": "Bueno", "parroquia": "RIOBAMBA", "observaciones": "Ninguna"}, "geometry": {"type": "Point", "coordinates": [-78.654699, -1.676351]}}, {"type": "Feature", "properties": {"id": "20665dab-1e89-4a30-8875-962762a9a3d4", "nombre": "Centro de Salud 1", "tipo": "Salud", "elemento": "Centro de salud Tipo A", "tipologia": "Barrial", "gestion": "P\u00fablico", "estado": "Regular", "parroquia": "RIOBAMBA", "observaciones": ""}, "geometry": {"type": "Point", "coordinates": [-78.652565, -1.679171]}}, {"type": "Feature", "properties": {"id": "1ba36562-5dca-4f6b-826a-5aca15621824", "nombre": "La iglesia de Jesucristo de los Santos de los \u00faltimos dias", "tipo": "Religioso", "elemento": "Iglesias hasta 200 puestos", "tipologia": "Barrial", "gestion": "Privado", "estado": "Bueno", "parroquia": "RIOBAMBA", "observaciones": ""}, "geometry": {"type": "Point", "coordinates": [-78.664543, -1.669892]}}, {"type": "Feature", "properties": {"id": "7035a872-8ae3-4ced-8f13-71edb0fe187f", "nombre": "Sede social de Taxis", "tipo": "Transporte", "elemento": "Parada de taxis", "tipologia": "Zonal", "gestion": "P\u00fablico", "estado": "Bueno", "parroquia": "RIOBAMBA", "observaciones": ""}, "geometry": {"type": "Point", "coordinates": [-78.663424, -1.670192]}}, {"type": "Feature", "properties": {"id": "5e78af48-0706-4d0f-8427-7c6285167fb9", "nombre": "Unidad Educativa ALVANOR", "tipo": "Educaci\u00f3n", "elemento": "Unidades educativas (niveles b\u00e1sico y bachillerato)", "tipologia": "Zonal", "gestion": "Privado", "estado": "Bueno", "parroquia": "RIOBAMBA", "observaciones": ""}, "geometry": {"type": "Point", "coordinates": [-78.648369, -1.684107]}}, {"type": "Feature", "properties": {"id": "9232650f-2749-470a-8ced-39c44abcbfe0", "nombre": "Center drive", "tipo": "Educaci\u00f3n", "elemento": "Centros de ense\u00f1anza para conductores profesionales", "tipologia": "Zonal", "gestion": "Privado", "estado": "Bueno", "parroquia": "RIOBAMBA", "observaciones": ""}, "geometry": {"type": "Point", "coordinates": [-78.663702, -1.67056]}}, {"type": "Feature", "properties": {"id": "3e619d8f-7e21-4a3a-8ac7-cbf5e8cd59c7", "nombre": "Centro de especialidades m\u00e9dicas Reina del Cisne", "tipo": "Salud", "elemento": "Hospital b\u00e1sico o cl\u00ednicas", "tipologia": "Zonal", "gestion": "Privado", "estado": "Bueno", "parroquia": "RIOBAMBA", "observaciones": ""}, "geometry": {"type": "Point", "coordinates": [-78.661297, -1.671094]}}, {"type": "Feature", "properties": {"id": "b1e8d720-a0cf-4698-8e95-efdcef46d229", "nombre": "Medical Dentist", "tipo": "Salud", "elemento": "Centros de rehabilitaci\u00f3n f\u00edsica integral", "tipologia": "Zonal", "gestion": "Privado", "estado": "Bueno", "parroquia": "RIOBAMBA", "observaciones": "Centro de especialidades m\u00e9dicas"}, "geometry": {"type": "Point", "coordinates": [-78.65249, -1.674799]}}, {"type": "Feature", "properties": {"id": "69776d2f-9084-4421-804a-c60ccee55af4", "nombre": "Parque - Sin Nombre", "tipo": "Recreativo y Deporte", "elemento": "Parques infantiles con jardines sin canchas", "tipologia": "Barrial", "gestion": "P\u00fablico", "estado": "Regular", "parroquia": "RIOBAMBA", "observaciones": "Con una cancha de cemento, en las calle 24 de mayo, frente la Cooperativa de ahorro Riobamba ."}, "geometry": {"type": "Point", "coordinates": [-78.648263, -1.684112]}}, {"type": "Feature", "properties": {"id": "54aac052-876b-44ea-880e-183c1987fd4e", "nombre": "Iglesia adventista del s\u00e9ptimo dia", "tipo": "Religioso", "elemento": "Iglesias hasta 200 puestos", "tipologia": "Barrial", "gestion": "Privado", "estado": "Bueno", "parroquia": "RIOBAMBA", "observaciones": ""}, "geometry": {"type": "Point", "coordinates": [-78.651872, -1.682224]}}, {"type": "Feature", "properties": {"id": "922421bd-b552-4995-83fa-c99c99a764cf", "nombre": "Fundaci\u00f3n sociedad forjando esperanza", "tipo": "Bienestar Social", "elemento": "Casa del Bienestar o Centro de protecci\u00f3n de mujeres o menores", "tipologia": "Cantonal", "gestion": "Privado", "estado": "Bueno", "parroquia": "RIOBAMBA", "observaciones": "Fundaci\u00f3n dona tu cabello y regala esperanza"}, "geometry": {"type": "Point", "coordinates": [-78.650647, -1.681926]}}, {"type": "Feature", "properties": {"id": "05febf76-785c-449e-8c3d-d4d9718486ec", "nombre": "Iglesia evang\u00e9lica Naci\u00f3n Celestial", "tipo": "Religioso", "elemento": "Iglesias hasta 200 puestos", "tipologia": "Barrial", "gestion": "Privado", "estado": "Regular", "parroquia": "RIOBAMBA", "observaciones": ""}, "geometry": {"type": "Point", "coordinates": [-78.651554, -1.683005]}}, {"type": "Feature", "properties": {"id": "4c8f03d1-600e-4745-8ace-eed6b8685d86", "nombre": "Iglesia Hechos de Nuevo", "tipo": "Religioso", "elemento": "Iglesias hasta 200 puestos", "tipologia": "Barrial", "gestion": "Privado", "estado": "Regular", "parroquia": "RIOBAMBA", "observaciones": ""}, "geometry": {"type": "Point", "coordinates": [-78.651554, -1.683005]}}, {"type": "Feature", "properties": {"id": "c17a3b01-2af2-45e4-8abe-009bd406cce9", "nombre": "Centro Municipal de Bienestar Animal Patitas Criar", "tipo": "Especial", "elemento": "Centro de gesti\u00f3n y rescate animal", "tipologia": "Zonal", "gestion": "P\u00fablico", "estado": "Bueno", "parroquia": "RIOBAMBA", "observaciones": ""}, "geometry": {"type": "Point", "coordinates": [-78.651066, -1.688054]}}, {"type": "Feature", "properties": {"id": "bd1feb6e-8a80-46ee-89ab-592efaeccfba", "nombre": "Antena de telecomunicaciones", "tipo": "Infraestructura", "elemento": "Antenas centrales de transmisi\u00f3n y recepci\u00f3n de telecomunicaciones", "tipologia": "Zonal", "gestion": "Privado", "estado": "Bueno", "parroquia": "RIOBAMBA", "observaciones": ""}, "geometry": {"type": "Point", "coordinates": [-78.650026, -1.683317]}}, {"type": "Feature", "properties": {"id": "e4f83c54-64db-4f43-85ed-829263a5b6c7", "nombre": "Unidad Educativa Bilingue Monse\u00f1or Leonidas Proa\u00f1o", "tipo": "Educaci\u00f3n", "elemento": "Unidades educativas (niveles b\u00e1sico y bachillerato)", "tipologia": "Zonal", "gestion": "P\u00fablico", "estado": "Regular", "parroquia": "RIOBAMBA", "observaciones": ""}, "geometry": {"type": "Point", "coordinates": [-78.649924, -1.68346]}}, {"type": "Feature", "properties": {"id": "9ba12993-1432-4605-8718-c129161f87b5", "nombre": "Peniel", "tipo": "Religioso", "elemento": "Iglesias hasta 200 puestos", "tipologia": "Barrial", "gestion": "Privado", "estado": "Bueno", "parroquia": "RIOBAMBA", "observaciones": "Centros de Cultos"}, "geometry": {"type": "Point", "coordinates": [-78.649844, -1.685968]}}, {"type": "Feature", "properties": {"id": "a083b04e-7fa0-41ec-8818-037b50a8e1d6", "nombre": "Centro Pastoral Padre Modesto Arieta", "tipo": "Religioso", "elemento": "Iglesias hasta 500 puestos", "tipologia": "Zonal", "gestion": "Privado", "estado": "Bueno", "parroquia": "RIOBAMBA", "observaciones": ""}, "geometry": {"type": "Point", "coordinates": [-78.649058, -1.681476]}}, {"type": "Feature", "properties": {"id": "eb6915f9-e38f-4942-82af-2cfc70349532", "nombre": "Prestamovil", "tipo": "Transporte", "elemento": "Parada de taxis", "tipologia": "Zonal", "gestion": "Privado", "estado": "Malo", "parroquia": "RIOBAMBA", "observaciones": ""}, "geometry": {"type": "Point", "coordinates": [-78.64946, -1.685675]}}, {"type": "Feature", "properties": {"id": "83d33d38-9698-4f1d-8952-63e09040101f", "nombre": "Cepla", "tipo": "Educaci\u00f3n", "elemento": "Establecimientos de educaci\u00f3n inicial", "tipologia": "Barrial", "gestion": "Privado", "estado": "Bueno", "parroquia": "RIOBAMBA", "observaciones": ""}, "geometry": {"type": "Point", "coordinates": [-78.684542, -1.637398]}}, {"type": "Feature", "properties": {"id": "70e5f033-5d4d-4332-8682-893513c2e1ae", "nombre": "Casa de retiro hermanas Franciscanas", "tipo": "Religioso", "elemento": "Conventos y monasterios", "tipologia": "Cantonal", "gestion": "Privado", "estado": "Bueno", "parroquia": "RIOBAMBA", "observaciones": ""}, "geometry": {"type": "Point", "coordinates": [-78.684562, -1.637402]}}, {"type": "Feature", "properties": {"id": "2ae629b7-7686-4930-810c-011661b763b3", "nombre": "Fapani", "tipo": "Bienestar Social", "elemento": "CDI", "tipologia": "Zonal", "gestion": "P\u00fablico", "estado": "Bueno", "parroquia": "RIOBAMBA", "observaciones": ""}, "geometry": {"type": "Point", "coordinates": [-78.684558, -1.637354]}}, {"type": "Feature", "properties": {"id": "49fae022-667b-4062-8cdd-73673726ba80", "nombre": "Coop de taxis Santa Anita nor", "tipo": "Transporte", "elemento": "Parada de taxis", "tipologia": "Zonal", "gestion": "P\u00fablico", "estado": "Regular", "parroquia": "RIOBAMBA", "observaciones": ""}, "geometry": {"type": "Point", "coordinates": [-78.686132, -1.635383]}}, {"type": "Feature", "properties": {"id": "a6ab7a58-09d0-445c-8432-3deba6752cbe", "nombre": "Iglesia Santa anita", "tipo": "Religioso", "elemento": "Iglesias hasta 200 puestos", "tipologia": "Barrial", "gestion": "P\u00fablico", "estado": "Bueno", "parroquia": "RIOBAMBA", "observaciones": ""}, "geometry": {"type": "Point", "coordinates": [-78.690076, -1.630589]}}, {"type": "Feature", "properties": {"id": "6ee0b9a2-3ab1-4c8c-8d2b-3f1006bd5083", "nombre": "Sede Urb san Pedro de riobamba", "tipo": "Cultural", "elemento": "Casas comunales o barriales", "tipologia": "Barrial", "gestion": "Privado", "estado": "Bueno", "parroquia": "RIOBAMBA", "observaciones": ""}, "geometry": {"type": "Point", "coordinates": [-78.685481, -1.631339]}}, {"type": "Feature", "properties": {"id": "1802addc-278e-4ce4-80f4-4d7e65a0a882", "nombre": "Sagrado coraz\u00f3n de jesus", "tipo": "Religioso", "elemento": "Iglesias hasta 200 puestos", "tipologia": "Barrial", "gestion": "P\u00fablico", "estado": "Bueno", "parroquia": "RIOBAMBA", "observaciones": "Operativo"}, "geometry": {"type": "Point", "coordinates": [-78.659863, -1.679423]}}, {"type": "Feature", "properties": {"id": "adbff40e-6637-41c5-8471-0567ecfc6633", "nombre": "B\u00f3vedas cementerio general", "tipo": "Servicios Funerarios", "elemento": "Cementerios", "tipologia": "Cantonal", "gestion": "P\u00fablico", "estado": "Bueno", "parroquia": "RIOBAMBA", "observaciones": "En proceso"}, "geometry": {"type": "Point", "coordinates": [-78.659322, -1.67988]}}, {"type": "Feature", "properties": {"id": "9b8f5466-1213-4f21-88ae-ed56493dcfeb", "nombre": "Ministerios biblicos", "tipo": "Religioso", "elemento": "Iglesias hasta 200 puestos", "tipologia": "Barrial", "gestion": "P\u00fablico", "estado": "Bueno", "parroquia": "RIOBAMBA", "observaciones": "Optimo"}, "geometry": {"type": "Point", "coordinates": [-78.662509, -1.681795]}}, {"type": "Feature", "properties": {"id": "50fedd64-97e8-4cc7-80ac-22b57f093e7d", "nombre": "Centro de convenciones la primavera", "tipo": "Religioso", "elemento": "Conventos y monasterios", "tipologia": "Cantonal", "gestion": "P\u00fablico", "estado": "Bueno", "parroquia": "RIOBAMBA", "observaciones": "Operativo"}, "geometry": {"type": "Point", "coordinates": [-78.662509, -1.681795]}}, {"type": "Feature", "properties": {"id": "fb88b081-6599-44f1-8c20-f1712e2a7957", "nombre": "Cnt", "tipo": "Infraestructura", "elemento": "Antenas centrales de transmisi\u00f3n y recepci\u00f3n de telecomunicaciones", "tipologia": "Zonal", "gestion": "P\u00fablico", "estado": "Bueno", "parroquia": "RIOBAMBA", "observaciones": "En buen estado"}, "geometry": {"type": "Point", "coordinates": [-78.663063, -1.682334]}}, {"type": "Feature", "properties": {"id": "216ca475-d08d-4ddd-871c-800f1ad97d2c", "nombre": "Parada de taxis 1era constituyente", "tipo": "Transporte", "elemento": "Parada de taxis", "tipologia": "Zonal", "gestion": "P\u00fablico", "estado": "Bueno", "parroquia": "RIOBAMBA", "observaciones": "En buen estado"}, "geometry": {"type": "Point", "coordinates": [-78.663284, -1.68252]}}, {"type": "Feature", "properties": {"id": "6d12cb2b-54f5-458c-80a2-3d3e8713df34", "nombre": "Paradaise club", "tipo": "Recreativo y Deporte", "elemento": "Piscinas", "tipologia": "Zonal", "gestion": "P\u00fablico", "estado": "Bueno", "parroquia": "RIOBAMBA", "observaciones": "Operativo"}, "geometry": {"type": "Point", "coordinates": [-78.662119, -1.680997]}}, {"type": "Feature", "properties": {"id": "2868b7b1-cbf7-4a5d-8550-df0dc97d6acf", "nombre": "Casa Comunitaria 11 de agosto", "tipo": "Cultural", "elemento": "Casas comunales o barriales", "tipologia": "Barrial", "gestion": "Privado", "estado": "Bueno", "parroquia": "RIOBAMBA", "observaciones": "Casa comunitaria necesita servicios b\u00e1sicos, trabajo de jardiner\u00eda, servicios higi\u00e9nicos."}, "geometry": {"type": "Point", "coordinates": [-78.669466, -1.651778]}}]}